ISO-10303-21;
HEADER;
/* Generated by software containing ST-Developer
 * from STEP Tools, Inc. (www.steptools.com) 
 */
/* OPTION: using custom renumber hook */

FILE_DESCRIPTION(
/* description */ ('STEP AP242 Edition 2',
'CAx-IF Rec.Pracs.---Representation and Presentation of Product Manufa
cturing Information (PMI)---4.0---2014-10-13',
'CAx-IF Rec.Pracs.---3D Tessellated Geometry---0.4---2014-09-14','2;1',
'CAx-IF Rec.Pracs.---User Defined Attributes---1.5---2016-08-15'),
/* implementation_level */ '2;1');

FILE_NAME(
/* name */ 'MAIN - hub (2)',
/* time_stamp */ '2025-12-27T00:10:34Z',
/* author */ (''),
/* organization */ (''),
/* preprocessor_version */ 'ST-DEVELOPER v20',
/* originating_system */ 'ONSHAPE BY PTC INC, 1.208',
/* authorisation */ '  ');

FILE_SCHEMA (('AP242_MANAGED_MODEL_BASED_3D_ENGINEERING_MIM_LF { 1 0 10303 442 3 1 4 }'));
ENDSEC;

DATA;
#10=SHAPE_REPRESENTATION_RELATIONSHIP('','',#1726,#11);
#11=ADVANCED_BREP_SHAPE_REPRESENTATION('',(#1724),#3216);
#12=B_SPLINE_SURFACE_WITH_KNOTS('',3,1,((#3069,#3070),(#3071,#3072),(#3073,
#3074),(#3075,#3076),(#3077,#3078),(#3079,#3080),(#3081,#3082)),
 .SURF_OF_LINEAR_EXTRUSION.,.F.,.F.,.F.,(4,1,1,1,4),(2,2),(2.37395468551243E-15,
0.250000000000003,0.500000000000004,0.750000000000004,1.00000000000001),
(0.,1.),.UNSPECIFIED.);
#13=B_SPLINE_SURFACE_WITH_KNOTS('',3,1,((#3083,#3084),(#3085,#3086),(#3087,
#3088),(#3089,#3090),(#3091,#3092),(#3093,#3094),(#3095,#3096)),
 .SURF_OF_LINEAR_EXTRUSION.,.F.,.F.,.F.,(4,1,1,1,4),(2,2),(-9.72234396780459E-16,
0.250000000000002,0.500000000000004,0.750000000000007,1.00000000000001),
(0.,1.),.UNSPECIFIED.);
#14=B_SPLINE_SURFACE_WITH_KNOTS('',3,1,((#3097,#3098),(#3099,#3100),(#3101,
#3102),(#3103,#3104),(#3105,#3106),(#3107,#3108),(#3109,#3110)),
 .SURF_OF_LINEAR_EXTRUSION.,.F.,.F.,.F.,(4,1,1,1,4),(2,2),(-1.27597156918467E-15,
0.249999999999999,0.499999999999999,0.749999999999999,1.),(0.,1.),
 .UNSPECIFIED.);
#15=B_SPLINE_SURFACE_WITH_KNOTS('',3,1,((#3111,#3112),(#3113,#3114),(#3115,
#3116),(#3117,#3118),(#3119,#3120),(#3121,#3122),(#3123,#3124)),
 .SURF_OF_LINEAR_EXTRUSION.,.F.,.F.,.F.,(4,1,1,1,4),(2,2),(1.34215468258917E-15,
0.250000000000003,0.500000000000004,0.750000000000006,1.00000000000001),
(0.,1.),.UNSPECIFIED.);
#16=B_SPLINE_SURFACE_WITH_KNOTS('',3,1,((#3125,#3126),(#3127,#3128),(#3129,
#3130),(#3131,#3132),(#3133,#3134),(#3135,#3136),(#3137,#3138)),
 .SURF_OF_LINEAR_EXTRUSION.,.F.,.F.,.F.,(4,1,1,1,4),(2,2),(2.31491138081108E-15,
0.250000000000002,0.500000000000002,0.750000000000002,1.),(0.,1.),
 .UNSPECIFIED.);
#17=B_SPLINE_SURFACE_WITH_KNOTS('',3,1,((#3139,#3140),(#3141,#3142),(#3143,
#3144),(#3145,#3146),(#3147,#3148),(#3149,#3150),(#3151,#3152)),
 .SURF_OF_LINEAR_EXTRUSION.,.F.,.F.,.F.,(4,1,1,1,4),(2,2),(3.38637483433515E-16,
0.250000000000001,0.500000000000001,0.750000000000001,1.),(0.,1.),
 .UNSPECIFIED.);
#18=B_SPLINE_SURFACE_WITH_KNOTS('',3,1,((#3153,#3154),(#3155,#3156),(#3157,
#3158),(#3159,#3160),(#3161,#3162),(#3163,#3164),(#3165,#3166)),
 .SURF_OF_LINEAR_EXTRUSION.,.F.,.F.,.F.,(4,1,1,1,4),(2,2),(2.61609027776334E-16,
0.25,0.500000000000001,0.750000000000001,1.),(0.,1.),.UNSPECIFIED.);
#19=B_SPLINE_SURFACE_WITH_KNOTS('',3,1,((#3167,#3168),(#3169,#3170),(#3171,
#3172),(#3173,#3174),(#3175,#3176),(#3177,#3178),(#3179,#3180)),
 .SURF_OF_LINEAR_EXTRUSION.,.F.,.F.,.F.,(4,1,1,1,4),(2,2),(-4.7770510667556E-16,
0.25,0.5,0.75,1.),(0.,1.),.UNSPECIFIED.);
#20=B_SPLINE_SURFACE_WITH_KNOTS('',3,1,((#3181,#3182),(#3183,#3184),(#3185,
#3186),(#3187,#3188),(#3189,#3190),(#3191,#3192),(#3193,#3194)),
 .SURF_OF_LINEAR_EXTRUSION.,.F.,.F.,.F.,(4,1,1,1,4),(2,2),(1.57624526049558E-15,
0.250000000000003,0.500000000000004,0.750000000000005,1.00000000000001),
(0.,1.),.UNSPECIFIED.);
#21=B_SPLINE_SURFACE_WITH_KNOTS('',3,1,((#3195,#3196),(#3197,#3198),(#3199,
#3200),(#3201,#3202),(#3203,#3204),(#3205,#3206),(#3207,#3208)),
 .SURF_OF_LINEAR_EXTRUSION.,.F.,.F.,.F.,(4,1,1,1,4),(2,2),(4.66454362639678E-16,
0.250000000000003,0.500000000000005,0.750000000000007,1.00000000000001),
(0.,1.),.UNSPECIFIED.);
#22=TOROIDAL_SURFACE('',#1846,0.0252100000000006,0.004);
#23=TOROIDAL_SURFACE('',#1847,0.02521,0.004);
#24=TOROIDAL_SURFACE('',#1848,0.02521,0.004);
#25=TOROIDAL_SURFACE('',#1849,0.02521,0.004);
#26=TOROIDAL_SURFACE('',#1850,0.02521,0.004);
#27=TOROIDAL_SURFACE('',#1851,0.02521,0.004);
#28=TOROIDAL_SURFACE('',#1852,0.02521,0.004);
#29=TOROIDAL_SURFACE('',#1853,0.0252099999999995,0.004);
#30=TOROIDAL_SURFACE('',#1854,0.02521,0.004);
#31=TOROIDAL_SURFACE('',#1855,0.0252099999999996,0.004);
#32=TOROIDAL_SURFACE('',#1856,0.0252100000000006,0.004);
#33=TOROIDAL_SURFACE('',#1857,0.02521,0.004);
#34=TOROIDAL_SURFACE('',#1858,0.02521,0.004);
#35=TOROIDAL_SURFACE('',#1859,0.02521,0.004);
#36=TOROIDAL_SURFACE('',#1860,0.02521,0.004);
#37=TOROIDAL_SURFACE('',#1861,0.02521,0.004);
#38=TOROIDAL_SURFACE('',#1862,0.02521,0.004);
#39=TOROIDAL_SURFACE('',#1863,0.0252099999999995,0.004);
#40=TOROIDAL_SURFACE('',#1864,0.02521,0.004);
#41=TOROIDAL_SURFACE('',#1865,0.0252099999999996,0.004);
#42=B_SPLINE_CURVE_WITH_KNOTS('',3,(#2345,#2346,#2347,#2348,#2349),
 .UNSPECIFIED.,.F.,.F.,(4,1,4),(0.,0.00254428697572846,0.00508857395145692),
 .UNSPECIFIED.);
#43=B_SPLINE_CURVE_WITH_KNOTS('',3,(#2353,#2354,#2355,#2356,#2357),
 .UNSPECIFIED.,.F.,.F.,(4,1,4),(0.,0.00254428697572847,0.00508857395145693),
 .UNSPECIFIED.);
#44=B_SPLINE_CURVE_WITH_KNOTS('',3,(#2371,#2372,#2373,#2374,#2375),
 .UNSPECIFIED.,.F.,.F.,(4,1,4),(0.,0.00254428697572846,0.00508857395145692),
 .UNSPECIFIED.);
#45=B_SPLINE_CURVE_WITH_KNOTS('',3,(#2379,#2380,#2381,#2382,#2383),
 .UNSPECIFIED.,.F.,.F.,(4,1,4),(0.,0.00254428697572847,0.00508857395145695),
 .UNSPECIFIED.);
#46=B_SPLINE_CURVE_WITH_KNOTS('',3,(#2397,#2398,#2399,#2400,#2401),
 .UNSPECIFIED.,.F.,.F.,(4,1,4),(0.,0.00254428697572844,0.00508857395145689),
 .UNSPECIFIED.);
#47=B_SPLINE_CURVE_WITH_KNOTS('',3,(#2405,#2406,#2407,#2408,#2409),
 .UNSPECIFIED.,.F.,.F.,(4,1,4),(0.,0.00254428697572847,0.00508857395145694),
 .UNSPECIFIED.);
#48=B_SPLINE_CURVE_WITH_KNOTS('',3,(#2423,#2424,#2425,#2426,#2427),
 .UNSPECIFIED.,.F.,.F.,(4,1,4),(0.,0.00254428697572846,0.00508857395145692),
 .UNSPECIFIED.);
#49=B_SPLINE_CURVE_WITH_KNOTS('',3,(#2431,#2432,#2433,#2434,#2435),
 .UNSPECIFIED.,.F.,.F.,(4,1,4),(0.,0.00254428697572846,0.00508857395145692),
 .UNSPECIFIED.);
#50=B_SPLINE_CURVE_WITH_KNOTS('',3,(#2449,#2450,#2451,#2452,#2453),
 .UNSPECIFIED.,.F.,.F.,(4,1,4),(0.,0.00254428697572844,0.00508857395145689),
 .UNSPECIFIED.);
#51=B_SPLINE_CURVE_WITH_KNOTS('',3,(#2457,#2458,#2459,#2460,#2461),
 .UNSPECIFIED.,.F.,.F.,(4,1,4),(0.,0.00254428697572847,0.00508857395145694),
 .UNSPECIFIED.);
#52=B_SPLINE_CURVE_WITH_KNOTS('',3,(#2500,#2501,#2502,#2503,#2504),
 .UNSPECIFIED.,.F.,.F.,(4,1,4),(0.,0.0025377420309977,0.0050754840619954),
 .UNSPECIFIED.);
#53=B_SPLINE_CURVE_WITH_KNOTS('',3,(#2518,#2519,#2520,#2521,#2522),
 .UNSPECIFIED.,.F.,.F.,(4,1,4),(0.,0.00254223435170709,0.00508446870341419),
 .UNSPECIFIED.);
#54=B_SPLINE_CURVE_WITH_KNOTS('',3,(#2526,#2527,#2528,#2529,#2530),
 .UNSPECIFIED.,.F.,.F.,(4,1,4),(0.,0.00253774203099769,0.00507548406199537),
 .UNSPECIFIED.);
#55=B_SPLINE_CURVE_WITH_KNOTS('',3,(#2544,#2545,#2546,#2547,#2548),
 .UNSPECIFIED.,.F.,.F.,(4,1,4),(0.,0.0025422343517071,0.0050844687034142),
 .UNSPECIFIED.);
#56=B_SPLINE_CURVE_WITH_KNOTS('',3,(#2552,#2553,#2554,#2555,#2556),
 .UNSPECIFIED.,.F.,.F.,(4,1,4),(0.,0.0025377420309977,0.0050754840619954),
 .UNSPECIFIED.);
#57=B_SPLINE_CURVE_WITH_KNOTS('',3,(#2570,#2571,#2572,#2573,#2574),
 .UNSPECIFIED.,.F.,.F.,(4,1,4),(0.,0.00254223435170711,0.00508446870341421),
 .UNSPECIFIED.);
#58=B_SPLINE_CURVE_WITH_KNOTS('',3,(#2578,#2579,#2580,#2581,#2582),
 .UNSPECIFIED.,.F.,.F.,(4,1,4),(0.,0.00253774203099769,0.00507548406199539),
 .UNSPECIFIED.);
#59=B_SPLINE_CURVE_WITH_KNOTS('',3,(#2596,#2597,#2598,#2599,#2600),
 .UNSPECIFIED.,.F.,.F.,(4,1,4),(0.,0.00254223435170711,0.00508446870341421),
 .UNSPECIFIED.);
#60=B_SPLINE_CURVE_WITH_KNOTS('',3,(#2604,#2605,#2606,#2607,#2608),
 .UNSPECIFIED.,.F.,.F.,(4,1,4),(0.,0.00253774203099769,0.00507548406199538),
 .UNSPECIFIED.);
#61=B_SPLINE_CURVE_WITH_KNOTS('',3,(#2622,#2623,#2624,#2625,#2626),
 .UNSPECIFIED.,.F.,.F.,(4,1,4),(0.,0.00254223435170711,0.00508446870341422),
 .UNSPECIFIED.);
#62=B_SPLINE_CURVE_WITH_KNOTS('',3,(#2628,#2629,#2630,#2631),
 .UNSPECIFIED.,.F.,.F.,(4,4),(0.,1.),.UNSPECIFIED.);
#63=B_SPLINE_CURVE_WITH_KNOTS('',3,(#2632,#2633,#2634,#2635,#2636),
 .UNSPECIFIED.,.F.,.F.,(4,1,4),(0.,0.00322313595128327,0.00644627190256655),
 .UNSPECIFIED.);
#64=B_SPLINE_CURVE_WITH_KNOTS('',3,(#2640,#2641,#2642,#2643,#2644),
 .UNSPECIFIED.,.F.,.F.,(4,1,4),(0.,0.00322313647791844,0.00644627295583687),
 .UNSPECIFIED.);
#65=B_SPLINE_CURVE_WITH_KNOTS('',3,(#2652,#2653,#2654,#2655,#2656),
 .UNSPECIFIED.,.F.,.F.,(4,1,4),(0.,0.00331663601408569,0.00663327202817139),
 .UNSPECIFIED.);
#66=B_SPLINE_CURVE_WITH_KNOTS('',3,(#2658,#2659,#2660,#2661,#2662),
 .UNSPECIFIED.,.F.,.F.,(4,1,4),(0.,0.00331636986240265,0.0066327397248053),
 .UNSPECIFIED.);
#67=B_SPLINE_CURVE_WITH_KNOTS('',3,(#2664,#2665,#2666,#2667,#2668),
 .UNSPECIFIED.,.F.,.F.,(4,1,4),(0.,0.00331636986240257,0.00663273972480515),
 .UNSPECIFIED.);
#68=B_SPLINE_CURVE_WITH_KNOTS('',3,(#2672,#2673,#2674,#2675,#2676),
 .UNSPECIFIED.,.F.,.F.,(4,1,4),(0.,0.00331663601408578,0.00663327202817156),
 .UNSPECIFIED.);
#69=B_SPLINE_CURVE_WITH_KNOTS('',3,(#2684,#2685,#2686,#2687),
 .UNSPECIFIED.,.F.,.F.,(4,4),(0.,1.),.UNSPECIFIED.);
#70=B_SPLINE_CURVE_WITH_KNOTS('',3,(#2688,#2689,#2690,#2691,#2692),
 .UNSPECIFIED.,.F.,.F.,(4,1,4),(0.,0.00322313595128318,0.00644627190256636),
 .UNSPECIFIED.);
#71=B_SPLINE_CURVE_WITH_KNOTS('',3,(#2693,#2694,#2695,#2696,#2697),
 .UNSPECIFIED.,.F.,.F.,(4,1,4),(0.,0.00322313647791847,0.00644627295583695),
 .UNSPECIFIED.);
#72=B_SPLINE_CURVE_WITH_KNOTS('',3,(#2699,#2700,#2701,#2702),
 .UNSPECIFIED.,.F.,.F.,(4,4),(0.,1.),.UNSPECIFIED.);
#73=B_SPLINE_CURVE_WITH_KNOTS('',3,(#2703,#2704,#2705,#2706,#2707),
 .UNSPECIFIED.,.F.,.F.,(4,1,4),(0.,0.00322313595128322,0.00644627190256643),
 .UNSPECIFIED.);
#74=B_SPLINE_CURVE_WITH_KNOTS('',3,(#2711,#2712,#2713,#2714,#2715),
 .UNSPECIFIED.,.F.,.F.,(4,1,4),(0.,0.00322313647791845,0.00644627295583689),
 .UNSPECIFIED.);
#75=B_SPLINE_CURVE_WITH_KNOTS('',3,(#2723,#2724,#2725,#2726,#2727),
 .UNSPECIFIED.,.F.,.F.,(4,1,4),(0.,0.00331663601408576,0.00663327202817152),
 .UNSPECIFIED.);
#76=B_SPLINE_CURVE_WITH_KNOTS('',3,(#2729,#2730,#2731,#2732,#2733),
 .UNSPECIFIED.,.F.,.F.,(4,1,4),(3.97475081924031E-18,0.00331636986240262,
0.00663273972480523),.UNSPECIFIED.);
#77=B_SPLINE_CURVE_WITH_KNOTS('',3,(#2735,#2736,#2737,#2738,#2739),
 .UNSPECIFIED.,.F.,.F.,(4,1,4),(0.,0.00331636986240251,0.00663273972480501),
 .UNSPECIFIED.);
#78=B_SPLINE_CURVE_WITH_KNOTS('',3,(#2743,#2744,#2745,#2746,#2747),
 .UNSPECIFIED.,.F.,.F.,(4,1,4),(1.02999206386123E-18,0.00331663601408586,
0.00663327202817171),.UNSPECIFIED.);
#79=B_SPLINE_CURVE_WITH_KNOTS('',3,(#2755,#2756,#2757,#2758),
 .UNSPECIFIED.,.F.,.F.,(4,4),(0.,1.),.UNSPECIFIED.);
#80=B_SPLINE_CURVE_WITH_KNOTS('',3,(#2759,#2760,#2761,#2762,#2763),
 .UNSPECIFIED.,.F.,.F.,(4,1,4),(0.,0.0032231359512831,0.0064462719025662),
 .UNSPECIFIED.);
#81=B_SPLINE_CURVE_WITH_KNOTS('',3,(#2764,#2765,#2766,#2767,#2768),
 .UNSPECIFIED.,.F.,.F.,(4,1,4),(0.,0.00322313647791854,0.00644627295583707),
 .UNSPECIFIED.);
#82=B_SPLINE_CURVE_WITH_KNOTS('',3,(#2770,#2771,#2772,#2773),
 .UNSPECIFIED.,.F.,.F.,(4,4),(0.,1.),.UNSPECIFIED.);
#83=B_SPLINE_CURVE_WITH_KNOTS('',3,(#2774,#2775,#2776,#2777,#2778),
 .UNSPECIFIED.,.F.,.F.,(4,1,4),(0.,0.00322313595128317,0.00644627190256634),
 .UNSPECIFIED.);
#84=B_SPLINE_CURVE_WITH_KNOTS('',3,(#2782,#2783,#2784,#2785,#2786),
 .UNSPECIFIED.,.F.,.F.,(4,1,4),(0.,0.0032231364779185,0.00644627295583699),
 .UNSPECIFIED.);
#85=B_SPLINE_CURVE_WITH_KNOTS('',3,(#2794,#2795,#2796,#2797,#2798),
 .UNSPECIFIED.,.F.,.F.,(4,1,4),(0.,0.00331663601408579,0.00663327202817158),
 .UNSPECIFIED.);
#86=B_SPLINE_CURVE_WITH_KNOTS('',3,(#2800,#2801,#2802,#2803,#2804),
 .UNSPECIFIED.,.F.,.F.,(4,1,4),(0.,0.00331636986240255,0.00663273972480511),
 .UNSPECIFIED.);
#87=B_SPLINE_CURVE_WITH_KNOTS('',3,(#2806,#2807,#2808,#2809,#2810),
 .UNSPECIFIED.,.F.,.F.,(4,1,4),(0.,0.00331636986240255,0.00663273972480511),
 .UNSPECIFIED.);
#88=B_SPLINE_CURVE_WITH_KNOTS('',3,(#2814,#2815,#2816,#2817,#2818),
 .UNSPECIFIED.,.F.,.F.,(4,1,4),(0.,0.00331663601408578,0.00663327202817156),
 .UNSPECIFIED.);
#89=B_SPLINE_CURVE_WITH_KNOTS('',3,(#2826,#2827,#2828,#2829),
 .UNSPECIFIED.,.F.,.F.,(4,4),(0.,1.),.UNSPECIFIED.);
#90=B_SPLINE_CURVE_WITH_KNOTS('',3,(#2830,#2831,#2832,#2833,#2834),
 .UNSPECIFIED.,.F.,.F.,(4,1,4),(0.,0.00322313595128317,0.00644627190256635),
 .UNSPECIFIED.);
#91=B_SPLINE_CURVE_WITH_KNOTS('',3,(#2835,#2836,#2837,#2838,#2839),
 .UNSPECIFIED.,.F.,.F.,(4,1,4),(0.,0.0032231364779185,0.00644627295583699),
 .UNSPECIFIED.);
#92=B_SPLINE_CURVE_WITH_KNOTS('',3,(#2841,#2842,#2843,#2844),
 .UNSPECIFIED.,.F.,.F.,(4,4),(0.,1.),.UNSPECIFIED.);
#93=B_SPLINE_CURVE_WITH_KNOTS('',3,(#2845,#2846,#2847,#2848,#2849),
 .UNSPECIFIED.,.F.,.F.,(4,1,4),(0.,0.00322313595128317,0.00644627190256634),
 .UNSPECIFIED.);
#94=B_SPLINE_CURVE_WITH_KNOTS('',3,(#2853,#2854,#2855,#2856,#2857),
 .UNSPECIFIED.,.F.,.F.,(4,1,4),(0.,0.0032231364779185,0.006446272955837),
 .UNSPECIFIED.);
#95=B_SPLINE_CURVE_WITH_KNOTS('',3,(#2865,#2866,#2867,#2868,#2869),
 .UNSPECIFIED.,.F.,.F.,(4,1,4),(0.,0.00331663601408578,0.00663327202817155),
 .UNSPECIFIED.);
#96=B_SPLINE_CURVE_WITH_KNOTS('',3,(#2871,#2872,#2873,#2874,#2875),
 .UNSPECIFIED.,.F.,.F.,(4,1,4),(0.,0.00331636986240255,0.0066327397248051),
 .UNSPECIFIED.);
#97=B_SPLINE_CURVE_WITH_KNOTS('',3,(#2879,#2880,#2881,#2882,#2883),
 .UNSPECIFIED.,.F.,.F.,(4,1,4),(0.,0.00331636986240246,0.00663273972480492),
 .UNSPECIFIED.);
#98=B_SPLINE_CURVE_WITH_KNOTS('',3,(#2887,#2888,#2889,#2890,#2891),
 .UNSPECIFIED.,.F.,.F.,(4,1,4),(0.,0.00331663601408587,0.00663327202817173),
 .UNSPECIFIED.);
#99=B_SPLINE_CURVE_WITH_KNOTS('',3,(#2901,#2902,#2903,#2904),
 .UNSPECIFIED.,.F.,.F.,(4,4),(0.,1.),.UNSPECIFIED.);
#100=B_SPLINE_CURVE_WITH_KNOTS('',3,(#2905,#2906,#2907,#2908,#2909),
 .UNSPECIFIED.,.F.,.F.,(4,1,4),(0.,0.00322313595128307,0.00644627190256614),
 .UNSPECIFIED.);
#101=B_SPLINE_CURVE_WITH_KNOTS('',3,(#2910,#2911,#2912,#2913,#2914),
 .UNSPECIFIED.,.F.,.F.,(4,1,4),(0.,0.00322313647791855,0.00644627295583711),
 .UNSPECIFIED.);
#102=B_SPLINE_CURVE_WITH_KNOTS('',3,(#2918,#2919,#2920,#2921),
 .UNSPECIFIED.,.F.,.F.,(4,4),(0.,1.),.UNSPECIFIED.);
#103=B_SPLINE_CURVE_WITH_KNOTS('',3,(#2922,#2923,#2924,#2925,#2926),
 .UNSPECIFIED.,.F.,.F.,(4,1,4),(0.,0.00322313595128316,0.00644627190256633),
 .UNSPECIFIED.);
#104=B_SPLINE_CURVE_WITH_KNOTS('',3,(#2930,#2931,#2932,#2933,#2934),
 .UNSPECIFIED.,.F.,.F.,(4,1,4),(0.,0.00322313647791848,0.00644627295583696),
 .UNSPECIFIED.);
#105=B_SPLINE_CURVE_WITH_KNOTS('',3,(#2944,#2945,#2946,#2947,#2948),
 .UNSPECIFIED.,.F.,.F.,(4,1,4),(0.,0.00331663601408579,0.00663327202817159),
 .UNSPECIFIED.);
#106=B_SPLINE_CURVE_WITH_KNOTS('',3,(#2950,#2951,#2952,#2953,#2954),
 .UNSPECIFIED.,.F.,.F.,(4,1,4),(0.,0.00331636986240257,0.00663273972480514),
 .UNSPECIFIED.);
#107=B_SPLINE_CURVE_WITH_KNOTS('',3,(#2956,#2957,#2958,#2959,#2960),
 .UNSPECIFIED.,.F.,.F.,(4,1,4),(0.,0.00331636986240251,0.00663273972480501),
 .UNSPECIFIED.);
#108=B_SPLINE_CURVE_WITH_KNOTS('',3,(#2964,#2965,#2966,#2967,#2968),
 .UNSPECIFIED.,.F.,.F.,(4,1,4),(0.,0.00331663601408585,0.00663327202817171),
 .UNSPECIFIED.);
#109=B_SPLINE_CURVE_WITH_KNOTS('',3,(#2988,#2989,#2990,#2991),
 .UNSPECIFIED.,.F.,.F.,(4,4),(0.,1.),.UNSPECIFIED.);
#110=B_SPLINE_CURVE_WITH_KNOTS('',3,(#2992,#2993,#2994,#2995,#2996),
 .UNSPECIFIED.,.F.,.F.,(4,1,4),(0.,0.00322313595128311,0.00644627190256622),
 .UNSPECIFIED.);
#111=B_SPLINE_CURVE_WITH_KNOTS('',3,(#2997,#2998,#2999,#3000,#3001),
 .UNSPECIFIED.,.F.,.F.,(4,1,4),(0.,0.00322313647791856,0.00644627295583711),
 .UNSPECIFIED.);
#112=B_SPLINE_CURVE_WITH_KNOTS('',3,(#3023,#3024,#3025,#3026),
 .UNSPECIFIED.,.F.,.F.,(4,4),(0.,1.),.UNSPECIFIED.);
#113=B_SPLINE_CURVE_WITH_KNOTS('',3,(#3027,#3028,#3029,#3030),
 .UNSPECIFIED.,.F.,.F.,(4,4),(0.,1.),.UNSPECIFIED.);
#114=B_SPLINE_CURVE_WITH_KNOTS('',3,(#3032,#3033,#3034,#3035),
 .UNSPECIFIED.,.F.,.F.,(4,4),(0.,1.),.UNSPECIFIED.);
#115=B_SPLINE_CURVE_WITH_KNOTS('',3,(#3036,#3037,#3038,#3039),
 .UNSPECIFIED.,.F.,.F.,(4,4),(0.,1.),.UNSPECIFIED.);
#116=B_SPLINE_CURVE_WITH_KNOTS('',3,(#3041,#3042,#3043,#3044),
 .UNSPECIFIED.,.F.,.F.,(4,4),(0.,1.),.UNSPECIFIED.);
#117=B_SPLINE_CURVE_WITH_KNOTS('',3,(#3045,#3046,#3047,#3048),
 .UNSPECIFIED.,.F.,.F.,(4,4),(0.,1.),.UNSPECIFIED.);
#118=B_SPLINE_CURVE_WITH_KNOTS('',3,(#3050,#3051,#3052,#3053),
 .UNSPECIFIED.,.F.,.F.,(4,4),(0.,1.),.UNSPECIFIED.);
#119=B_SPLINE_CURVE_WITH_KNOTS('',3,(#3054,#3055,#3056,#3057),
 .UNSPECIFIED.,.F.,.F.,(4,4),(0.,1.),.UNSPECIFIED.);
#120=B_SPLINE_CURVE_WITH_KNOTS('',3,(#3059,#3060,#3061,#3062),
 .UNSPECIFIED.,.F.,.F.,(4,4),(0.,1.),.UNSPECIFIED.);
#121=B_SPLINE_CURVE_WITH_KNOTS('',3,(#3063,#3064,#3065,#3066),
 .UNSPECIFIED.,.F.,.F.,(4,4),(0.,1.),.UNSPECIFIED.);
#122=LINE('',#2330,#215);
#123=LINE('',#2333,#216);
#124=LINE('',#2335,#217);
#125=LINE('',#2337,#218);
#126=LINE('',#2339,#219);
#127=LINE('',#2341,#220);
#128=LINE('',#2342,#221);
#129=LINE('',#2351,#222);
#130=LINE('',#2359,#223);
#131=LINE('',#2363,#224);
#132=LINE('',#2365,#225);
#133=LINE('',#2369,#226);
#134=LINE('',#2377,#227);
#135=LINE('',#2385,#228);
#136=LINE('',#2389,#229);
#137=LINE('',#2391,#230);
#138=LINE('',#2395,#231);
#139=LINE('',#2403,#232);
#140=LINE('',#2411,#233);
#141=LINE('',#2415,#234);
#142=LINE('',#2417,#235);
#143=LINE('',#2421,#236);
#144=LINE('',#2429,#237);
#145=LINE('',#2437,#238);
#146=LINE('',#2441,#239);
#147=LINE('',#2443,#240);
#148=LINE('',#2447,#241);
#149=LINE('',#2455,#242);
#150=LINE('',#2463,#243);
#151=LINE('',#2467,#244);
#152=LINE('',#2469,#245);
#153=LINE('',#2485,#246);
#154=LINE('',#2488,#247);
#155=LINE('',#2490,#248);
#156=LINE('',#2492,#249);
#157=LINE('',#2494,#250);
#158=LINE('',#2496,#251);
#159=LINE('',#2497,#252);
#160=LINE('',#2506,#253);
#161=LINE('',#2510,#254);
#162=LINE('',#2512,#255);
#163=LINE('',#2516,#256);
#164=LINE('',#2524,#257);
#165=LINE('',#2532,#258);
#166=LINE('',#2536,#259);
#167=LINE('',#2538,#260);
#168=LINE('',#2542,#261);
#169=LINE('',#2550,#262);
#170=LINE('',#2558,#263);
#171=LINE('',#2562,#264);
#172=LINE('',#2564,#265);
#173=LINE('',#2568,#266);
#174=LINE('',#2576,#267);
#175=LINE('',#2584,#268);
#176=LINE('',#2588,#269);
#177=LINE('',#2590,#270);
#178=LINE('',#2594,#271);
#179=LINE('',#2602,#272);
#180=LINE('',#2610,#273);
#181=LINE('',#2614,#274);
#182=LINE('',#2616,#275);
#183=LINE('',#2620,#276);
#184=LINE('',#2638,#277);
#185=LINE('',#2648,#278);
#186=LINE('',#2657,#279);
#187=LINE('',#2670,#280);
#188=LINE('',#2680,#281);
#189=LINE('',#2709,#282);
#190=LINE('',#2719,#283);
#191=LINE('',#2728,#284);
#192=LINE('',#2741,#285);
#193=LINE('',#2751,#286);
#194=LINE('',#2780,#287);
#195=LINE('',#2790,#288);
#196=LINE('',#2799,#289);
#197=LINE('',#2812,#290);
#198=LINE('',#2822,#291);
#199=LINE('',#2851,#292);
#200=LINE('',#2861,#293);
#201=LINE('',#2870,#294);
#202=LINE('',#2885,#295);
#203=LINE('',#2895,#296);
#204=LINE('',#2928,#297);
#205=LINE('',#2938,#298);
#206=LINE('',#2949,#299);
#207=LINE('',#2962,#300);
#208=LINE('',#2972,#301);
#209=LINE('',#2976,#302);
#210=LINE('',#2977,#303);
#211=LINE('',#2979,#304);
#212=LINE('',#2981,#305);
#213=LINE('',#2983,#306);
#214=LINE('',#2985,#307);
#215=VECTOR('',#1943,1.);
#216=VECTOR('',#1944,1.);
#217=VECTOR('',#1945,1.);
#218=VECTOR('',#1946,1.);
#219=VECTOR('',#1947,1.);
#220=VECTOR('',#1948,1.);
#221=VECTOR('',#1949,1.);
#222=VECTOR('',#1950,1.);
#223=VECTOR('',#1951,1.);
#224=VECTOR('',#1954,1.);
#225=VECTOR('',#1955,1.);
#226=VECTOR('',#1958,1.);
#227=VECTOR('',#1959,1.);
#228=VECTOR('',#1960,1.);
#229=VECTOR('',#1963,1.);
#230=VECTOR('',#1964,1.);
#231=VECTOR('',#1967,1.);
#232=VECTOR('',#1968,1.);
#233=VECTOR('',#1969,1.);
#234=VECTOR('',#1972,1.);
#235=VECTOR('',#1973,1.);
#236=VECTOR('',#1976,1.);
#237=VECTOR('',#1977,1.);
#238=VECTOR('',#1978,1.);
#239=VECTOR('',#1981,1.);
#240=VECTOR('',#1982,1.);
#241=VECTOR('',#1985,1.);
#242=VECTOR('',#1986,1.);
#243=VECTOR('',#1987,1.);
#244=VECTOR('',#1990,1.);
#245=VECTOR('',#1991,1.);
#246=VECTOR('',#2008,1.);
#247=VECTOR('',#2009,1.);
#248=VECTOR('',#2010,1.);
#249=VECTOR('',#2011,1.);
#250=VECTOR('',#2012,1.);
#251=VECTOR('',#2013,1.);
#252=VECTOR('',#2014,1.);
#253=VECTOR('',#2015,1.);
#254=VECTOR('',#2018,1.);
#255=VECTOR('',#2019,1.);
#256=VECTOR('',#2022,1.);
#257=VECTOR('',#2023,1.);
#258=VECTOR('',#2024,1.);
#259=VECTOR('',#2027,1.);
#260=VECTOR('',#2028,1.);
#261=VECTOR('',#2031,1.);
#262=VECTOR('',#2032,1.);
#263=VECTOR('',#2033,1.);
#264=VECTOR('',#2036,1.);
#265=VECTOR('',#2037,1.);
#266=VECTOR('',#2040,1.);
#267=VECTOR('',#2041,1.);
#268=VECTOR('',#2042,1.);
#269=VECTOR('',#2045,1.);
#270=VECTOR('',#2046,1.);
#271=VECTOR('',#2049,1.);
#272=VECTOR('',#2050,1.);
#273=VECTOR('',#2051,1.);
#274=VECTOR('',#2054,1.);
#275=VECTOR('',#2055,1.);
#276=VECTOR('',#2058,1.);
#277=VECTOR('',#2061,1.);
#278=VECTOR('',#2066,1.);
#279=VECTOR('',#2071,1.);
#280=VECTOR('',#2074,1.);
#281=VECTOR('',#2079,1.);
#282=VECTOR('',#2086,1.);
#283=VECTOR('',#2091,1.);
#284=VECTOR('',#2096,1.);
#285=VECTOR('',#2099,1.);
#286=VECTOR('',#2104,1.);
#287=VECTOR('',#2111,1.);
#288=VECTOR('',#2116,1.);
#289=VECTOR('',#2121,1.);
#290=VECTOR('',#2124,1.);
#291=VECTOR('',#2129,1.);
#292=VECTOR('',#2136,1.);
#293=VECTOR('',#2141,1.);
#294=VECTOR('',#2146,1.);
#295=VECTOR('',#2151,1.);
#296=VECTOR('',#2156,1.);
#297=VECTOR('',#2167,1.);
#298=VECTOR('',#2172,1.);
#299=VECTOR('',#2179,1.);
#300=VECTOR('',#2182,1.);
#301=VECTOR('',#2187,1.);
#302=VECTOR('',#2192,1.);
#303=VECTOR('',#2193,1.);
#304=VECTOR('',#2196,1.);
#305=VECTOR('',#2199,1.);
#306=VECTOR('',#2202,1.);
#307=VECTOR('',#2205,1.);
#308=PLANE('',#1752);
#309=PLANE('',#1769);
#310=PLANE('',#1786);
#311=PLANE('',#1790);
#312=PLANE('',#1791);
#313=PLANE('',#1795);
#314=PLANE('',#1796);
#315=PLANE('',#1800);
#316=PLANE('',#1801);
#317=PLANE('',#1805);
#318=PLANE('',#1806);
#319=PLANE('',#1810);
#320=PLANE('',#1811);
#321=PLANE('',#1815);
#322=PLANE('',#1816);
#323=PLANE('',#1820);
#324=PLANE('',#1821);
#325=PLANE('',#1826);
#326=PLANE('',#1828);
#327=PLANE('',#1833);
#328=PLANE('',#1835);
#329=PLANE('',#1839);
#330=PLANE('',#1840);
#331=PLANE('',#1841);
#332=PLANE('',#1842);
#333=PLANE('',#1843);
#334=PLANE('',#1844);
#335=PLANE('',#1845);
#336=PLANE('',#1866);
#337=PLANE('',#1867);
#338=PLANE('',#1868);
#339=PLANE('',#1869);
#340=PLANE('',#1870);
#341=ORIENTED_EDGE('',*,*,#831,.T.);
#342=ORIENTED_EDGE('',*,*,#832,.F.);
#343=ORIENTED_EDGE('',*,*,#833,.T.);
#344=ORIENTED_EDGE('',*,*,#834,.T.);
#345=ORIENTED_EDGE('',*,*,#835,.T.);
#346=ORIENTED_EDGE('',*,*,#836,.F.);
#347=ORIENTED_EDGE('',*,*,#837,.T.);
#348=ORIENTED_EDGE('',*,*,#838,.T.);
#349=ORIENTED_EDGE('',*,*,#839,.T.);
#350=ORIENTED_EDGE('',*,*,#840,.F.);
#351=ORIENTED_EDGE('',*,*,#841,.T.);
#352=ORIENTED_EDGE('',*,*,#842,.T.);
#353=ORIENTED_EDGE('',*,*,#843,.T.);
#354=ORIENTED_EDGE('',*,*,#844,.F.);
#355=ORIENTED_EDGE('',*,*,#845,.T.);
#356=ORIENTED_EDGE('',*,*,#846,.T.);
#357=ORIENTED_EDGE('',*,*,#847,.F.);
#358=ORIENTED_EDGE('',*,*,#848,.F.);
#359=ORIENTED_EDGE('',*,*,#849,.F.);
#360=ORIENTED_EDGE('',*,*,#850,.F.);
#361=ORIENTED_EDGE('',*,*,#851,.F.);
#362=ORIENTED_EDGE('',*,*,#852,.F.);
#363=ORIENTED_EDGE('',*,*,#853,.F.);
#364=ORIENTED_EDGE('',*,*,#854,.F.);
#365=ORIENTED_EDGE('',*,*,#855,.F.);
#366=ORIENTED_EDGE('',*,*,#856,.F.);
#367=ORIENTED_EDGE('',*,*,#857,.F.);
#368=ORIENTED_EDGE('',*,*,#858,.F.);
#369=ORIENTED_EDGE('',*,*,#859,.F.);
#370=ORIENTED_EDGE('',*,*,#860,.T.);
#371=ORIENTED_EDGE('',*,*,#861,.T.);
#372=ORIENTED_EDGE('',*,*,#862,.T.);
#373=ORIENTED_EDGE('',*,*,#863,.T.);
#374=ORIENTED_EDGE('',*,*,#864,.T.);
#375=ORIENTED_EDGE('',*,*,#865,.T.);
#376=ORIENTED_EDGE('',*,*,#866,.T.);
#377=ORIENTED_EDGE('',*,*,#867,.T.);
#378=ORIENTED_EDGE('',*,*,#868,.F.);
#379=ORIENTED_EDGE('',*,*,#869,.T.);
#380=ORIENTED_EDGE('',*,*,#870,.T.);
#381=ORIENTED_EDGE('',*,*,#871,.T.);
#382=ORIENTED_EDGE('',*,*,#872,.T.);
#383=ORIENTED_EDGE('',*,*,#873,.T.);
#384=ORIENTED_EDGE('',*,*,#874,.T.);
#385=ORIENTED_EDGE('',*,*,#875,.T.);
#386=ORIENTED_EDGE('',*,*,#876,.T.);
#387=ORIENTED_EDGE('',*,*,#877,.F.);
#388=ORIENTED_EDGE('',*,*,#878,.T.);
#389=ORIENTED_EDGE('',*,*,#879,.T.);
#390=ORIENTED_EDGE('',*,*,#880,.T.);
#391=ORIENTED_EDGE('',*,*,#881,.T.);
#392=ORIENTED_EDGE('',*,*,#882,.T.);
#393=ORIENTED_EDGE('',*,*,#883,.T.);
#394=ORIENTED_EDGE('',*,*,#884,.T.);
#395=ORIENTED_EDGE('',*,*,#885,.T.);
#396=ORIENTED_EDGE('',*,*,#886,.F.);
#397=ORIENTED_EDGE('',*,*,#887,.T.);
#398=ORIENTED_EDGE('',*,*,#888,.T.);
#399=ORIENTED_EDGE('',*,*,#889,.T.);
#400=ORIENTED_EDGE('',*,*,#890,.T.);
#401=ORIENTED_EDGE('',*,*,#891,.T.);
#402=ORIENTED_EDGE('',*,*,#892,.T.);
#403=ORIENTED_EDGE('',*,*,#893,.T.);
#404=ORIENTED_EDGE('',*,*,#894,.T.);
#405=ORIENTED_EDGE('',*,*,#895,.F.);
#406=ORIENTED_EDGE('',*,*,#896,.T.);
#407=ORIENTED_EDGE('',*,*,#897,.T.);
#408=ORIENTED_EDGE('',*,*,#898,.T.);
#409=ORIENTED_EDGE('',*,*,#899,.T.);
#410=ORIENTED_EDGE('',*,*,#900,.T.);
#411=ORIENTED_EDGE('',*,*,#901,.T.);
#412=ORIENTED_EDGE('',*,*,#902,.T.);
#413=ORIENTED_EDGE('',*,*,#903,.T.);
#414=ORIENTED_EDGE('',*,*,#904,.T.);
#415=ORIENTED_EDGE('',*,*,#905,.T.);
#416=ORIENTED_EDGE('',*,*,#906,.T.);
#417=ORIENTED_EDGE('',*,*,#907,.T.);
#418=ORIENTED_EDGE('',*,*,#908,.T.);
#419=ORIENTED_EDGE('',*,*,#909,.T.);
#420=ORIENTED_EDGE('',*,*,#910,.T.);
#421=ORIENTED_EDGE('',*,*,#911,.T.);
#422=ORIENTED_EDGE('',*,*,#912,.T.);
#423=ORIENTED_EDGE('',*,*,#913,.T.);
#424=ORIENTED_EDGE('',*,*,#914,.T.);
#425=ORIENTED_EDGE('',*,*,#915,.T.);
#426=ORIENTED_EDGE('',*,*,#916,.F.);
#427=ORIENTED_EDGE('',*,*,#917,.T.);
#428=ORIENTED_EDGE('',*,*,#918,.T.);
#429=ORIENTED_EDGE('',*,*,#919,.T.);
#430=ORIENTED_EDGE('',*,*,#920,.F.);
#431=ORIENTED_EDGE('',*,*,#921,.F.);
#432=ORIENTED_EDGE('',*,*,#922,.T.);
#433=ORIENTED_EDGE('',*,*,#923,.F.);
#434=ORIENTED_EDGE('',*,*,#924,.T.);
#435=ORIENTED_EDGE('',*,*,#925,.F.);
#436=ORIENTED_EDGE('',*,*,#926,.T.);
#437=ORIENTED_EDGE('',*,*,#927,.T.);
#438=ORIENTED_EDGE('',*,*,#928,.T.);
#439=ORIENTED_EDGE('',*,*,#929,.F.);
#440=ORIENTED_EDGE('',*,*,#930,.F.);
#441=ORIENTED_EDGE('',*,*,#931,.T.);
#442=ORIENTED_EDGE('',*,*,#932,.F.);
#443=ORIENTED_EDGE('',*,*,#933,.T.);
#444=ORIENTED_EDGE('',*,*,#934,.F.);
#445=ORIENTED_EDGE('',*,*,#935,.T.);
#446=ORIENTED_EDGE('',*,*,#936,.T.);
#447=ORIENTED_EDGE('',*,*,#937,.T.);
#448=ORIENTED_EDGE('',*,*,#938,.F.);
#449=ORIENTED_EDGE('',*,*,#939,.F.);
#450=ORIENTED_EDGE('',*,*,#940,.T.);
#451=ORIENTED_EDGE('',*,*,#941,.F.);
#452=ORIENTED_EDGE('',*,*,#942,.T.);
#453=ORIENTED_EDGE('',*,*,#943,.F.);
#454=ORIENTED_EDGE('',*,*,#944,.T.);
#455=ORIENTED_EDGE('',*,*,#945,.T.);
#456=ORIENTED_EDGE('',*,*,#946,.T.);
#457=ORIENTED_EDGE('',*,*,#947,.F.);
#458=ORIENTED_EDGE('',*,*,#948,.F.);
#459=ORIENTED_EDGE('',*,*,#949,.T.);
#460=ORIENTED_EDGE('',*,*,#950,.F.);
#461=ORIENTED_EDGE('',*,*,#951,.T.);
#462=ORIENTED_EDGE('',*,*,#952,.F.);
#463=ORIENTED_EDGE('',*,*,#953,.T.);
#464=ORIENTED_EDGE('',*,*,#954,.T.);
#465=ORIENTED_EDGE('',*,*,#955,.T.);
#466=ORIENTED_EDGE('',*,*,#956,.F.);
#467=ORIENTED_EDGE('',*,*,#957,.F.);
#468=ORIENTED_EDGE('',*,*,#958,.T.);
#469=ORIENTED_EDGE('',*,*,#959,.F.);
#470=ORIENTED_EDGE('',*,*,#960,.T.);
#471=ORIENTED_EDGE('',*,*,#832,.T.);
#472=ORIENTED_EDGE('',*,*,#872,.F.);
#473=ORIENTED_EDGE('',*,*,#961,.T.);
#474=ORIENTED_EDGE('',*,*,#950,.T.);
#475=ORIENTED_EDGE('',*,*,#962,.T.);
#476=ORIENTED_EDGE('',*,*,#963,.F.);
#477=ORIENTED_EDGE('',*,*,#964,.T.);
#478=ORIENTED_EDGE('',*,*,#963,.T.);
#479=ORIENTED_EDGE('',*,*,#965,.T.);
#480=ORIENTED_EDGE('',*,*,#966,.F.);
#481=ORIENTED_EDGE('',*,*,#967,.T.);
#482=ORIENTED_EDGE('',*,*,#831,.F.);
#483=ORIENTED_EDGE('',*,*,#966,.T.);
#484=ORIENTED_EDGE('',*,*,#968,.T.);
#485=ORIENTED_EDGE('',*,*,#948,.T.);
#486=ORIENTED_EDGE('',*,*,#969,.F.);
#487=ORIENTED_EDGE('',*,*,#874,.F.);
#488=ORIENTED_EDGE('',*,*,#970,.T.);
#489=ORIENTED_EDGE('',*,*,#838,.F.);
#490=ORIENTED_EDGE('',*,*,#947,.T.);
#491=ORIENTED_EDGE('',*,*,#971,.T.);
#492=ORIENTED_EDGE('',*,*,#972,.F.);
#493=ORIENTED_EDGE('',*,*,#973,.T.);
#494=ORIENTED_EDGE('',*,*,#875,.F.);
#495=ORIENTED_EDGE('',*,*,#969,.T.);
#496=ORIENTED_EDGE('',*,*,#972,.T.);
#497=ORIENTED_EDGE('',*,*,#974,.T.);
#498=ORIENTED_EDGE('',*,*,#975,.F.);
#499=ORIENTED_EDGE('',*,*,#976,.T.);
#500=ORIENTED_EDGE('',*,*,#837,.F.);
#501=ORIENTED_EDGE('',*,*,#945,.F.);
#502=ORIENTED_EDGE('',*,*,#977,.T.);
#503=ORIENTED_EDGE('',*,*,#877,.T.);
#504=ORIENTED_EDGE('',*,*,#978,.T.);
#505=ORIENTED_EDGE('',*,*,#975,.T.);
#506=ORIENTED_EDGE('',*,*,#979,.T.);
#507=ORIENTED_EDGE('',*,*,#836,.T.);
#508=ORIENTED_EDGE('',*,*,#881,.F.);
#509=ORIENTED_EDGE('',*,*,#980,.T.);
#510=ORIENTED_EDGE('',*,*,#941,.T.);
#511=ORIENTED_EDGE('',*,*,#981,.T.);
#512=ORIENTED_EDGE('',*,*,#982,.F.);
#513=ORIENTED_EDGE('',*,*,#983,.T.);
#514=ORIENTED_EDGE('',*,*,#982,.T.);
#515=ORIENTED_EDGE('',*,*,#984,.T.);
#516=ORIENTED_EDGE('',*,*,#985,.F.);
#517=ORIENTED_EDGE('',*,*,#986,.T.);
#518=ORIENTED_EDGE('',*,*,#835,.F.);
#519=ORIENTED_EDGE('',*,*,#985,.T.);
#520=ORIENTED_EDGE('',*,*,#987,.T.);
#521=ORIENTED_EDGE('',*,*,#939,.T.);
#522=ORIENTED_EDGE('',*,*,#988,.F.);
#523=ORIENTED_EDGE('',*,*,#883,.F.);
#524=ORIENTED_EDGE('',*,*,#989,.T.);
#525=ORIENTED_EDGE('',*,*,#842,.F.);
#526=ORIENTED_EDGE('',*,*,#938,.T.);
#527=ORIENTED_EDGE('',*,*,#990,.T.);
#528=ORIENTED_EDGE('',*,*,#991,.F.);
#529=ORIENTED_EDGE('',*,*,#992,.T.);
#530=ORIENTED_EDGE('',*,*,#884,.F.);
#531=ORIENTED_EDGE('',*,*,#988,.T.);
#532=ORIENTED_EDGE('',*,*,#991,.T.);
#533=ORIENTED_EDGE('',*,*,#993,.T.);
#534=ORIENTED_EDGE('',*,*,#994,.F.);
#535=ORIENTED_EDGE('',*,*,#995,.T.);
#536=ORIENTED_EDGE('',*,*,#841,.F.);
#537=ORIENTED_EDGE('',*,*,#936,.F.);
#538=ORIENTED_EDGE('',*,*,#996,.T.);
#539=ORIENTED_EDGE('',*,*,#886,.T.);
#540=ORIENTED_EDGE('',*,*,#997,.T.);
#541=ORIENTED_EDGE('',*,*,#994,.T.);
#542=ORIENTED_EDGE('',*,*,#998,.T.);
#543=ORIENTED_EDGE('',*,*,#840,.T.);
#544=ORIENTED_EDGE('',*,*,#890,.F.);
#545=ORIENTED_EDGE('',*,*,#999,.T.);
#546=ORIENTED_EDGE('',*,*,#932,.T.);
#547=ORIENTED_EDGE('',*,*,#1000,.T.);
#548=ORIENTED_EDGE('',*,*,#1001,.F.);
#549=ORIENTED_EDGE('',*,*,#1002,.T.);
#550=ORIENTED_EDGE('',*,*,#1001,.T.);
#551=ORIENTED_EDGE('',*,*,#1003,.T.);
#552=ORIENTED_EDGE('',*,*,#1004,.F.);
#553=ORIENTED_EDGE('',*,*,#1005,.T.);
#554=ORIENTED_EDGE('',*,*,#839,.F.);
#555=ORIENTED_EDGE('',*,*,#1004,.T.);
#556=ORIENTED_EDGE('',*,*,#1006,.T.);
#557=ORIENTED_EDGE('',*,*,#930,.T.);
#558=ORIENTED_EDGE('',*,*,#1007,.F.);
#559=ORIENTED_EDGE('',*,*,#892,.F.);
#560=ORIENTED_EDGE('',*,*,#1008,.T.);
#561=ORIENTED_EDGE('',*,*,#846,.F.);
#562=ORIENTED_EDGE('',*,*,#929,.T.);
#563=ORIENTED_EDGE('',*,*,#1009,.T.);
#564=ORIENTED_EDGE('',*,*,#1010,.F.);
#565=ORIENTED_EDGE('',*,*,#1011,.T.);
#566=ORIENTED_EDGE('',*,*,#893,.F.);
#567=ORIENTED_EDGE('',*,*,#1007,.T.);
#568=ORIENTED_EDGE('',*,*,#1010,.T.);
#569=ORIENTED_EDGE('',*,*,#1012,.T.);
#570=ORIENTED_EDGE('',*,*,#1013,.F.);
#571=ORIENTED_EDGE('',*,*,#1014,.T.);
#572=ORIENTED_EDGE('',*,*,#845,.F.);
#573=ORIENTED_EDGE('',*,*,#927,.F.);
#574=ORIENTED_EDGE('',*,*,#1015,.T.);
#575=ORIENTED_EDGE('',*,*,#895,.T.);
#576=ORIENTED_EDGE('',*,*,#1016,.T.);
#577=ORIENTED_EDGE('',*,*,#1013,.T.);
#578=ORIENTED_EDGE('',*,*,#1017,.T.);
#579=ORIENTED_EDGE('',*,*,#844,.T.);
#580=ORIENTED_EDGE('',*,*,#899,.F.);
#581=ORIENTED_EDGE('',*,*,#1018,.T.);
#582=ORIENTED_EDGE('',*,*,#923,.T.);
#583=ORIENTED_EDGE('',*,*,#1019,.T.);
#584=ORIENTED_EDGE('',*,*,#1020,.F.);
#585=ORIENTED_EDGE('',*,*,#1021,.T.);
#586=ORIENTED_EDGE('',*,*,#1020,.T.);
#587=ORIENTED_EDGE('',*,*,#1022,.T.);
#588=ORIENTED_EDGE('',*,*,#1023,.F.);
#589=ORIENTED_EDGE('',*,*,#1024,.T.);
#590=ORIENTED_EDGE('',*,*,#843,.F.);
#591=ORIENTED_EDGE('',*,*,#1023,.T.);
#592=ORIENTED_EDGE('',*,*,#1025,.T.);
#593=ORIENTED_EDGE('',*,*,#921,.T.);
#594=ORIENTED_EDGE('',*,*,#1026,.F.);
#595=ORIENTED_EDGE('',*,*,#901,.F.);
#596=ORIENTED_EDGE('',*,*,#1027,.T.);
#597=ORIENTED_EDGE('',*,*,#1028,.F.);
#598=ORIENTED_EDGE('',*,*,#920,.T.);
#599=ORIENTED_EDGE('',*,*,#1029,.T.);
#600=ORIENTED_EDGE('',*,*,#1030,.F.);
#601=ORIENTED_EDGE('',*,*,#1031,.T.);
#602=ORIENTED_EDGE('',*,*,#902,.F.);
#603=ORIENTED_EDGE('',*,*,#1026,.T.);
#604=ORIENTED_EDGE('',*,*,#1030,.T.);
#605=ORIENTED_EDGE('',*,*,#1032,.T.);
#606=ORIENTED_EDGE('',*,*,#1033,.F.);
#607=ORIENTED_EDGE('',*,*,#1034,.T.);
#608=ORIENTED_EDGE('',*,*,#1035,.F.);
#609=ORIENTED_EDGE('',*,*,#918,.F.);
#610=ORIENTED_EDGE('',*,*,#1036,.T.);
#611=ORIENTED_EDGE('',*,*,#859,.T.);
#612=ORIENTED_EDGE('',*,*,#1037,.T.);
#613=ORIENTED_EDGE('',*,*,#1033,.T.);
#614=ORIENTED_EDGE('',*,*,#1038,.T.);
#615=ORIENTED_EDGE('',*,*,#1039,.T.);
#616=ORIENTED_EDGE('',*,*,#863,.F.);
#617=ORIENTED_EDGE('',*,*,#1040,.T.);
#618=ORIENTED_EDGE('',*,*,#959,.T.);
#619=ORIENTED_EDGE('',*,*,#1041,.T.);
#620=ORIENTED_EDGE('',*,*,#1042,.F.);
#621=ORIENTED_EDGE('',*,*,#1043,.T.);
#622=ORIENTED_EDGE('',*,*,#1042,.T.);
#623=ORIENTED_EDGE('',*,*,#1044,.T.);
#624=ORIENTED_EDGE('',*,*,#1045,.F.);
#625=ORIENTED_EDGE('',*,*,#1046,.T.);
#626=ORIENTED_EDGE('',*,*,#1047,.F.);
#627=ORIENTED_EDGE('',*,*,#1045,.T.);
#628=ORIENTED_EDGE('',*,*,#1048,.T.);
#629=ORIENTED_EDGE('',*,*,#957,.T.);
#630=ORIENTED_EDGE('',*,*,#1049,.F.);
#631=ORIENTED_EDGE('',*,*,#865,.F.);
#632=ORIENTED_EDGE('',*,*,#1050,.T.);
#633=ORIENTED_EDGE('',*,*,#834,.F.);
#634=ORIENTED_EDGE('',*,*,#956,.T.);
#635=ORIENTED_EDGE('',*,*,#1051,.T.);
#636=ORIENTED_EDGE('',*,*,#1052,.F.);
#637=ORIENTED_EDGE('',*,*,#1053,.T.);
#638=ORIENTED_EDGE('',*,*,#866,.F.);
#639=ORIENTED_EDGE('',*,*,#1049,.T.);
#640=ORIENTED_EDGE('',*,*,#1052,.T.);
#641=ORIENTED_EDGE('',*,*,#1054,.T.);
#642=ORIENTED_EDGE('',*,*,#1055,.F.);
#643=ORIENTED_EDGE('',*,*,#1056,.T.);
#644=ORIENTED_EDGE('',*,*,#910,.F.);
#645=ORIENTED_EDGE('',*,*,#1057,.F.);
#646=ORIENTED_EDGE('',*,*,#853,.T.);
#647=ORIENTED_EDGE('',*,*,#1058,.T.);
#648=ORIENTED_EDGE('',*,*,#915,.F.);
#649=ORIENTED_EDGE('',*,*,#1059,.F.);
#650=ORIENTED_EDGE('',*,*,#854,.T.);
#651=ORIENTED_EDGE('',*,*,#1057,.T.);
#652=ORIENTED_EDGE('',*,*,#914,.F.);
#653=ORIENTED_EDGE('',*,*,#1060,.F.);
#654=ORIENTED_EDGE('',*,*,#855,.T.);
#655=ORIENTED_EDGE('',*,*,#1059,.T.);
#656=ORIENTED_EDGE('',*,*,#913,.F.);
#657=ORIENTED_EDGE('',*,*,#1061,.F.);
#658=ORIENTED_EDGE('',*,*,#856,.T.);
#659=ORIENTED_EDGE('',*,*,#1060,.T.);
#660=ORIENTED_EDGE('',*,*,#912,.F.);
#661=ORIENTED_EDGE('',*,*,#1062,.F.);
#662=ORIENTED_EDGE('',*,*,#857,.T.);
#663=ORIENTED_EDGE('',*,*,#1061,.T.);
#664=ORIENTED_EDGE('',*,*,#911,.F.);
#665=ORIENTED_EDGE('',*,*,#1058,.F.);
#666=ORIENTED_EDGE('',*,*,#858,.T.);
#667=ORIENTED_EDGE('',*,*,#1062,.T.);
#668=ORIENTED_EDGE('',*,*,#833,.F.);
#669=ORIENTED_EDGE('',*,*,#954,.F.);
#670=ORIENTED_EDGE('',*,*,#1063,.T.);
#671=ORIENTED_EDGE('',*,*,#868,.T.);
#672=ORIENTED_EDGE('',*,*,#1064,.T.);
#673=ORIENTED_EDGE('',*,*,#1055,.T.);
#674=ORIENTED_EDGE('',*,*,#1065,.T.);
#675=ORIENTED_EDGE('',*,*,#1009,.F.);
#676=ORIENTED_EDGE('',*,*,#928,.F.);
#677=ORIENTED_EDGE('',*,*,#1017,.F.);
#678=ORIENTED_EDGE('',*,*,#1012,.F.);
#679=ORIENTED_EDGE('',*,*,#1000,.F.);
#680=ORIENTED_EDGE('',*,*,#931,.F.);
#681=ORIENTED_EDGE('',*,*,#1006,.F.);
#682=ORIENTED_EDGE('',*,*,#1003,.F.);
#683=ORIENTED_EDGE('',*,*,#990,.F.);
#684=ORIENTED_EDGE('',*,*,#937,.F.);
#685=ORIENTED_EDGE('',*,*,#998,.F.);
#686=ORIENTED_EDGE('',*,*,#993,.F.);
#687=ORIENTED_EDGE('',*,*,#981,.F.);
#688=ORIENTED_EDGE('',*,*,#940,.F.);
#689=ORIENTED_EDGE('',*,*,#987,.F.);
#690=ORIENTED_EDGE('',*,*,#984,.F.);
#691=ORIENTED_EDGE('',*,*,#971,.F.);
#692=ORIENTED_EDGE('',*,*,#946,.F.);
#693=ORIENTED_EDGE('',*,*,#979,.F.);
#694=ORIENTED_EDGE('',*,*,#974,.F.);
#695=ORIENTED_EDGE('',*,*,#962,.F.);
#696=ORIENTED_EDGE('',*,*,#949,.F.);
#697=ORIENTED_EDGE('',*,*,#968,.F.);
#698=ORIENTED_EDGE('',*,*,#965,.F.);
#699=ORIENTED_EDGE('',*,*,#1051,.F.);
#700=ORIENTED_EDGE('',*,*,#955,.F.);
#701=ORIENTED_EDGE('',*,*,#1065,.F.);
#702=ORIENTED_EDGE('',*,*,#1054,.F.);
#703=ORIENTED_EDGE('',*,*,#1041,.F.);
#704=ORIENTED_EDGE('',*,*,#958,.F.);
#705=ORIENTED_EDGE('',*,*,#1048,.F.);
#706=ORIENTED_EDGE('',*,*,#1044,.F.);
#707=ORIENTED_EDGE('',*,*,#1029,.F.);
#708=ORIENTED_EDGE('',*,*,#919,.F.);
#709=ORIENTED_EDGE('',*,*,#1038,.F.);
#710=ORIENTED_EDGE('',*,*,#1032,.F.);
#711=ORIENTED_EDGE('',*,*,#1019,.F.);
#712=ORIENTED_EDGE('',*,*,#922,.F.);
#713=ORIENTED_EDGE('',*,*,#1025,.F.);
#714=ORIENTED_EDGE('',*,*,#1022,.F.);
#715=ORIENTED_EDGE('',*,*,#1011,.F.);
#716=ORIENTED_EDGE('',*,*,#1014,.F.);
#717=ORIENTED_EDGE('',*,*,#1016,.F.);
#718=ORIENTED_EDGE('',*,*,#894,.F.);
#719=ORIENTED_EDGE('',*,*,#1002,.F.);
#720=ORIENTED_EDGE('',*,*,#1005,.F.);
#721=ORIENTED_EDGE('',*,*,#1008,.F.);
#722=ORIENTED_EDGE('',*,*,#891,.F.);
#723=ORIENTED_EDGE('',*,*,#992,.F.);
#724=ORIENTED_EDGE('',*,*,#995,.F.);
#725=ORIENTED_EDGE('',*,*,#997,.F.);
#726=ORIENTED_EDGE('',*,*,#885,.F.);
#727=ORIENTED_EDGE('',*,*,#983,.F.);
#728=ORIENTED_EDGE('',*,*,#986,.F.);
#729=ORIENTED_EDGE('',*,*,#989,.F.);
#730=ORIENTED_EDGE('',*,*,#882,.F.);
#731=ORIENTED_EDGE('',*,*,#973,.F.);
#732=ORIENTED_EDGE('',*,*,#976,.F.);
#733=ORIENTED_EDGE('',*,*,#978,.F.);
#734=ORIENTED_EDGE('',*,*,#876,.F.);
#735=ORIENTED_EDGE('',*,*,#964,.F.);
#736=ORIENTED_EDGE('',*,*,#967,.F.);
#737=ORIENTED_EDGE('',*,*,#970,.F.);
#738=ORIENTED_EDGE('',*,*,#873,.F.);
#739=ORIENTED_EDGE('',*,*,#1053,.F.);
#740=ORIENTED_EDGE('',*,*,#1056,.F.);
#741=ORIENTED_EDGE('',*,*,#1064,.F.);
#742=ORIENTED_EDGE('',*,*,#867,.F.);
#743=ORIENTED_EDGE('',*,*,#1043,.F.);
#744=ORIENTED_EDGE('',*,*,#1046,.F.);
#745=ORIENTED_EDGE('',*,*,#1050,.F.);
#746=ORIENTED_EDGE('',*,*,#864,.F.);
#747=ORIENTED_EDGE('',*,*,#1031,.F.);
#748=ORIENTED_EDGE('',*,*,#1034,.F.);
#749=ORIENTED_EDGE('',*,*,#1037,.F.);
#750=ORIENTED_EDGE('',*,*,#903,.F.);
#751=ORIENTED_EDGE('',*,*,#1021,.F.);
#752=ORIENTED_EDGE('',*,*,#1024,.F.);
#753=ORIENTED_EDGE('',*,*,#1027,.F.);
#754=ORIENTED_EDGE('',*,*,#900,.F.);
#755=ORIENTED_EDGE('',*,*,#934,.T.);
#756=ORIENTED_EDGE('',*,*,#1066,.T.);
#757=ORIENTED_EDGE('',*,*,#888,.F.);
#758=ORIENTED_EDGE('',*,*,#1067,.T.);
#759=ORIENTED_EDGE('',*,*,#943,.T.);
#760=ORIENTED_EDGE('',*,*,#1068,.T.);
#761=ORIENTED_EDGE('',*,*,#879,.F.);
#762=ORIENTED_EDGE('',*,*,#1069,.T.);
#763=ORIENTED_EDGE('',*,*,#925,.T.);
#764=ORIENTED_EDGE('',*,*,#1070,.T.);
#765=ORIENTED_EDGE('',*,*,#897,.F.);
#766=ORIENTED_EDGE('',*,*,#1071,.T.);
#767=ORIENTED_EDGE('',*,*,#952,.T.);
#768=ORIENTED_EDGE('',*,*,#1072,.T.);
#769=ORIENTED_EDGE('',*,*,#870,.F.);
#770=ORIENTED_EDGE('',*,*,#1073,.T.);
#771=ORIENTED_EDGE('',*,*,#916,.T.);
#772=ORIENTED_EDGE('',*,*,#1074,.T.);
#773=ORIENTED_EDGE('',*,*,#861,.F.);
#774=ORIENTED_EDGE('',*,*,#1075,.T.);
#775=ORIENTED_EDGE('',*,*,#1047,.T.);
#776=ORIENTED_EDGE('',*,*,#1039,.F.);
#777=ORIENTED_EDGE('',*,*,#1035,.T.);
#778=ORIENTED_EDGE('',*,*,#1028,.T.);
#779=ORIENTED_EDGE('',*,*,#924,.F.);
#780=ORIENTED_EDGE('',*,*,#1018,.F.);
#781=ORIENTED_EDGE('',*,*,#898,.F.);
#782=ORIENTED_EDGE('',*,*,#1070,.F.);
#783=ORIENTED_EDGE('',*,*,#926,.F.);
#784=ORIENTED_EDGE('',*,*,#1071,.F.);
#785=ORIENTED_EDGE('',*,*,#896,.F.);
#786=ORIENTED_EDGE('',*,*,#1015,.F.);
#787=ORIENTED_EDGE('',*,*,#933,.F.);
#788=ORIENTED_EDGE('',*,*,#999,.F.);
#789=ORIENTED_EDGE('',*,*,#889,.F.);
#790=ORIENTED_EDGE('',*,*,#1066,.F.);
#791=ORIENTED_EDGE('',*,*,#935,.F.);
#792=ORIENTED_EDGE('',*,*,#1067,.F.);
#793=ORIENTED_EDGE('',*,*,#887,.F.);
#794=ORIENTED_EDGE('',*,*,#996,.F.);
#795=ORIENTED_EDGE('',*,*,#942,.F.);
#796=ORIENTED_EDGE('',*,*,#980,.F.);
#797=ORIENTED_EDGE('',*,*,#880,.F.);
#798=ORIENTED_EDGE('',*,*,#1068,.F.);
#799=ORIENTED_EDGE('',*,*,#944,.F.);
#800=ORIENTED_EDGE('',*,*,#1069,.F.);
#801=ORIENTED_EDGE('',*,*,#878,.F.);
#802=ORIENTED_EDGE('',*,*,#977,.F.);
#803=ORIENTED_EDGE('',*,*,#951,.F.);
#804=ORIENTED_EDGE('',*,*,#961,.F.);
#805=ORIENTED_EDGE('',*,*,#871,.F.);
#806=ORIENTED_EDGE('',*,*,#1072,.F.);
#807=ORIENTED_EDGE('',*,*,#953,.F.);
#808=ORIENTED_EDGE('',*,*,#1073,.F.);
#809=ORIENTED_EDGE('',*,*,#869,.F.);
#810=ORIENTED_EDGE('',*,*,#1063,.F.);
#811=ORIENTED_EDGE('',*,*,#960,.F.);
#812=ORIENTED_EDGE('',*,*,#1040,.F.);
#813=ORIENTED_EDGE('',*,*,#862,.F.);
#814=ORIENTED_EDGE('',*,*,#1074,.F.);
#815=ORIENTED_EDGE('',*,*,#917,.F.);
#816=ORIENTED_EDGE('',*,*,#1075,.F.);
#817=ORIENTED_EDGE('',*,*,#860,.F.);
#818=ORIENTED_EDGE('',*,*,#1036,.F.);
#819=ORIENTED_EDGE('',*,*,#852,.T.);
#820=ORIENTED_EDGE('',*,*,#909,.F.);
#821=ORIENTED_EDGE('',*,*,#851,.T.);
#822=ORIENTED_EDGE('',*,*,#908,.F.);
#823=ORIENTED_EDGE('',*,*,#850,.T.);
#824=ORIENTED_EDGE('',*,*,#907,.F.);
#825=ORIENTED_EDGE('',*,*,#849,.T.);
#826=ORIENTED_EDGE('',*,*,#906,.F.);
#827=ORIENTED_EDGE('',*,*,#848,.T.);
#828=ORIENTED_EDGE('',*,*,#905,.F.);
#829=ORIENTED_EDGE('',*,*,#847,.T.);
#830=ORIENTED_EDGE('',*,*,#904,.F.);
#831=EDGE_CURVE('',#1076,#1076,#1250,.T.);
#832=EDGE_CURVE('',#1077,#1077,#1251,.T.);
#833=EDGE_CURVE('',#1078,#1078,#1252,.T.);
#834=EDGE_CURVE('',#1079,#1079,#1253,.F.);
#835=EDGE_CURVE('',#1080,#1080,#1254,.T.);
#836=EDGE_CURVE('',#1081,#1081,#1255,.T.);
#837=EDGE_CURVE('',#1082,#1082,#1256,.T.);
#838=EDGE_CURVE('',#1083,#1083,#1257,.F.);
#839=EDGE_CURVE('',#1084,#1084,#1258,.T.);
#840=EDGE_CURVE('',#1085,#1085,#1259,.T.);
#841=EDGE_CURVE('',#1086,#1086,#1260,.T.);
#842=EDGE_CURVE('',#1087,#1087,#1261,.F.);
#843=EDGE_CURVE('',#1088,#1088,#1262,.T.);
#844=EDGE_CURVE('',#1089,#1089,#1263,.T.);
#845=EDGE_CURVE('',#1090,#1090,#1264,.T.);
#846=EDGE_CURVE('',#1091,#1091,#1265,.F.);
#847=EDGE_CURVE('',#1092,#1092,#1266,.T.);
#848=EDGE_CURVE('',#1093,#1093,#1267,.T.);
#849=EDGE_CURVE('',#1094,#1094,#1268,.T.);
#850=EDGE_CURVE('',#1095,#1095,#1269,.T.);
#851=EDGE_CURVE('',#1096,#1096,#1270,.T.);
#852=EDGE_CURVE('',#1097,#1097,#1271,.T.);
#853=EDGE_CURVE('',#1098,#1099,#122,.T.);
#854=EDGE_CURVE('',#1100,#1098,#123,.T.);
#855=EDGE_CURVE('',#1101,#1100,#124,.T.);
#856=EDGE_CURVE('',#1102,#1101,#125,.T.);
#857=EDGE_CURVE('',#1103,#1102,#126,.T.);
#858=EDGE_CURVE('',#1099,#1103,#127,.T.);
#859=EDGE_CURVE('',#1104,#1105,#128,.T.);
#860=EDGE_CURVE('',#1104,#1106,#42,.T.);
#861=EDGE_CURVE('',#1106,#1107,#129,.T.);
#862=EDGE_CURVE('',#1107,#1108,#43,.T.);
#863=EDGE_CURVE('',#1108,#1109,#130,.T.);
#864=EDGE_CURVE('',#1109,#1110,#1272,.T.);
#865=EDGE_CURVE('',#1110,#1111,#131,.T.);
#866=EDGE_CURVE('',#1111,#1112,#132,.T.);
#867=EDGE_CURVE('',#1112,#1113,#1273,.T.);
#868=EDGE_CURVE('',#1114,#1113,#133,.T.);
#869=EDGE_CURVE('',#1114,#1115,#44,.T.);
#870=EDGE_CURVE('',#1115,#1116,#134,.T.);
#871=EDGE_CURVE('',#1116,#1117,#45,.T.);
#872=EDGE_CURVE('',#1117,#1118,#135,.T.);
#873=EDGE_CURVE('',#1118,#1119,#1274,.T.);
#874=EDGE_CURVE('',#1119,#1120,#136,.T.);
#875=EDGE_CURVE('',#1120,#1121,#137,.T.);
#876=EDGE_CURVE('',#1121,#1122,#1275,.T.);
#877=EDGE_CURVE('',#1123,#1122,#138,.T.);
#878=EDGE_CURVE('',#1123,#1124,#46,.T.);
#879=EDGE_CURVE('',#1124,#1125,#139,.T.);
#880=EDGE_CURVE('',#1125,#1126,#47,.T.);
#881=EDGE_CURVE('',#1126,#1127,#140,.T.);
#882=EDGE_CURVE('',#1127,#1128,#1276,.T.);
#883=EDGE_CURVE('',#1128,#1129,#141,.T.);
#884=EDGE_CURVE('',#1129,#1130,#142,.T.);
#885=EDGE_CURVE('',#1130,#1131,#1277,.T.);
#886=EDGE_CURVE('',#1132,#1131,#143,.T.);
#887=EDGE_CURVE('',#1132,#1133,#48,.T.);
#888=EDGE_CURVE('',#1133,#1134,#144,.T.);
#889=EDGE_CURVE('',#1134,#1135,#49,.T.);
#890=EDGE_CURVE('',#1135,#1136,#145,.T.);
#891=EDGE_CURVE('',#1136,#1137,#1278,.T.);
#892=EDGE_CURVE('',#1137,#1138,#146,.T.);
#893=EDGE_CURVE('',#1138,#1139,#147,.T.);
#894=EDGE_CURVE('',#1139,#1140,#1279,.T.);
#895=EDGE_CURVE('',#1141,#1140,#148,.T.);
#896=EDGE_CURVE('',#1141,#1142,#50,.T.);
#897=EDGE_CURVE('',#1142,#1143,#149,.T.);
#898=EDGE_CURVE('',#1143,#1144,#51,.T.);
#899=EDGE_CURVE('',#1144,#1145,#150,.T.);
#900=EDGE_CURVE('',#1145,#1146,#1280,.T.);
#901=EDGE_CURVE('',#1146,#1147,#151,.T.);
#902=EDGE_CURVE('',#1147,#1148,#152,.T.);
#903=EDGE_CURVE('',#1148,#1105,#1281,.T.);
#904=EDGE_CURVE('',#1149,#1149,#1282,.T.);
#905=EDGE_CURVE('',#1150,#1150,#1283,.T.);
#906=EDGE_CURVE('',#1151,#1151,#1284,.T.);
#907=EDGE_CURVE('',#1152,#1152,#1285,.T.);
#908=EDGE_CURVE('',#1153,#1153,#1286,.T.);
#909=EDGE_CURVE('',#1154,#1154,#1287,.T.);
#910=EDGE_CURVE('',#1155,#1156,#153,.T.);
#911=EDGE_CURVE('',#1156,#1157,#154,.T.);
#912=EDGE_CURVE('',#1157,#1158,#155,.T.);
#913=EDGE_CURVE('',#1158,#1159,#156,.T.);
#914=EDGE_CURVE('',#1159,#1160,#157,.T.);
#915=EDGE_CURVE('',#1160,#1155,#158,.T.);
#916=EDGE_CURVE('',#1161,#1162,#159,.T.);
#917=EDGE_CURVE('',#1161,#1163,#52,.T.);
#918=EDGE_CURVE('',#1163,#1164,#160,.T.);
#919=EDGE_CURVE('',#1164,#1165,#1288,.F.);
#920=EDGE_CURVE('',#1166,#1165,#161,.T.);
#921=EDGE_CURVE('',#1167,#1166,#162,.T.);
#922=EDGE_CURVE('',#1167,#1168,#1289,.F.);
#923=EDGE_CURVE('',#1169,#1168,#163,.T.);
#924=EDGE_CURVE('',#1169,#1170,#53,.T.);
#925=EDGE_CURVE('',#1171,#1170,#164,.T.);
#926=EDGE_CURVE('',#1171,#1172,#54,.T.);
#927=EDGE_CURVE('',#1172,#1173,#165,.T.);
#928=EDGE_CURVE('',#1173,#1174,#1290,.F.);
#929=EDGE_CURVE('',#1175,#1174,#166,.T.);
#930=EDGE_CURVE('',#1176,#1175,#167,.T.);
#931=EDGE_CURVE('',#1176,#1177,#1291,.F.);
#932=EDGE_CURVE('',#1178,#1177,#168,.T.);
#933=EDGE_CURVE('',#1178,#1179,#55,.T.);
#934=EDGE_CURVE('',#1180,#1179,#169,.T.);
#935=EDGE_CURVE('',#1180,#1181,#56,.T.);
#936=EDGE_CURVE('',#1181,#1182,#170,.T.);
#937=EDGE_CURVE('',#1182,#1183,#1292,.F.);
#938=EDGE_CURVE('',#1184,#1183,#171,.T.);
#939=EDGE_CURVE('',#1185,#1184,#172,.T.);
#940=EDGE_CURVE('',#1185,#1186,#1293,.F.);
#941=EDGE_CURVE('',#1187,#1186,#173,.T.);
#942=EDGE_CURVE('',#1187,#1188,#57,.T.);
#943=EDGE_CURVE('',#1189,#1188,#174,.T.);
#944=EDGE_CURVE('',#1189,#1190,#58,.T.);
#945=EDGE_CURVE('',#1190,#1191,#175,.T.);
#946=EDGE_CURVE('',#1191,#1192,#1294,.F.);
#947=EDGE_CURVE('',#1193,#1192,#176,.T.);
#948=EDGE_CURVE('',#1194,#1193,#177,.T.);
#949=EDGE_CURVE('',#1194,#1195,#1295,.F.);
#950=EDGE_CURVE('',#1196,#1195,#178,.T.);
#951=EDGE_CURVE('',#1196,#1197,#59,.T.);
#952=EDGE_CURVE('',#1198,#1197,#179,.T.);
#953=EDGE_CURVE('',#1198,#1199,#60,.T.);
#954=EDGE_CURVE('',#1199,#1200,#180,.T.);
#955=EDGE_CURVE('',#1200,#1201,#1296,.F.);
#956=EDGE_CURVE('',#1202,#1201,#181,.T.);
#957=EDGE_CURVE('',#1203,#1202,#182,.T.);
#958=EDGE_CURVE('',#1203,#1204,#1297,.F.);
#959=EDGE_CURVE('',#1205,#1204,#183,.T.);
#960=EDGE_CURVE('',#1205,#1162,#61,.T.);
#961=EDGE_CURVE('',#1117,#1196,#62,.T.);
#962=EDGE_CURVE('',#1195,#1206,#63,.T.);
#963=EDGE_CURVE('',#1207,#1206,#184,.T.);
#964=EDGE_CURVE('',#1207,#1118,#64,.T.);
#965=EDGE_CURVE('',#1206,#1208,#1298,.T.);
#966=EDGE_CURVE('',#1209,#1208,#185,.T.);
#967=EDGE_CURVE('',#1209,#1207,#1299,.F.);
#968=EDGE_CURVE('',#1208,#1194,#65,.T.);
#969=EDGE_CURVE('',#1120,#1193,#186,.T.);
#970=EDGE_CURVE('',#1119,#1209,#66,.T.);
#971=EDGE_CURVE('',#1192,#1210,#67,.T.);
#972=EDGE_CURVE('',#1211,#1210,#187,.T.);
#973=EDGE_CURVE('',#1211,#1121,#68,.T.);
#974=EDGE_CURVE('',#1210,#1212,#1300,.T.);
#975=EDGE_CURVE('',#1213,#1212,#188,.T.);
#976=EDGE_CURVE('',#1213,#1211,#1301,.F.);
#977=EDGE_CURVE('',#1190,#1123,#69,.T.);
#978=EDGE_CURVE('',#1122,#1213,#70,.T.);
#979=EDGE_CURVE('',#1212,#1191,#71,.T.);
#980=EDGE_CURVE('',#1126,#1187,#72,.T.);
#981=EDGE_CURVE('',#1186,#1214,#73,.T.);
#982=EDGE_CURVE('',#1215,#1214,#189,.T.);
#983=EDGE_CURVE('',#1215,#1127,#74,.T.);
#984=EDGE_CURVE('',#1214,#1216,#1302,.T.);
#985=EDGE_CURVE('',#1217,#1216,#190,.T.);
#986=EDGE_CURVE('',#1217,#1215,#1303,.F.);
#987=EDGE_CURVE('',#1216,#1185,#75,.T.);
#988=EDGE_CURVE('',#1129,#1184,#191,.T.);
#989=EDGE_CURVE('',#1128,#1217,#76,.T.);
#990=EDGE_CURVE('',#1183,#1218,#77,.T.);
#991=EDGE_CURVE('',#1219,#1218,#192,.T.);
#992=EDGE_CURVE('',#1219,#1130,#78,.T.);
#993=EDGE_CURVE('',#1218,#1220,#1304,.T.);
#994=EDGE_CURVE('',#1221,#1220,#193,.T.);
#995=EDGE_CURVE('',#1221,#1219,#1305,.F.);
#996=EDGE_CURVE('',#1181,#1132,#79,.T.);
#997=EDGE_CURVE('',#1131,#1221,#80,.T.);
#998=EDGE_CURVE('',#1220,#1182,#81,.T.);
#999=EDGE_CURVE('',#1135,#1178,#82,.T.);
#1000=EDGE_CURVE('',#1177,#1222,#83,.T.);
#1001=EDGE_CURVE('',#1223,#1222,#194,.T.);
#1002=EDGE_CURVE('',#1223,#1136,#84,.T.);
#1003=EDGE_CURVE('',#1222,#1224,#1306,.T.);
#1004=EDGE_CURVE('',#1225,#1224,#195,.T.);
#1005=EDGE_CURVE('',#1225,#1223,#1307,.F.);
#1006=EDGE_CURVE('',#1224,#1176,#85,.T.);
#1007=EDGE_CURVE('',#1138,#1175,#196,.T.);
#1008=EDGE_CURVE('',#1137,#1225,#86,.T.);
#1009=EDGE_CURVE('',#1174,#1226,#87,.T.);
#1010=EDGE_CURVE('',#1227,#1226,#197,.T.);
#1011=EDGE_CURVE('',#1227,#1139,#88,.T.);
#1012=EDGE_CURVE('',#1226,#1228,#1308,.T.);
#1013=EDGE_CURVE('',#1229,#1228,#198,.T.);
#1014=EDGE_CURVE('',#1229,#1227,#1309,.F.);
#1015=EDGE_CURVE('',#1172,#1141,#89,.T.);
#1016=EDGE_CURVE('',#1140,#1229,#90,.T.);
#1017=EDGE_CURVE('',#1228,#1173,#91,.T.);
#1018=EDGE_CURVE('',#1144,#1169,#92,.T.);
#1019=EDGE_CURVE('',#1168,#1230,#93,.T.);
#1020=EDGE_CURVE('',#1231,#1230,#199,.T.);
#1021=EDGE_CURVE('',#1231,#1145,#94,.T.);
#1022=EDGE_CURVE('',#1230,#1232,#1310,.T.);
#1023=EDGE_CURVE('',#1233,#1232,#200,.T.);
#1024=EDGE_CURVE('',#1233,#1231,#1311,.F.);
#1025=EDGE_CURVE('',#1232,#1167,#95,.T.);
#1026=EDGE_CURVE('',#1147,#1166,#201,.T.);
#1027=EDGE_CURVE('',#1146,#1233,#96,.T.);
#1028=EDGE_CURVE('',#1234,#1234,#1312,.F.);
#1029=EDGE_CURVE('',#1165,#1235,#97,.T.);
#1030=EDGE_CURVE('',#1236,#1235,#202,.T.);
#1031=EDGE_CURVE('',#1236,#1148,#98,.T.);
#1032=EDGE_CURVE('',#1235,#1237,#1313,.T.);
#1033=EDGE_CURVE('',#1238,#1237,#203,.T.);
#1034=EDGE_CURVE('',#1238,#1236,#1314,.F.);
#1035=EDGE_CURVE('',#1239,#1239,#1315,.T.);
#1036=EDGE_CURVE('',#1163,#1104,#99,.T.);
#1037=EDGE_CURVE('',#1105,#1238,#100,.T.);
#1038=EDGE_CURVE('',#1237,#1164,#101,.T.);
#1039=EDGE_CURVE('',#1240,#1240,#1316,.T.);
#1040=EDGE_CURVE('',#1108,#1205,#102,.T.);
#1041=EDGE_CURVE('',#1204,#1241,#103,.T.);
#1042=EDGE_CURVE('',#1242,#1241,#204,.T.);
#1043=EDGE_CURVE('',#1242,#1109,#104,.T.);
#1044=EDGE_CURVE('',#1241,#1243,#1317,.T.);
#1045=EDGE_CURVE('',#1244,#1243,#205,.T.);
#1046=EDGE_CURVE('',#1244,#1242,#1318,.F.);
#1047=EDGE_CURVE('',#1245,#1245,#1319,.T.);
#1048=EDGE_CURVE('',#1243,#1203,#105,.T.);
#1049=EDGE_CURVE('',#1111,#1202,#206,.T.);
#1050=EDGE_CURVE('',#1110,#1244,#106,.T.);
#1051=EDGE_CURVE('',#1201,#1246,#107,.T.);
#1052=EDGE_CURVE('',#1247,#1246,#207,.T.);
#1053=EDGE_CURVE('',#1247,#1112,#108,.T.);
#1054=EDGE_CURVE('',#1246,#1248,#1320,.T.);
#1055=EDGE_CURVE('',#1249,#1248,#208,.T.);
#1056=EDGE_CURVE('',#1249,#1247,#1321,.F.);
#1057=EDGE_CURVE('',#1098,#1155,#209,.T.);
#1058=EDGE_CURVE('',#1099,#1156,#210,.T.);
#1059=EDGE_CURVE('',#1100,#1160,#211,.T.);
#1060=EDGE_CURVE('',#1101,#1159,#212,.T.);
#1061=EDGE_CURVE('',#1102,#1158,#213,.T.);
#1062=EDGE_CURVE('',#1103,#1157,#214,.T.);
#1063=EDGE_CURVE('',#1199,#1114,#109,.T.);
#1064=EDGE_CURVE('',#1113,#1249,#110,.T.);
#1065=EDGE_CURVE('',#1248,#1200,#111,.T.);
#1066=EDGE_CURVE('',#1179,#1134,#112,.T.);
#1067=EDGE_CURVE('',#1133,#1180,#113,.T.);
#1068=EDGE_CURVE('',#1188,#1125,#114,.T.);
#1069=EDGE_CURVE('',#1124,#1189,#115,.T.);
#1070=EDGE_CURVE('',#1170,#1143,#116,.T.);
#1071=EDGE_CURVE('',#1142,#1171,#117,.T.);
#1072=EDGE_CURVE('',#1197,#1116,#118,.T.);
#1073=EDGE_CURVE('',#1115,#1198,#119,.T.);
#1074=EDGE_CURVE('',#1162,#1107,#120,.T.);
#1075=EDGE_CURVE('',#1106,#1161,#121,.T.);
#1076=VERTEX_POINT('',#2279);
#1077=VERTEX_POINT('',#2281);
#1078=VERTEX_POINT('',#2284);
#1079=VERTEX_POINT('',#2286);
#1080=VERTEX_POINT('',#2289);
#1081=VERTEX_POINT('',#2291);
#1082=VERTEX_POINT('',#2294);
#1083=VERTEX_POINT('',#2296);
#1084=VERTEX_POINT('',#2299);
#1085=VERTEX_POINT('',#2301);
#1086=VERTEX_POINT('',#2304);
#1087=VERTEX_POINT('',#2306);
#1088=VERTEX_POINT('',#2309);
#1089=VERTEX_POINT('',#2311);
#1090=VERTEX_POINT('',#2314);
#1091=VERTEX_POINT('',#2316);
#1092=VERTEX_POINT('',#2319);
#1093=VERTEX_POINT('',#2321);
#1094=VERTEX_POINT('',#2323);
#1095=VERTEX_POINT('',#2325);
#1096=VERTEX_POINT('',#2327);
#1097=VERTEX_POINT('',#2329);
#1098=VERTEX_POINT('',#2331);
#1099=VERTEX_POINT('',#2332);
#1100=VERTEX_POINT('',#2334);
#1101=VERTEX_POINT('',#2336);
#1102=VERTEX_POINT('',#2338);
#1103=VERTEX_POINT('',#2340);
#1104=VERTEX_POINT('',#2343);
#1105=VERTEX_POINT('',#2344);
#1106=VERTEX_POINT('',#2350);
#1107=VERTEX_POINT('',#2352);
#1108=VERTEX_POINT('',#2358);
#1109=VERTEX_POINT('',#2360);
#1110=VERTEX_POINT('',#2362);
#1111=VERTEX_POINT('',#2364);
#1112=VERTEX_POINT('',#2366);
#1113=VERTEX_POINT('',#2368);
#1114=VERTEX_POINT('',#2370);
#1115=VERTEX_POINT('',#2376);
#1116=VERTEX_POINT('',#2378);
#1117=VERTEX_POINT('',#2384);
#1118=VERTEX_POINT('',#2386);
#1119=VERTEX_POINT('',#2388);
#1120=VERTEX_POINT('',#2390);
#1121=VERTEX_POINT('',#2392);
#1122=VERTEX_POINT('',#2394);
#1123=VERTEX_POINT('',#2396);
#1124=VERTEX_POINT('',#2402);
#1125=VERTEX_POINT('',#2404);
#1126=VERTEX_POINT('',#2410);
#1127=VERTEX_POINT('',#2412);
#1128=VERTEX_POINT('',#2414);
#1129=VERTEX_POINT('',#2416);
#1130=VERTEX_POINT('',#2418);
#1131=VERTEX_POINT('',#2420);
#1132=VERTEX_POINT('',#2422);
#1133=VERTEX_POINT('',#2428);
#1134=VERTEX_POINT('',#2430);
#1135=VERTEX_POINT('',#2436);
#1136=VERTEX_POINT('',#2438);
#1137=VERTEX_POINT('',#2440);
#1138=VERTEX_POINT('',#2442);
#1139=VERTEX_POINT('',#2444);
#1140=VERTEX_POINT('',#2446);
#1141=VERTEX_POINT('',#2448);
#1142=VERTEX_POINT('',#2454);
#1143=VERTEX_POINT('',#2456);
#1144=VERTEX_POINT('',#2462);
#1145=VERTEX_POINT('',#2464);
#1146=VERTEX_POINT('',#2466);
#1147=VERTEX_POINT('',#2468);
#1148=VERTEX_POINT('',#2470);
#1149=VERTEX_POINT('',#2474);
#1150=VERTEX_POINT('',#2476);
#1151=VERTEX_POINT('',#2478);
#1152=VERTEX_POINT('',#2480);
#1153=VERTEX_POINT('',#2482);
#1154=VERTEX_POINT('',#2484);
#1155=VERTEX_POINT('',#2486);
#1156=VERTEX_POINT('',#2487);
#1157=VERTEX_POINT('',#2489);
#1158=VERTEX_POINT('',#2491);
#1159=VERTEX_POINT('',#2493);
#1160=VERTEX_POINT('',#2495);
#1161=VERTEX_POINT('',#2498);
#1162=VERTEX_POINT('',#2499);
#1163=VERTEX_POINT('',#2505);
#1164=VERTEX_POINT('',#2507);
#1165=VERTEX_POINT('',#2509);
#1166=VERTEX_POINT('',#2511);
#1167=VERTEX_POINT('',#2513);
#1168=VERTEX_POINT('',#2515);
#1169=VERTEX_POINT('',#2517);
#1170=VERTEX_POINT('',#2523);
#1171=VERTEX_POINT('',#2525);
#1172=VERTEX_POINT('',#2531);
#1173=VERTEX_POINT('',#2533);
#1174=VERTEX_POINT('',#2535);
#1175=VERTEX_POINT('',#2537);
#1176=VERTEX_POINT('',#2539);
#1177=VERTEX_POINT('',#2541);
#1178=VERTEX_POINT('',#2543);
#1179=VERTEX_POINT('',#2549);
#1180=VERTEX_POINT('',#2551);
#1181=VERTEX_POINT('',#2557);
#1182=VERTEX_POINT('',#2559);
#1183=VERTEX_POINT('',#2561);
#1184=VERTEX_POINT('',#2563);
#1185=VERTEX_POINT('',#2565);
#1186=VERTEX_POINT('',#2567);
#1187=VERTEX_POINT('',#2569);
#1188=VERTEX_POINT('',#2575);
#1189=VERTEX_POINT('',#2577);
#1190=VERTEX_POINT('',#2583);
#1191=VERTEX_POINT('',#2585);
#1192=VERTEX_POINT('',#2587);
#1193=VERTEX_POINT('',#2589);
#1194=VERTEX_POINT('',#2591);
#1195=VERTEX_POINT('',#2593);
#1196=VERTEX_POINT('',#2595);
#1197=VERTEX_POINT('',#2601);
#1198=VERTEX_POINT('',#2603);
#1199=VERTEX_POINT('',#2609);
#1200=VERTEX_POINT('',#2611);
#1201=VERTEX_POINT('',#2613);
#1202=VERTEX_POINT('',#2615);
#1203=VERTEX_POINT('',#2617);
#1204=VERTEX_POINT('',#2619);
#1205=VERTEX_POINT('',#2621);
#1206=VERTEX_POINT('',#2637);
#1207=VERTEX_POINT('',#2639);
#1208=VERTEX_POINT('',#2647);
#1209=VERTEX_POINT('',#2649);
#1210=VERTEX_POINT('',#2669);
#1211=VERTEX_POINT('',#2671);
#1212=VERTEX_POINT('',#2679);
#1213=VERTEX_POINT('',#2681);
#1214=VERTEX_POINT('',#2708);
#1215=VERTEX_POINT('',#2710);
#1216=VERTEX_POINT('',#2718);
#1217=VERTEX_POINT('',#2720);
#1218=VERTEX_POINT('',#2740);
#1219=VERTEX_POINT('',#2742);
#1220=VERTEX_POINT('',#2750);
#1221=VERTEX_POINT('',#2752);
#1222=VERTEX_POINT('',#2779);
#1223=VERTEX_POINT('',#2781);
#1224=VERTEX_POINT('',#2789);
#1225=VERTEX_POINT('',#2791);
#1226=VERTEX_POINT('',#2811);
#1227=VERTEX_POINT('',#2813);
#1228=VERTEX_POINT('',#2821);
#1229=VERTEX_POINT('',#2823);
#1230=VERTEX_POINT('',#2850);
#1231=VERTEX_POINT('',#2852);
#1232=VERTEX_POINT('',#2860);
#1233=VERTEX_POINT('',#2862);
#1234=VERTEX_POINT('',#2878);
#1235=VERTEX_POINT('',#2884);
#1236=VERTEX_POINT('',#2886);
#1237=VERTEX_POINT('',#2894);
#1238=VERTEX_POINT('',#2896);
#1239=VERTEX_POINT('',#2900);
#1240=VERTEX_POINT('',#2917);
#1241=VERTEX_POINT('',#2927);
#1242=VERTEX_POINT('',#2929);
#1243=VERTEX_POINT('',#2937);
#1244=VERTEX_POINT('',#2939);
#1245=VERTEX_POINT('',#2943);
#1246=VERTEX_POINT('',#2961);
#1247=VERTEX_POINT('',#2963);
#1248=VERTEX_POINT('',#2971);
#1249=VERTEX_POINT('',#2973);
#1250=CIRCLE('',#1729,0.0011);
#1251=CIRCLE('',#1730,0.0011);
#1252=CIRCLE('',#1732,0.0011);
#1253=CIRCLE('',#1733,0.0011);
#1254=CIRCLE('',#1735,0.0011);
#1255=CIRCLE('',#1736,0.0011);
#1256=CIRCLE('',#1738,0.0011);
#1257=CIRCLE('',#1739,0.0011);
#1258=CIRCLE('',#1741,0.0011);
#1259=CIRCLE('',#1742,0.0011);
#1260=CIRCLE('',#1744,0.0011);
#1261=CIRCLE('',#1745,0.0011);
#1262=CIRCLE('',#1747,0.0011);
#1263=CIRCLE('',#1748,0.0011);
#1264=CIRCLE('',#1750,0.0011);
#1265=CIRCLE('',#1751,0.0011);
#1266=CIRCLE('',#1753,0.0016);
#1267=CIRCLE('',#1754,0.0016);
#1268=CIRCLE('',#1755,0.0016);
#1269=CIRCLE('',#1756,0.0016);
#1270=CIRCLE('',#1757,0.0016);
#1271=CIRCLE('',#1758,0.0016);
#1272=CIRCLE('',#1759,0.0252099999999995);
#1273=CIRCLE('',#1760,0.02521);
#1274=CIRCLE('',#1761,0.02521);
#1275=CIRCLE('',#1762,0.02521);
#1276=CIRCLE('',#1763,0.02521);
#1277=CIRCLE('',#1764,0.02521);
#1278=CIRCLE('',#1765,0.02521);
#1279=CIRCLE('',#1766,0.0252100000000006);
#1280=CIRCLE('',#1767,0.0252099999999996);
#1281=CIRCLE('',#1768,0.02521);
#1282=CIRCLE('',#1770,0.0016);
#1283=CIRCLE('',#1771,0.0016);
#1284=CIRCLE('',#1772,0.0016);
#1285=CIRCLE('',#1773,0.0016);
#1286=CIRCLE('',#1774,0.0016);
#1287=CIRCLE('',#1775,0.0016);
#1288=CIRCLE('',#1776,0.02521);
#1289=CIRCLE('',#1777,0.0252099999999996);
#1290=CIRCLE('',#1778,0.0252100000000006);
#1291=CIRCLE('',#1779,0.02521);
#1292=CIRCLE('',#1780,0.02521);
#1293=CIRCLE('',#1781,0.02521);
#1294=CIRCLE('',#1782,0.02521);
#1295=CIRCLE('',#1783,0.02521);
#1296=CIRCLE('',#1784,0.02521);
#1297=CIRCLE('',#1785,0.0252099999999995);
#1298=CIRCLE('',#1788,0.02921);
#1299=CIRCLE('',#1789,0.02921);
#1300=CIRCLE('',#1793,0.02921);
#1301=CIRCLE('',#1794,0.02921);
#1302=CIRCLE('',#1798,0.02921);
#1303=CIRCLE('',#1799,0.02921);
#1304=CIRCLE('',#1803,0.02921);
#1305=CIRCLE('',#1804,0.02921);
#1306=CIRCLE('',#1808,0.02921);
#1307=CIRCLE('',#1809,0.02921);
#1308=CIRCLE('',#1813,0.0292100000000006);
#1309=CIRCLE('',#1814,0.0292100000000006);
#1310=CIRCLE('',#1818,0.0292099999999996);
#1311=CIRCLE('',#1819,0.0292099999999996);
#1312=CIRCLE('',#1822,0.0011);
#1313=CIRCLE('',#1824,0.02921);
#1314=CIRCLE('',#1825,0.02921);
#1315=CIRCLE('',#1827,0.0011);
#1316=CIRCLE('',#1829,0.0011);
#1317=CIRCLE('',#1831,0.0292099999999995);
#1318=CIRCLE('',#1832,0.0292099999999995);
#1319=CIRCLE('',#1834,0.0011);
#1320=CIRCLE('',#1837,0.02921);
#1321=CIRCLE('',#1838,0.02921);
#1322=EDGE_LOOP('',(#341));
#1323=EDGE_LOOP('',(#342));
#1324=EDGE_LOOP('',(#343));
#1325=EDGE_LOOP('',(#344));
#1326=EDGE_LOOP('',(#345));
#1327=EDGE_LOOP('',(#346));
#1328=EDGE_LOOP('',(#347));
#1329=EDGE_LOOP('',(#348));
#1330=EDGE_LOOP('',(#349));
#1331=EDGE_LOOP('',(#350));
#1332=EDGE_LOOP('',(#351));
#1333=EDGE_LOOP('',(#352));
#1334=EDGE_LOOP('',(#353));
#1335=EDGE_LOOP('',(#354));
#1336=EDGE_LOOP('',(#355));
#1337=EDGE_LOOP('',(#356));
#1338=EDGE_LOOP('',(#357));
#1339=EDGE_LOOP('',(#358));
#1340=EDGE_LOOP('',(#359));
#1341=EDGE_LOOP('',(#360));
#1342=EDGE_LOOP('',(#361));
#1343=EDGE_LOOP('',(#362));
#1344=EDGE_LOOP('',(#363,#364,#365,#366,#367,#368));
#1345=EDGE_LOOP('',(#369,#370,#371,#372,#373,#374,#375,#376,#377,#378,#379,
#380,#381,#382,#383,#384,#385,#386,#387,#388,#389,#390,#391,#392,#393,#394,
#395,#396,#397,#398,#399,#400,#401,#402,#403,#404,#405,#406,#407,#408,#409,
#410,#411,#412,#413));
#1346=EDGE_LOOP('',(#414));
#1347=EDGE_LOOP('',(#415));
#1348=EDGE_LOOP('',(#416));
#1349=EDGE_LOOP('',(#417));
#1350=EDGE_LOOP('',(#418));
#1351=EDGE_LOOP('',(#419));
#1352=EDGE_LOOP('',(#420,#421,#422,#423,#424,#425));
#1353=EDGE_LOOP('',(#426,#427,#428,#429,#430,#431,#432,#433,#434,#435,#436,
#437,#438,#439,#440,#441,#442,#443,#444,#445,#446,#447,#448,#449,#450,#451,
#452,#453,#454,#455,#456,#457,#458,#459,#460,#461,#462,#463,#464,#465,#466,
#467,#468,#469,#470));
#1354=EDGE_LOOP('',(#471));
#1355=EDGE_LOOP('',(#472,#473,#474,#475,#476,#477));
#1356=EDGE_LOOP('',(#478,#479,#480,#481));
#1357=EDGE_LOOP('',(#482));
#1358=EDGE_LOOP('',(#483,#484,#485,#486,#487,#488));
#1359=EDGE_LOOP('',(#489));
#1360=EDGE_LOOP('',(#490,#491,#492,#493,#494,#495));
#1361=EDGE_LOOP('',(#496,#497,#498,#499));
#1362=EDGE_LOOP('',(#500));
#1363=EDGE_LOOP('',(#501,#502,#503,#504,#505,#506));
#1364=EDGE_LOOP('',(#507));
#1365=EDGE_LOOP('',(#508,#509,#510,#511,#512,#513));
#1366=EDGE_LOOP('',(#514,#515,#516,#517));
#1367=EDGE_LOOP('',(#518));
#1368=EDGE_LOOP('',(#519,#520,#521,#522,#523,#524));
#1369=EDGE_LOOP('',(#525));
#1370=EDGE_LOOP('',(#526,#527,#528,#529,#530,#531));
#1371=EDGE_LOOP('',(#532,#533,#534,#535));
#1372=EDGE_LOOP('',(#536));
#1373=EDGE_LOOP('',(#537,#538,#539,#540,#541,#542));
#1374=EDGE_LOOP('',(#543));
#1375=EDGE_LOOP('',(#544,#545,#546,#547,#548,#549));
#1376=EDGE_LOOP('',(#550,#551,#552,#553));
#1377=EDGE_LOOP('',(#554));
#1378=EDGE_LOOP('',(#555,#556,#557,#558,#559,#560));
#1379=EDGE_LOOP('',(#561));
#1380=EDGE_LOOP('',(#562,#563,#564,#565,#566,#567));
#1381=EDGE_LOOP('',(#568,#569,#570,#571));
#1382=EDGE_LOOP('',(#572));
#1383=EDGE_LOOP('',(#573,#574,#575,#576,#577,#578));
#1384=EDGE_LOOP('',(#579));
#1385=EDGE_LOOP('',(#580,#581,#582,#583,#584,#585));
#1386=EDGE_LOOP('',(#586,#587,#588,#589));
#1387=EDGE_LOOP('',(#590));
#1388=EDGE_LOOP('',(#591,#592,#593,#594,#595,#596));
#1389=EDGE_LOOP('',(#597));
#1390=EDGE_LOOP('',(#598,#599,#600,#601,#602,#603));
#1391=EDGE_LOOP('',(#604,#605,#606,#607));
#1392=EDGE_LOOP('',(#608));
#1393=EDGE_LOOP('',(#609,#610,#611,#612,#613,#614));
#1394=EDGE_LOOP('',(#615));
#1395=EDGE_LOOP('',(#616,#617,#618,#619,#620,#621));
#1396=EDGE_LOOP('',(#622,#623,#624,#625));
#1397=EDGE_LOOP('',(#626));
#1398=EDGE_LOOP('',(#627,#628,#629,#630,#631,#632));
#1399=EDGE_LOOP('',(#633));
#1400=EDGE_LOOP('',(#634,#635,#636,#637,#638,#639));
#1401=EDGE_LOOP('',(#640,#641,#642,#643));
#1402=EDGE_LOOP('',(#644,#645,#646,#647));
#1403=EDGE_LOOP('',(#648,#649,#650,#651));
#1404=EDGE_LOOP('',(#652,#653,#654,#655));
#1405=EDGE_LOOP('',(#656,#657,#658,#659));
#1406=EDGE_LOOP('',(#660,#661,#662,#663));
#1407=EDGE_LOOP('',(#664,#665,#666,#667));
#1408=EDGE_LOOP('',(#668));
#1409=EDGE_LOOP('',(#669,#670,#671,#672,#673,#674));
#1410=EDGE_LOOP('',(#675,#676,#677,#678));
#1411=EDGE_LOOP('',(#679,#680,#681,#682));
#1412=EDGE_LOOP('',(#683,#684,#685,#686));
#1413=EDGE_LOOP('',(#687,#688,#689,#690));
#1414=EDGE_LOOP('',(#691,#692,#693,#694));
#1415=EDGE_LOOP('',(#695,#696,#697,#698));
#1416=EDGE_LOOP('',(#699,#700,#701,#702));
#1417=EDGE_LOOP('',(#703,#704,#705,#706));
#1418=EDGE_LOOP('',(#707,#708,#709,#710));
#1419=EDGE_LOOP('',(#711,#712,#713,#714));
#1420=EDGE_LOOP('',(#715,#716,#717,#718));
#1421=EDGE_LOOP('',(#719,#720,#721,#722));
#1422=EDGE_LOOP('',(#723,#724,#725,#726));
#1423=EDGE_LOOP('',(#727,#728,#729,#730));
#1424=EDGE_LOOP('',(#731,#732,#733,#734));
#1425=EDGE_LOOP('',(#735,#736,#737,#738));
#1426=EDGE_LOOP('',(#739,#740,#741,#742));
#1427=EDGE_LOOP('',(#743,#744,#745,#746));
#1428=EDGE_LOOP('',(#747,#748,#749,#750));
#1429=EDGE_LOOP('',(#751,#752,#753,#754));
#1430=EDGE_LOOP('',(#755,#756,#757,#758));
#1431=EDGE_LOOP('',(#759,#760,#761,#762));
#1432=EDGE_LOOP('',(#763,#764,#765,#766));
#1433=EDGE_LOOP('',(#767,#768,#769,#770));
#1434=EDGE_LOOP('',(#771,#772,#773,#774));
#1435=EDGE_LOOP('',(#775));
#1436=EDGE_LOOP('',(#776));
#1437=EDGE_LOOP('',(#777));
#1438=EDGE_LOOP('',(#778));
#1439=EDGE_LOOP('',(#779,#780,#781,#782));
#1440=EDGE_LOOP('',(#783,#784,#785,#786));
#1441=EDGE_LOOP('',(#787,#788,#789,#790));
#1442=EDGE_LOOP('',(#791,#792,#793,#794));
#1443=EDGE_LOOP('',(#795,#796,#797,#798));
#1444=EDGE_LOOP('',(#799,#800,#801,#802));
#1445=EDGE_LOOP('',(#803,#804,#805,#806));
#1446=EDGE_LOOP('',(#807,#808,#809,#810));
#1447=EDGE_LOOP('',(#811,#812,#813,#814));
#1448=EDGE_LOOP('',(#815,#816,#817,#818));
#1449=EDGE_LOOP('',(#819));
#1450=EDGE_LOOP('',(#820));
#1451=EDGE_LOOP('',(#821));
#1452=EDGE_LOOP('',(#822));
#1453=EDGE_LOOP('',(#823));
#1454=EDGE_LOOP('',(#824));
#1455=EDGE_LOOP('',(#825));
#1456=EDGE_LOOP('',(#826));
#1457=EDGE_LOOP('',(#827));
#1458=EDGE_LOOP('',(#828));
#1459=EDGE_LOOP('',(#829));
#1460=EDGE_LOOP('',(#830));
#1461=FACE_BOUND('',#1322,.T.);
#1462=FACE_BOUND('',#1323,.T.);
#1463=FACE_BOUND('',#1324,.T.);
#1464=FACE_BOUND('',#1325,.T.);
#1465=FACE_BOUND('',#1326,.T.);
#1466=FACE_BOUND('',#1327,.T.);
#1467=FACE_BOUND('',#1328,.T.);
#1468=FACE_BOUND('',#1329,.T.);
#1469=FACE_BOUND('',#1330,.T.);
#1470=FACE_BOUND('',#1331,.T.);
#1471=FACE_BOUND('',#1332,.T.);
#1472=FACE_BOUND('',#1333,.T.);
#1473=FACE_BOUND('',#1334,.T.);
#1474=FACE_BOUND('',#1335,.T.);
#1475=FACE_BOUND('',#1336,.T.);
#1476=FACE_BOUND('',#1337,.T.);
#1477=FACE_BOUND('',#1338,.T.);
#1478=FACE_BOUND('',#1339,.T.);
#1479=FACE_BOUND('',#1340,.T.);
#1480=FACE_BOUND('',#1341,.T.);
#1481=FACE_BOUND('',#1342,.T.);
#1482=FACE_BOUND('',#1343,.T.);
#1483=FACE_BOUND('',#1344,.T.);
#1484=FACE_BOUND('',#1345,.T.);
#1485=FACE_BOUND('',#1346,.T.);
#1486=FACE_BOUND('',#1347,.T.);
#1487=FACE_BOUND('',#1348,.T.);
#1488=FACE_BOUND('',#1349,.T.);
#1489=FACE_BOUND('',#1350,.T.);
#1490=FACE_BOUND('',#1351,.T.);
#1491=FACE_BOUND('',#1352,.T.);
#1492=FACE_BOUND('',#1353,.T.);
#1493=FACE_BOUND('',#1354,.T.);
#1494=FACE_BOUND('',#1355,.T.);
#1495=FACE_BOUND('',#1356,.T.);
#1496=FACE_BOUND('',#1357,.T.);
#1497=FACE_BOUND('',#1358,.T.);
#1498=FACE_BOUND('',#1359,.T.);
#1499=FACE_BOUND('',#1360,.T.);
#1500=FACE_BOUND('',#1361,.T.);
#1501=FACE_BOUND('',#1362,.T.);
#1502=FACE_BOUND('',#1363,.T.);
#1503=FACE_BOUND('',#1364,.T.);
#1504=FACE_BOUND('',#1365,.T.);
#1505=FACE_BOUND('',#1366,.T.);
#1506=FACE_BOUND('',#1367,.T.);
#1507=FACE_BOUND('',#1368,.T.);
#1508=FACE_BOUND('',#1369,.T.);
#1509=FACE_BOUND('',#1370,.T.);
#1510=FACE_BOUND('',#1371,.T.);
#1511=FACE_BOUND('',#1372,.T.);
#1512=FACE_BOUND('',#1373,.T.);
#1513=FACE_BOUND('',#1374,.T.);
#1514=FACE_BOUND('',#1375,.T.);
#1515=FACE_BOUND('',#1376,.T.);
#1516=FACE_BOUND('',#1377,.T.);
#1517=FACE_BOUND('',#1378,.T.);
#1518=FACE_BOUND('',#1379,.T.);
#1519=FACE_BOUND('',#1380,.T.);
#1520=FACE_BOUND('',#1381,.T.);
#1521=FACE_BOUND('',#1382,.T.);
#1522=FACE_BOUND('',#1383,.T.);
#1523=FACE_BOUND('',#1384,.T.);
#1524=FACE_BOUND('',#1385,.T.);
#1525=FACE_BOUND('',#1386,.T.);
#1526=FACE_BOUND('',#1387,.T.);
#1527=FACE_BOUND('',#1388,.T.);
#1528=FACE_BOUND('',#1389,.T.);
#1529=FACE_BOUND('',#1390,.T.);
#1530=FACE_BOUND('',#1391,.T.);
#1531=FACE_BOUND('',#1392,.T.);
#1532=FACE_BOUND('',#1393,.T.);
#1533=FACE_BOUND('',#1394,.T.);
#1534=FACE_BOUND('',#1395,.T.);
#1535=FACE_BOUND('',#1396,.T.);
#1536=FACE_BOUND('',#1397,.T.);
#1537=FACE_BOUND('',#1398,.T.);
#1538=FACE_BOUND('',#1399,.T.);
#1539=FACE_BOUND('',#1400,.T.);
#1540=FACE_BOUND('',#1401,.T.);
#1541=FACE_BOUND('',#1402,.T.);
#1542=FACE_BOUND('',#1403,.T.);
#1543=FACE_BOUND('',#1404,.T.);
#1544=FACE_BOUND('',#1405,.T.);
#1545=FACE_BOUND('',#1406,.T.);
#1546=FACE_BOUND('',#1407,.T.);
#1547=FACE_BOUND('',#1408,.T.);
#1548=FACE_BOUND('',#1409,.T.);
#1549=FACE_BOUND('',#1410,.T.);
#1550=FACE_BOUND('',#1411,.T.);
#1551=FACE_BOUND('',#1412,.T.);
#1552=FACE_BOUND('',#1413,.T.);
#1553=FACE_BOUND('',#1414,.T.);
#1554=FACE_BOUND('',#1415,.T.);
#1555=FACE_BOUND('',#1416,.T.);
#1556=FACE_BOUND('',#1417,.T.);
#1557=FACE_BOUND('',#1418,.T.);
#1558=FACE_BOUND('',#1419,.T.);
#1559=FACE_BOUND('',#1420,.T.);
#1560=FACE_BOUND('',#1421,.T.);
#1561=FACE_BOUND('',#1422,.T.);
#1562=FACE_BOUND('',#1423,.T.);
#1563=FACE_BOUND('',#1424,.T.);
#1564=FACE_BOUND('',#1425,.T.);
#1565=FACE_BOUND('',#1426,.T.);
#1566=FACE_BOUND('',#1427,.T.);
#1567=FACE_BOUND('',#1428,.T.);
#1568=FACE_BOUND('',#1429,.T.);
#1569=FACE_BOUND('',#1430,.T.);
#1570=FACE_BOUND('',#1431,.T.);
#1571=FACE_BOUND('',#1432,.T.);
#1572=FACE_BOUND('',#1433,.T.);
#1573=FACE_BOUND('',#1434,.T.);
#1574=FACE_BOUND('',#1435,.T.);
#1575=FACE_BOUND('',#1436,.T.);
#1576=FACE_BOUND('',#1437,.T.);
#1577=FACE_BOUND('',#1438,.T.);
#1578=FACE_BOUND('',#1439,.T.);
#1579=FACE_BOUND('',#1440,.T.);
#1580=FACE_BOUND('',#1441,.T.);
#1581=FACE_BOUND('',#1442,.T.);
#1582=FACE_BOUND('',#1443,.T.);
#1583=FACE_BOUND('',#1444,.T.);
#1584=FACE_BOUND('',#1445,.T.);
#1585=FACE_BOUND('',#1446,.T.);
#1586=FACE_BOUND('',#1447,.T.);
#1587=FACE_BOUND('',#1448,.T.);
#1588=FACE_BOUND('',#1449,.T.);
#1589=FACE_BOUND('',#1450,.T.);
#1590=FACE_BOUND('',#1451,.T.);
#1591=FACE_BOUND('',#1452,.T.);
#1592=FACE_BOUND('',#1453,.T.);
#1593=FACE_BOUND('',#1454,.T.);
#1594=FACE_BOUND('',#1455,.T.);
#1595=FACE_BOUND('',#1456,.T.);
#1596=FACE_BOUND('',#1457,.T.);
#1597=FACE_BOUND('',#1458,.T.);
#1598=FACE_BOUND('',#1459,.T.);
#1599=FACE_BOUND('',#1460,.T.);
#1600=CYLINDRICAL_SURFACE('',#1728,0.0011);
#1601=CYLINDRICAL_SURFACE('',#1731,0.0011);
#1602=CYLINDRICAL_SURFACE('',#1734,0.0011);
#1603=CYLINDRICAL_SURFACE('',#1737,0.0011);
#1604=CYLINDRICAL_SURFACE('',#1740,0.0011);
#1605=CYLINDRICAL_SURFACE('',#1743,0.0011);
#1606=CYLINDRICAL_SURFACE('',#1746,0.0011);
#1607=CYLINDRICAL_SURFACE('',#1749,0.0011);
#1608=CYLINDRICAL_SURFACE('',#1787,0.02921);
#1609=CYLINDRICAL_SURFACE('',#1792,0.02921);
#1610=CYLINDRICAL_SURFACE('',#1797,0.02921);
#1611=CYLINDRICAL_SURFACE('',#1802,0.02921);
#1612=CYLINDRICAL_SURFACE('',#1807,0.02921);
#1613=CYLINDRICAL_SURFACE('',#1812,0.0292100000000006);
#1614=CYLINDRICAL_SURFACE('',#1817,0.0292099999999996);
#1615=CYLINDRICAL_SURFACE('',#1823,0.02921);
#1616=CYLINDRICAL_SURFACE('',#1830,0.0292099999999995);
#1617=CYLINDRICAL_SURFACE('',#1836,0.02921);
#1618=CYLINDRICAL_SURFACE('',#1871,0.0011);
#1619=CYLINDRICAL_SURFACE('',#1872,0.0011);
#1620=CYLINDRICAL_SURFACE('',#1873,0.0016);
#1621=CYLINDRICAL_SURFACE('',#1874,0.0016);
#1622=CYLINDRICAL_SURFACE('',#1875,0.0016);
#1623=CYLINDRICAL_SURFACE('',#1876,0.0016);
#1624=CYLINDRICAL_SURFACE('',#1877,0.0016);
#1625=CYLINDRICAL_SURFACE('',#1878,0.0016);
#1626=ADVANCED_FACE('',(#1461,#1462),#1600,.F.);
#1627=ADVANCED_FACE('',(#1463,#1464),#1601,.F.);
#1628=ADVANCED_FACE('',(#1465,#1466),#1602,.F.);
#1629=ADVANCED_FACE('',(#1467,#1468),#1603,.F.);
#1630=ADVANCED_FACE('',(#1469,#1470),#1604,.F.);
#1631=ADVANCED_FACE('',(#1471,#1472),#1605,.F.);
#1632=ADVANCED_FACE('',(#1473,#1474),#1606,.F.);
#1633=ADVANCED_FACE('',(#1475,#1476),#1607,.F.);
#1634=ADVANCED_FACE('',(#1477,#1478,#1479,#1480,#1481,#1482,#1483,#1484),
#308,.T.);
#1635=ADVANCED_FACE('',(#1485,#1486,#1487,#1488,#1489,#1490,#1491,#1492),
#309,.F.);
#1636=ADVANCED_FACE('',(#1493,#1494),#310,.F.);
#1637=ADVANCED_FACE('',(#1495),#1608,.T.);
#1638=ADVANCED_FACE('',(#1496,#1497),#311,.F.);
#1639=ADVANCED_FACE('',(#1498,#1499),#312,.F.);
#1640=ADVANCED_FACE('',(#1500),#1609,.T.);
#1641=ADVANCED_FACE('',(#1501,#1502),#313,.T.);
#1642=ADVANCED_FACE('',(#1503,#1504),#314,.F.);
#1643=ADVANCED_FACE('',(#1505),#1610,.T.);
#1644=ADVANCED_FACE('',(#1506,#1507),#315,.F.);
#1645=ADVANCED_FACE('',(#1508,#1509),#316,.F.);
#1646=ADVANCED_FACE('',(#1510),#1611,.T.);
#1647=ADVANCED_FACE('',(#1511,#1512),#317,.T.);
#1648=ADVANCED_FACE('',(#1513,#1514),#318,.F.);
#1649=ADVANCED_FACE('',(#1515),#1612,.T.);
#1650=ADVANCED_FACE('',(#1516,#1517),#319,.F.);
#1651=ADVANCED_FACE('',(#1518,#1519),#320,.F.);
#1652=ADVANCED_FACE('',(#1520),#1613,.T.);
#1653=ADVANCED_FACE('',(#1521,#1522),#321,.T.);
#1654=ADVANCED_FACE('',(#1523,#1524),#322,.F.);
#1655=ADVANCED_FACE('',(#1525),#1614,.T.);
#1656=ADVANCED_FACE('',(#1526,#1527),#323,.F.);
#1657=ADVANCED_FACE('',(#1528,#1529),#324,.F.);
#1658=ADVANCED_FACE('',(#1530),#1615,.T.);
#1659=ADVANCED_FACE('',(#1531,#1532),#325,.T.);
#1660=ADVANCED_FACE('',(#1533,#1534),#326,.F.);
#1661=ADVANCED_FACE('',(#1535),#1616,.T.);
#1662=ADVANCED_FACE('',(#1536,#1537),#327,.F.);
#1663=ADVANCED_FACE('',(#1538,#1539),#328,.F.);
#1664=ADVANCED_FACE('',(#1540),#1617,.T.);
#1665=ADVANCED_FACE('',(#1541),#329,.T.);
#1666=ADVANCED_FACE('',(#1542),#330,.T.);
#1667=ADVANCED_FACE('',(#1543),#331,.T.);
#1668=ADVANCED_FACE('',(#1544),#332,.T.);
#1669=ADVANCED_FACE('',(#1545),#333,.T.);
#1670=ADVANCED_FACE('',(#1546),#334,.T.);
#1671=ADVANCED_FACE('',(#1547,#1548),#335,.T.);
#1672=ADVANCED_FACE('',(#1549),#22,.T.);
#1673=ADVANCED_FACE('',(#1550),#23,.T.);
#1674=ADVANCED_FACE('',(#1551),#24,.T.);
#1675=ADVANCED_FACE('',(#1552),#25,.T.);
#1676=ADVANCED_FACE('',(#1553),#26,.T.);
#1677=ADVANCED_FACE('',(#1554),#27,.T.);
#1678=ADVANCED_FACE('',(#1555),#28,.T.);
#1679=ADVANCED_FACE('',(#1556),#29,.T.);
#1680=ADVANCED_FACE('',(#1557),#30,.T.);
#1681=ADVANCED_FACE('',(#1558),#31,.T.);
#1682=ADVANCED_FACE('',(#1559),#32,.T.);
#1683=ADVANCED_FACE('',(#1560),#33,.T.);
#1684=ADVANCED_FACE('',(#1561),#34,.T.);
#1685=ADVANCED_FACE('',(#1562),#35,.T.);
#1686=ADVANCED_FACE('',(#1563),#36,.T.);
#1687=ADVANCED_FACE('',(#1564),#37,.T.);
#1688=ADVANCED_FACE('',(#1565),#38,.T.);
#1689=ADVANCED_FACE('',(#1566),#39,.T.);
#1690=ADVANCED_FACE('',(#1567),#40,.T.);
#1691=ADVANCED_FACE('',(#1568),#41,.T.);
#1692=ADVANCED_FACE('',(#1569),#336,.T.);
#1693=ADVANCED_FACE('',(#1570),#337,.T.);
#1694=ADVANCED_FACE('',(#1571),#338,.T.);
#1695=ADVANCED_FACE('',(#1572),#339,.T.);
#1696=ADVANCED_FACE('',(#1573),#340,.T.);
#1697=ADVANCED_FACE('',(#1574,#1575),#1618,.F.);
#1698=ADVANCED_FACE('',(#1576,#1577),#1619,.F.);
#1699=ADVANCED_FACE('',(#1578),#12,.F.);
#1700=ADVANCED_FACE('',(#1579),#13,.F.);
#1701=ADVANCED_FACE('',(#1580),#14,.F.);
#1702=ADVANCED_FACE('',(#1581),#15,.F.);
#1703=ADVANCED_FACE('',(#1582),#16,.F.);
#1704=ADVANCED_FACE('',(#1583),#17,.F.);
#1705=ADVANCED_FACE('',(#1584),#18,.F.);
#1706=ADVANCED_FACE('',(#1585),#19,.F.);
#1707=ADVANCED_FACE('',(#1586),#20,.F.);
#1708=ADVANCED_FACE('',(#1587),#21,.F.);
#1709=ADVANCED_FACE('',(#1588,#1589),#1620,.F.);
#1710=ADVANCED_FACE('',(#1590,#1591),#1621,.F.);
#1711=ADVANCED_FACE('',(#1592,#1593),#1622,.F.);
#1712=ADVANCED_FACE('',(#1594,#1595),#1623,.F.);
#1713=ADVANCED_FACE('',(#1596,#1597),#1624,.F.);
#1714=ADVANCED_FACE('',(#1598,#1599),#1625,.F.);
#1715=CLOSED_SHELL('',(#1626,#1627,#1628,#1629,#1630,#1631,#1632,#1633,
#1634,#1635,#1636,#1637,#1638,#1639,#1640,#1641,#1642,#1643,#1644,#1645,
#1646,#1647,#1648,#1649,#1650,#1651,#1652,#1653,#1654,#1655,#1656,#1657,
#1658,#1659,#1660,#1661,#1662,#1663,#1664,#1665,#1666,#1667,#1668,#1669,
#1670,#1671,#1672,#1673,#1674,#1675,#1676,#1677,#1678,#1679,#1680,#1681,
#1682,#1683,#1684,#1685,#1686,#1687,#1688,#1689,#1690,#1691,#1692,#1693,
#1694,#1695,#1696,#1697,#1698,#1699,#1700,#1701,#1702,#1703,#1704,#1705,
#1706,#1707,#1708,#1709,#1710,#1711,#1712,#1713,#1714));
#1716=STYLED_ITEM('',(#1717),#1724);
#1717=PRESENTATION_STYLE_ASSIGNMENT((#1718));
#1718=SURFACE_STYLE_USAGE(.BOTH.,#1719);
#1719=SURFACE_SIDE_STYLE('',(#1720));
#1720=SURFACE_STYLE_FILL_AREA(#1721);
#1721=FILL_AREA_STYLE('',(#1722));
#1722=FILL_AREA_STYLE_COLOUR('',#1723);
#1723=COLOUR_RGB('',0.654901960784314,0.584313725490196,0.823529411764706);
#1724=MANIFOLD_SOLID_BREP('hub',#1715);
#1725=SHAPE_DEFINITION_REPRESENTATION(#3221,#1726);
#1726=SHAPE_REPRESENTATION('hub',(#1727),#3216);
#1727=AXIS2_PLACEMENT_3D('',#2276,#1879,#1880);
#1728=AXIS2_PLACEMENT_3D('',#2277,#1881,#1882);
#1729=AXIS2_PLACEMENT_3D('',#2278,#1883,#1884);
#1730=AXIS2_PLACEMENT_3D('',#2280,#1885,#1886);
#1731=AXIS2_PLACEMENT_3D('',#2282,#1887,#1888);
#1732=AXIS2_PLACEMENT_3D('',#2283,#1889,#1890);
#1733=AXIS2_PLACEMENT_3D('',#2285,#1891,#1892);
#1734=AXIS2_PLACEMENT_3D('',#2287,#1893,#1894);
#1735=AXIS2_PLACEMENT_3D('',#2288,#1895,#1896);
#1736=AXIS2_PLACEMENT_3D('',#2290,#1897,#1898);
#1737=AXIS2_PLACEMENT_3D('',#2292,#1899,#1900);
#1738=AXIS2_PLACEMENT_3D('',#2293,#1901,#1902);
#1739=AXIS2_PLACEMENT_3D('',#2295,#1903,#1904);
#1740=AXIS2_PLACEMENT_3D('',#2297,#1905,#1906);
#1741=AXIS2_PLACEMENT_3D('',#2298,#1907,#1908);
#1742=AXIS2_PLACEMENT_3D('',#2300,#1909,#1910);
#1743=AXIS2_PLACEMENT_3D('',#2302,#1911,#1912);
#1744=AXIS2_PLACEMENT_3D('',#2303,#1913,#1914);
#1745=AXIS2_PLACEMENT_3D('',#2305,#1915,#1916);
#1746=AXIS2_PLACEMENT_3D('',#2307,#1917,#1918);
#1747=AXIS2_PLACEMENT_3D('',#2308,#1919,#1920);
#1748=AXIS2_PLACEMENT_3D('',#2310,#1921,#1922);
#1749=AXIS2_PLACEMENT_3D('',#2312,#1923,#1924);
#1750=AXIS2_PLACEMENT_3D('',#2313,#1925,#1926);
#1751=AXIS2_PLACEMENT_3D('',#2315,#1927,#1928);
#1752=AXIS2_PLACEMENT_3D('',#2317,#1929,#1930);
#1753=AXIS2_PLACEMENT_3D('',#2318,#1931,#1932);
#1754=AXIS2_PLACEMENT_3D('',#2320,#1933,#1934);
#1755=AXIS2_PLACEMENT_3D('',#2322,#1935,#1936);
#1756=AXIS2_PLACEMENT_3D('',#2324,#1937,#1938);
#1757=AXIS2_PLACEMENT_3D('',#2326,#1939,#1940);
#1758=AXIS2_PLACEMENT_3D('',#2328,#1941,#1942);
#1759=AXIS2_PLACEMENT_3D('',#2361,#1952,#1953);
#1760=AXIS2_PLACEMENT_3D('',#2367,#1956,#1957);
#1761=AXIS2_PLACEMENT_3D('',#2387,#1961,#1962);
#1762=AXIS2_PLACEMENT_3D('',#2393,#1965,#1966);
#1763=AXIS2_PLACEMENT_3D('',#2413,#1970,#1971);
#1764=AXIS2_PLACEMENT_3D('',#2419,#1974,#1975);
#1765=AXIS2_PLACEMENT_3D('',#2439,#1979,#1980);
#1766=AXIS2_PLACEMENT_3D('',#2445,#1983,#1984);
#1767=AXIS2_PLACEMENT_3D('',#2465,#1988,#1989);
#1768=AXIS2_PLACEMENT_3D('',#2471,#1992,#1993);
#1769=AXIS2_PLACEMENT_3D('',#2472,#1994,#1995);
#1770=AXIS2_PLACEMENT_3D('',#2473,#1996,#1997);
#1771=AXIS2_PLACEMENT_3D('',#2475,#1998,#1999);
#1772=AXIS2_PLACEMENT_3D('',#2477,#2000,#2001);
#1773=AXIS2_PLACEMENT_3D('',#2479,#2002,#2003);
#1774=AXIS2_PLACEMENT_3D('',#2481,#2004,#2005);
#1775=AXIS2_PLACEMENT_3D('',#2483,#2006,#2007);
#1776=AXIS2_PLACEMENT_3D('',#2508,#2016,#2017);
#1777=AXIS2_PLACEMENT_3D('',#2514,#2020,#2021);
#1778=AXIS2_PLACEMENT_3D('',#2534,#2025,#2026);
#1779=AXIS2_PLACEMENT_3D('',#2540,#2029,#2030);
#1780=AXIS2_PLACEMENT_3D('',#2560,#2034,#2035);
#1781=AXIS2_PLACEMENT_3D('',#2566,#2038,#2039);
#1782=AXIS2_PLACEMENT_3D('',#2586,#2043,#2044);
#1783=AXIS2_PLACEMENT_3D('',#2592,#2047,#2048);
#1784=AXIS2_PLACEMENT_3D('',#2612,#2052,#2053);
#1785=AXIS2_PLACEMENT_3D('',#2618,#2056,#2057);
#1786=AXIS2_PLACEMENT_3D('',#2627,#2059,#2060);
#1787=AXIS2_PLACEMENT_3D('',#2645,#2062,#2063);
#1788=AXIS2_PLACEMENT_3D('',#2646,#2064,#2065);
#1789=AXIS2_PLACEMENT_3D('',#2650,#2067,#2068);
#1790=AXIS2_PLACEMENT_3D('',#2651,#2069,#2070);
#1791=AXIS2_PLACEMENT_3D('',#2663,#2072,#2073);
#1792=AXIS2_PLACEMENT_3D('',#2677,#2075,#2076);
#1793=AXIS2_PLACEMENT_3D('',#2678,#2077,#2078);
#1794=AXIS2_PLACEMENT_3D('',#2682,#2080,#2081);
#1795=AXIS2_PLACEMENT_3D('',#2683,#2082,#2083);
#1796=AXIS2_PLACEMENT_3D('',#2698,#2084,#2085);
#1797=AXIS2_PLACEMENT_3D('',#2716,#2087,#2088);
#1798=AXIS2_PLACEMENT_3D('',#2717,#2089,#2090);
#1799=AXIS2_PLACEMENT_3D('',#2721,#2092,#2093);
#1800=AXIS2_PLACEMENT_3D('',#2722,#2094,#2095);
#1801=AXIS2_PLACEMENT_3D('',#2734,#2097,#2098);
#1802=AXIS2_PLACEMENT_3D('',#2748,#2100,#2101);
#1803=AXIS2_PLACEMENT_3D('',#2749,#2102,#2103);
#1804=AXIS2_PLACEMENT_3D('',#2753,#2105,#2106);
#1805=AXIS2_PLACEMENT_3D('',#2754,#2107,#2108);
#1806=AXIS2_PLACEMENT_3D('',#2769,#2109,#2110);
#1807=AXIS2_PLACEMENT_3D('',#2787,#2112,#2113);
#1808=AXIS2_PLACEMENT_3D('',#2788,#2114,#2115);
#1809=AXIS2_PLACEMENT_3D('',#2792,#2117,#2118);
#1810=AXIS2_PLACEMENT_3D('',#2793,#2119,#2120);
#1811=AXIS2_PLACEMENT_3D('',#2805,#2122,#2123);
#1812=AXIS2_PLACEMENT_3D('',#2819,#2125,#2126);
#1813=AXIS2_PLACEMENT_3D('',#2820,#2127,#2128);
#1814=AXIS2_PLACEMENT_3D('',#2824,#2130,#2131);
#1815=AXIS2_PLACEMENT_3D('',#2825,#2132,#2133);
#1816=AXIS2_PLACEMENT_3D('',#2840,#2134,#2135);
#1817=AXIS2_PLACEMENT_3D('',#2858,#2137,#2138);
#1818=AXIS2_PLACEMENT_3D('',#2859,#2139,#2140);
#1819=AXIS2_PLACEMENT_3D('',#2863,#2142,#2143);
#1820=AXIS2_PLACEMENT_3D('',#2864,#2144,#2145);
#1821=AXIS2_PLACEMENT_3D('',#2876,#2147,#2148);
#1822=AXIS2_PLACEMENT_3D('',#2877,#2149,#2150);
#1823=AXIS2_PLACEMENT_3D('',#2892,#2152,#2153);
#1824=AXIS2_PLACEMENT_3D('',#2893,#2154,#2155);
#1825=AXIS2_PLACEMENT_3D('',#2897,#2157,#2158);
#1826=AXIS2_PLACEMENT_3D('',#2898,#2159,#2160);
#1827=AXIS2_PLACEMENT_3D('',#2899,#2161,#2162);
#1828=AXIS2_PLACEMENT_3D('',#2915,#2163,#2164);
#1829=AXIS2_PLACEMENT_3D('',#2916,#2165,#2166);
#1830=AXIS2_PLACEMENT_3D('',#2935,#2168,#2169);
#1831=AXIS2_PLACEMENT_3D('',#2936,#2170,#2171);
#1832=AXIS2_PLACEMENT_3D('',#2940,#2173,#2174);
#1833=AXIS2_PLACEMENT_3D('',#2941,#2175,#2176);
#1834=AXIS2_PLACEMENT_3D('',#2942,#2177,#2178);
#1835=AXIS2_PLACEMENT_3D('',#2955,#2180,#2181);
#1836=AXIS2_PLACEMENT_3D('',#2969,#2183,#2184);
#1837=AXIS2_PLACEMENT_3D('',#2970,#2185,#2186);
#1838=AXIS2_PLACEMENT_3D('',#2974,#2188,#2189);
#1839=AXIS2_PLACEMENT_3D('',#2975,#2190,#2191);
#1840=AXIS2_PLACEMENT_3D('',#2978,#2194,#2195);
#1841=AXIS2_PLACEMENT_3D('',#2980,#2197,#2198);
#1842=AXIS2_PLACEMENT_3D('',#2982,#2200,#2201);
#1843=AXIS2_PLACEMENT_3D('',#2984,#2203,#2204);
#1844=AXIS2_PLACEMENT_3D('',#2986,#2206,#2207);
#1845=AXIS2_PLACEMENT_3D('',#2987,#2208,#2209);
#1846=AXIS2_PLACEMENT_3D('',#3002,#2210,#2211);
#1847=AXIS2_PLACEMENT_3D('',#3003,#2212,#2213);
#1848=AXIS2_PLACEMENT_3D('',#3004,#2214,#2215);
#1849=AXIS2_PLACEMENT_3D('',#3005,#2216,#2217);
#1850=AXIS2_PLACEMENT_3D('',#3006,#2218,#2219);
#1851=AXIS2_PLACEMENT_3D('',#3007,#2220,#2221);
#1852=AXIS2_PLACEMENT_3D('',#3008,#2222,#2223);
#1853=AXIS2_PLACEMENT_3D('',#3009,#2224,#2225);
#1854=AXIS2_PLACEMENT_3D('',#3010,#2226,#2227);
#1855=AXIS2_PLACEMENT_3D('',#3011,#2228,#2229);
#1856=AXIS2_PLACEMENT_3D('',#3012,#2230,#2231);
#1857=AXIS2_PLACEMENT_3D('',#3013,#2232,#2233);
#1858=AXIS2_PLACEMENT_3D('',#3014,#2234,#2235);
#1859=AXIS2_PLACEMENT_3D('',#3015,#2236,#2237);
#1860=AXIS2_PLACEMENT_3D('',#3016,#2238,#2239);
#1861=AXIS2_PLACEMENT_3D('',#3017,#2240,#2241);
#1862=AXIS2_PLACEMENT_3D('',#3018,#2242,#2243);
#1863=AXIS2_PLACEMENT_3D('',#3019,#2244,#2245);
#1864=AXIS2_PLACEMENT_3D('',#3020,#2246,#2247);
#1865=AXIS2_PLACEMENT_3D('',#3021,#2248,#2249);
#1866=AXIS2_PLACEMENT_3D('',#3022,#2250,#2251);
#1867=AXIS2_PLACEMENT_3D('',#3031,#2252,#2253);
#1868=AXIS2_PLACEMENT_3D('',#3040,#2254,#2255);
#1869=AXIS2_PLACEMENT_3D('',#3049,#2256,#2257);
#1870=AXIS2_PLACEMENT_3D('',#3058,#2258,#2259);
#1871=AXIS2_PLACEMENT_3D('',#3067,#2260,#2261);
#1872=AXIS2_PLACEMENT_3D('',#3068,#2262,#2263);
#1873=AXIS2_PLACEMENT_3D('',#3209,#2264,#2265);
#1874=AXIS2_PLACEMENT_3D('',#3210,#2266,#2267);
#1875=AXIS2_PLACEMENT_3D('',#3211,#2268,#2269);
#1876=AXIS2_PLACEMENT_3D('',#3212,#2270,#2271);
#1877=AXIS2_PLACEMENT_3D('',#3213,#2272,#2273);
#1878=AXIS2_PLACEMENT_3D('',#3214,#2274,#2275);
#1879=DIRECTION('',(0.,0.,1.));
#1880=DIRECTION('',(1.,0.,0.));
#1881=DIRECTION('',(-0.309016994374947,0.,-0.951056516295154));
#1882=DIRECTION('',(-0.951056516295154,0.,0.309016994374947));
#1883=DIRECTION('',(-0.309016994374947,0.,-0.951056516295154));
#1884=DIRECTION('',(-0.951056516295154,0.,0.309016994374947));
#1885=DIRECTION('',(-0.309016994374947,0.,-0.951056516295154));
#1886=DIRECTION('',(-0.951056516295154,0.,0.309016994374947));
#1887=DIRECTION('',(-0.309016994374947,0.,-0.951056516295154));
#1888=DIRECTION('',(-0.951056516295154,0.,0.309016994374947));
#1889=DIRECTION('',(-0.309016994374947,0.,-0.951056516295154));
#1890=DIRECTION('',(-0.951056516295154,0.,0.309016994374947));
#1891=DIRECTION('',(-0.309016994374947,0.,-0.951056516295154));
#1892=DIRECTION('',(-0.951056516295154,0.,0.309016994374947));
#1893=DIRECTION('',(0.809016994374948,0.,-0.587785252292473));
#1894=DIRECTION('',(-0.587785252292473,0.,-0.809016994374948));
#1895=DIRECTION('',(0.809016994374948,0.,-0.587785252292473));
#1896=DIRECTION('',(-0.587785252292473,0.,-0.809016994374948));
#1897=DIRECTION('',(0.809016994374948,0.,-0.587785252292473));
#1898=DIRECTION('',(-0.587785252292473,0.,-0.809016994374948));
#1899=DIRECTION('',(0.809016994374948,0.,-0.587785252292473));
#1900=DIRECTION('',(-0.587785252292473,0.,-0.809016994374948));
#1901=DIRECTION('',(0.809016994374948,0.,-0.587785252292472));
#1902=DIRECTION('',(-0.587785252292473,0.,-0.809016994374948));
#1903=DIRECTION('',(0.809016994374948,0.,-0.587785252292472));
#1904=DIRECTION('',(-0.587785252292473,0.,-0.809016994374948));
#1905=DIRECTION('',(0.809016994374947,0.,0.587785252292473));
#1906=DIRECTION('',(0.587785252292473,0.,-0.809016994374947));
#1907=DIRECTION('',(0.809016994374947,0.,0.587785252292473));
#1908=DIRECTION('',(0.587785252292473,0.,-0.809016994374947));
#1909=DIRECTION('',(0.809016994374947,0.,0.587785252292473));
#1910=DIRECTION('',(0.587785252292473,0.,-0.809016994374947));
#1911=DIRECTION('',(0.809016994374947,0.,0.587785252292473));
#1912=DIRECTION('',(0.587785252292473,0.,-0.809016994374947));
#1913=DIRECTION('',(0.809016994374947,0.,0.587785252292474));
#1914=DIRECTION('',(0.587785252292474,0.,-0.809016994374947));
#1915=DIRECTION('',(0.809016994374947,0.,0.587785252292474));
#1916=DIRECTION('',(0.587785252292474,0.,-0.809016994374947));
#1917=DIRECTION('',(-0.309016994374948,0.,0.951056516295154));
#1918=DIRECTION('',(0.951056516295154,0.,0.309016994374948));
#1919=DIRECTION('',(-0.309016994374948,0.,0.951056516295154));
#1920=DIRECTION('',(0.951056516295154,0.,0.309016994374948));
#1921=DIRECTION('',(-0.309016994374948,0.,0.951056516295153));
#1922=DIRECTION('',(0.951056516295154,0.,0.309016994374948));
#1923=DIRECTION('',(-0.309016994374948,0.,0.951056516295154));
#1924=DIRECTION('',(0.951056516295154,0.,0.309016994374948));
#1925=DIRECTION('',(-0.309016994374948,0.,0.951056516295153));
#1926=DIRECTION('',(0.951056516295153,0.,0.309016994374948));
#1927=DIRECTION('',(-0.309016994374948,0.,0.951056516295153));
#1928=DIRECTION('',(0.951056516295153,0.,0.309016994374948));
#1929=DIRECTION('',(0.,-1.,0.));
#1930=DIRECTION('',(1.,0.,0.));
#1931=DIRECTION('',(0.,-1.,0.));
#1932=DIRECTION('',(0.,0.,-1.));
#1933=DIRECTION('',(0.,-1.,0.));
#1934=DIRECTION('',(0.,0.,-1.));
#1935=DIRECTION('',(0.,-1.,0.));
#1936=DIRECTION('',(0.,0.,-1.));
#1937=DIRECTION('',(0.,-1.,0.));
#1938=DIRECTION('',(0.,0.,-1.));
#1939=DIRECTION('',(0.,-1.,0.));
#1940=DIRECTION('',(0.,0.,-1.));
#1941=DIRECTION('',(0.,-1.,0.));
#1942=DIRECTION('',(0.,0.,-1.));
#1943=DIRECTION('',(0.866025403784438,0.,-0.5));
#1944=DIRECTION('',(-4.73106402539129E-16,0.,-1.));
#1945=DIRECTION('',(-0.866025403784439,0.,-0.5));
#1946=DIRECTION('',(-0.866025403784438,0.,0.5));
#1947=DIRECTION('',(7.88510670898549E-16,0.,1.));
#1948=DIRECTION('',(0.866025403784439,0.,0.5));
#1949=DIRECTION('',(-6.26758440746058E-16,0.,1.));
#1950=DIRECTION('',(-1.,0.,-3.8204966968857E-16));
#1951=DIRECTION('',(-1.56689610186514E-16,0.,1.));
#1952=DIRECTION('',(0.,-1.,0.));
#1953=DIRECTION('',(0.,0.,-1.));
#1954=DIRECTION('',(1.7553972926841E-16,0.,-1.));
#1955=DIRECTION('',(-0.951056516295154,0.,0.309016994374947));
#1956=DIRECTION('',(0.,-1.,0.));
#1957=DIRECTION('',(0.,0.,-1.));
#1958=DIRECTION('',(-0.951056516295154,0.,0.309016994374947));
#1959=DIRECTION('',(-0.309016994374947,0.,-0.951056516295154));
#1960=DIRECTION('',(-0.951056516295154,0.,0.309016994374947));
#1961=DIRECTION('',(0.,-1.,0.));
#1962=DIRECTION('',(0.,0.,-1.));
#1963=DIRECTION('',(0.951056516295154,0.,-0.309016994374948));
#1964=DIRECTION('',(-0.587785252292473,0.,-0.809016994374948));
#1965=DIRECTION('',(0.,-1.,0.));
#1966=DIRECTION('',(0.,0.,-1.));
#1967=DIRECTION('',(-0.587785252292473,0.,-0.809016994374948));
#1968=DIRECTION('',(0.809016994374948,0.,-0.587785252292473));
#1969=DIRECTION('',(-0.587785252292473,0.,-0.809016994374948));
#1970=DIRECTION('',(0.,-1.,0.));
#1971=DIRECTION('',(0.,0.,-1.));
#1972=DIRECTION('',(0.587785252292473,0.,0.809016994374947));
#1973=DIRECTION('',(0.587785252292474,0.,-0.809016994374947));
#1974=DIRECTION('',(0.,-1.,0.));
#1975=DIRECTION('',(0.,0.,-1.));
#1976=DIRECTION('',(0.587785252292474,0.,-0.809016994374947));
#1977=DIRECTION('',(0.809016994374947,0.,0.587785252292473));
#1978=DIRECTION('',(0.587785252292473,0.,-0.809016994374948));
#1979=DIRECTION('',(0.,-1.,0.));
#1980=DIRECTION('',(0.,0.,-1.));
#1981=DIRECTION('',(-0.587785252292473,0.,0.809016994374948));
#1982=DIRECTION('',(0.951056516295154,0.,0.309016994374948));
#1983=DIRECTION('',(0.,-1.,0.));
#1984=DIRECTION('',(0.,0.,-1.));
#1985=DIRECTION('',(0.951056516295154,0.,0.309016994374948));
#1986=DIRECTION('',(-0.309016994374948,0.,0.951056516295154));
#1987=DIRECTION('',(0.951056516295154,0.,0.309016994374948));
#1988=DIRECTION('',(0.,-1.,0.));
#1989=DIRECTION('',(0.,0.,-1.));
#1990=DIRECTION('',(-0.951056516295154,0.,-0.309016994374948));
#1991=DIRECTION('',(-7.02158917073641E-16,0.,1.));
#1992=DIRECTION('',(0.,-1.,0.));
#1993=DIRECTION('',(0.,0.,-1.));
#1994=DIRECTION('',(0.,-1.,0.));
#1995=DIRECTION('',(1.,0.,0.));
#1996=DIRECTION('',(0.,-1.,0.));
#1997=DIRECTION('',(0.,0.,-1.));
#1998=DIRECTION('',(0.,-1.,0.));
#1999=DIRECTION('',(0.,0.,-1.));
#2000=DIRECTION('',(0.,-1.,0.));
#2001=DIRECTION('',(0.,0.,-1.));
#2002=DIRECTION('',(0.,-1.,0.));
#2003=DIRECTION('',(0.,0.,-1.));
#2004=DIRECTION('',(0.,-1.,0.));
#2005=DIRECTION('',(0.,0.,-1.));
#2006=DIRECTION('',(0.,-1.,0.));
#2007=DIRECTION('',(0.,0.,-1.));
#2008=DIRECTION('',(0.866025403784438,0.,-0.5));
#2009=DIRECTION('',(0.866025403784439,0.,0.5));
#2010=DIRECTION('',(7.88510670898549E-16,0.,1.));
#2011=DIRECTION('',(-0.866025403784438,0.,0.5));
#2012=DIRECTION('',(-0.866025403784439,0.,-0.5));
#2013=DIRECTION('',(-4.73106402539129E-16,0.,-1.));
#2014=DIRECTION('',(-1.,0.,-3.8204966968857E-16));
#2015=DIRECTION('',(-6.26758440746058E-16,0.,1.));
#2016=DIRECTION('',(0.,-1.,0.));
#2017=DIRECTION('',(0.,0.,-1.));
#2018=DIRECTION('',(-7.02158917073641E-16,0.,1.));
#2019=DIRECTION('',(-0.951056516295154,0.,-0.309016994374948));
#2020=DIRECTION('',(0.,-1.,0.));
#2021=DIRECTION('',(0.,0.,-1.));
#2022=DIRECTION('',(0.951056516295154,0.,0.309016994374948));
#2023=DIRECTION('',(-0.309016994374948,0.,0.951056516295154));
#2024=DIRECTION('',(0.951056516295154,0.,0.309016994374948));
#2025=DIRECTION('',(0.,-1.,0.));
#2026=DIRECTION('',(0.,0.,-1.));
#2027=DIRECTION('',(0.951056516295154,0.,0.309016994374948));
#2028=DIRECTION('',(-0.587785252292473,0.,0.809016994374948));
#2029=DIRECTION('',(0.,-1.,0.));
#2030=DIRECTION('',(0.,0.,-1.));
#2031=DIRECTION('',(0.587785252292473,0.,-0.809016994374948));
#2032=DIRECTION('',(0.809016994374947,0.,0.587785252292473));
#2033=DIRECTION('',(0.587785252292474,0.,-0.809016994374947));
#2034=DIRECTION('',(0.,-1.,0.));
#2035=DIRECTION('',(0.,0.,-1.));
#2036=DIRECTION('',(0.587785252292474,0.,-0.809016994374947));
#2037=DIRECTION('',(0.587785252292473,0.,0.809016994374947));
#2038=DIRECTION('',(0.,-1.,0.));
#2039=DIRECTION('',(0.,0.,-1.));
#2040=DIRECTION('',(-0.587785252292473,0.,-0.809016994374948));
#2041=DIRECTION('',(0.809016994374948,0.,-0.587785252292473));
#2042=DIRECTION('',(-0.587785252292473,0.,-0.809016994374948));
#2043=DIRECTION('',(0.,-1.,0.));
#2044=DIRECTION('',(0.,0.,-1.));
#2045=DIRECTION('',(-0.587785252292473,0.,-0.809016994374948));
#2046=DIRECTION('',(0.951056516295154,0.,-0.309016994374948));
#2047=DIRECTION('',(0.,-1.,0.));
#2048=DIRECTION('',(0.,0.,-1.));
#2049=DIRECTION('',(-0.951056516295154,0.,0.309016994374947));
#2050=DIRECTION('',(-0.309016994374947,0.,-0.951056516295154));
#2051=DIRECTION('',(-0.951056516295154,0.,0.309016994374947));
#2052=DIRECTION('',(0.,-1.,0.));
#2053=DIRECTION('',(0.,0.,-1.));
#2054=DIRECTION('',(-0.951056516295154,0.,0.309016994374947));
#2055=DIRECTION('',(1.7553972926841E-16,0.,-1.));
#2056=DIRECTION('',(0.,-1.,0.));
#2057=DIRECTION('',(0.,0.,-1.));
#2058=DIRECTION('',(-1.56689610186514E-16,0.,1.));
#2059=DIRECTION('',(-0.309016994374947,0.,-0.951056516295154));
#2060=DIRECTION('',(-0.951056516295154,0.,0.309016994374947));
#2061=DIRECTION('',(0.,1.,0.));
#2062=DIRECTION('',(0.,1.,0.));
#2063=DIRECTION('',(0.,0.,1.));
#2064=DIRECTION('',(0.,-1.,0.));
#2065=DIRECTION('',(0.,0.,-1.));
#2066=DIRECTION('',(0.,1.,0.));
#2067=DIRECTION('',(0.,-1.,0.));
#2068=DIRECTION('',(0.,0.,-1.));
#2069=DIRECTION('',(0.309016994374948,0.,0.951056516295154));
#2070=DIRECTION('',(0.951056516295154,0.,-0.309016994374948));
#2071=DIRECTION('',(0.,1.,0.));
#2072=DIRECTION('',(0.809016994374948,0.,-0.587785252292473));
#2073=DIRECTION('',(-0.587785252292473,0.,-0.809016994374948));
#2074=DIRECTION('',(0.,1.,0.));
#2075=DIRECTION('',(0.,1.,0.));
#2076=DIRECTION('',(0.,0.,1.));
#2077=DIRECTION('',(0.,-1.,0.));
#2078=DIRECTION('',(0.,0.,-1.));
#2079=DIRECTION('',(0.,1.,0.));
#2080=DIRECTION('',(0.,-1.,0.));
#2081=DIRECTION('',(0.,0.,-1.));
#2082=DIRECTION('',(0.809016994374948,0.,-0.587785252292473));
#2083=DIRECTION('',(-0.587785252292473,0.,-0.809016994374948));
#2084=DIRECTION('',(0.809016994374948,0.,-0.587785252292473));
#2085=DIRECTION('',(-0.587785252292473,0.,-0.809016994374948));
#2086=DIRECTION('',(0.,1.,0.));
#2087=DIRECTION('',(0.,1.,0.));
#2088=DIRECTION('',(0.,0.,1.));
#2089=DIRECTION('',(0.,-1.,0.));
#2090=DIRECTION('',(0.,0.,-1.));
#2091=DIRECTION('',(0.,1.,0.));
#2092=DIRECTION('',(0.,-1.,0.));
#2093=DIRECTION('',(0.,0.,-1.));
#2094=DIRECTION('',(-0.809016994374947,0.,0.587785252292473));
#2095=DIRECTION('',(0.587785252292474,0.,0.809016994374947));
#2096=DIRECTION('',(0.,1.,0.));
#2097=DIRECTION('',(0.809016994374947,0.,0.587785252292474));
#2098=DIRECTION('',(0.587785252292474,0.,-0.809016994374947));
#2099=DIRECTION('',(0.,1.,0.));
#2100=DIRECTION('',(0.,1.,0.));
#2101=DIRECTION('',(0.,0.,1.));
#2102=DIRECTION('',(0.,-1.,0.));
#2103=DIRECTION('',(0.,0.,-1.));
#2104=DIRECTION('',(0.,1.,0.));
#2105=DIRECTION('',(0.,-1.,0.));
#2106=DIRECTION('',(0.,0.,-1.));
#2107=DIRECTION('',(0.809016994374947,0.,0.587785252292473));
#2108=DIRECTION('',(0.587785252292474,0.,-0.809016994374947));
#2109=DIRECTION('',(0.809016994374948,0.,0.587785252292473));
#2110=DIRECTION('',(0.587785252292473,0.,-0.809016994374948));
#2111=DIRECTION('',(0.,1.,0.));
#2112=DIRECTION('',(0.,1.,0.));
#2113=DIRECTION('',(0.,0.,1.));
#2114=DIRECTION('',(0.,-1.,0.));
#2115=DIRECTION('',(0.,0.,-1.));
#2116=DIRECTION('',(0.,1.,0.));
#2117=DIRECTION('',(0.,-1.,0.));
#2118=DIRECTION('',(0.,0.,-1.));
#2119=DIRECTION('',(-0.809016994374947,0.,-0.587785252292473));
#2120=DIRECTION('',(-0.587785252292473,0.,0.809016994374947));
#2121=DIRECTION('',(0.,1.,0.));
#2122=DIRECTION('',(-0.309016994374948,0.,0.951056516295153));
#2123=DIRECTION('',(0.951056516295153,0.,0.309016994374948));
#2124=DIRECTION('',(0.,1.,0.));
#2125=DIRECTION('',(0.,1.,0.));
#2126=DIRECTION('',(0.,0.,1.));
#2127=DIRECTION('',(0.,-1.,0.));
#2128=DIRECTION('',(0.,0.,-1.));
#2129=DIRECTION('',(0.,1.,0.));
#2130=DIRECTION('',(0.,-1.,0.));
#2131=DIRECTION('',(0.,0.,-1.));
#2132=DIRECTION('',(-0.309016994374948,0.,0.951056516295154));
#2133=DIRECTION('',(0.951056516295154,0.,0.309016994374948));
#2134=DIRECTION('',(-0.309016994374948,0.,0.951056516295154));
#2135=DIRECTION('',(0.951056516295154,0.,0.309016994374948));
#2136=DIRECTION('',(0.,1.,0.));
#2137=DIRECTION('',(0.,1.,0.));
#2138=DIRECTION('',(0.,0.,1.));
#2139=DIRECTION('',(0.,-1.,0.));
#2140=DIRECTION('',(0.,0.,-1.));
#2141=DIRECTION('',(0.,1.,0.));
#2142=DIRECTION('',(0.,-1.,0.));
#2143=DIRECTION('',(0.,0.,-1.));
#2144=DIRECTION('',(0.309016994374948,0.,-0.951056516295154));
#2145=DIRECTION('',(-0.951056516295154,0.,-0.309016994374948));
#2146=DIRECTION('',(0.,1.,0.));
#2147=DIRECTION('',(-1.,0.,-7.02158917073641E-16));
#2148=DIRECTION('',(-7.02158917073642E-16,0.,1.));
#2149=DIRECTION('',(-1.,0.,-7.02158917073641E-16));
#2150=DIRECTION('',(-7.02158917073642E-16,0.,1.));
#2151=DIRECTION('',(0.,1.,0.));
#2152=DIRECTION('',(0.,1.,0.));
#2153=DIRECTION('',(0.,0.,1.));
#2154=DIRECTION('',(0.,-1.,0.));
#2155=DIRECTION('',(0.,0.,-1.));
#2156=DIRECTION('',(0.,1.,0.));
#2157=DIRECTION('',(0.,-1.,0.));
#2158=DIRECTION('',(0.,0.,-1.));
#2159=DIRECTION('',(-1.,0.,-6.26758440746058E-16));
#2160=DIRECTION('',(-6.26758440746058E-16,0.,1.));
#2161=DIRECTION('',(-1.,0.,-6.26758440746058E-16));
#2162=DIRECTION('',(-6.26758440746058E-16,0.,1.));
#2163=DIRECTION('',(-1.,0.,-1.56689610186514E-16));
#2164=DIRECTION('',(-1.56689610186514E-16,0.,1.));
#2165=DIRECTION('',(-1.,0.,-1.56689610186514E-16));
#2166=DIRECTION('',(-1.56689610186514E-16,0.,1.));
#2167=DIRECTION('',(0.,1.,0.));
#2168=DIRECTION('',(0.,1.,0.));
#2169=DIRECTION('',(0.,0.,1.));
#2170=DIRECTION('',(0.,-1.,0.));
#2171=DIRECTION('',(0.,0.,-1.));
#2172=DIRECTION('',(0.,1.,0.));
#2173=DIRECTION('',(0.,-1.,0.));
#2174=DIRECTION('',(0.,0.,-1.));
#2175=DIRECTION('',(1.,0.,1.7553972926841E-16));
#2176=DIRECTION('',(1.7553972926841E-16,0.,-1.));
#2177=DIRECTION('',(-1.,0.,-1.7553972926841E-16));
#2178=DIRECTION('',(-1.7553972926841E-16,0.,1.));
#2179=DIRECTION('',(0.,1.,0.));
#2180=DIRECTION('',(-0.309016994374947,0.,-0.951056516295154));
#2181=DIRECTION('',(-0.951056516295154,0.,0.309016994374947));
#2182=DIRECTION('',(0.,1.,0.));
#2183=DIRECTION('',(0.,1.,0.));
#2184=DIRECTION('',(0.,0.,1.));
#2185=DIRECTION('',(0.,-1.,0.));
#2186=DIRECTION('',(0.,0.,-1.));
#2187=DIRECTION('',(0.,1.,0.));
#2188=DIRECTION('',(0.,-1.,0.));
#2189=DIRECTION('',(0.,0.,-1.));
#2190=DIRECTION('',(0.5,0.,0.866025403784438));
#2191=DIRECTION('',(0.866025403784438,0.,-0.5));
#2192=DIRECTION('',(0.,1.,0.));
#2193=DIRECTION('',(0.,1.,0.));
#2194=DIRECTION('',(1.,0.,-4.73106402539129E-16));
#2195=DIRECTION('',(-4.73106402539129E-16,0.,-1.));
#2196=DIRECTION('',(0.,1.,0.));
#2197=DIRECTION('',(0.5,0.,-0.866025403784439));
#2198=DIRECTION('',(-0.866025403784439,0.,-0.5));
#2199=DIRECTION('',(0.,1.,0.));
#2200=DIRECTION('',(-0.5,0.,-0.866025403784438));
#2201=DIRECTION('',(-0.866025403784439,0.,0.5));
#2202=DIRECTION('',(0.,1.,0.));
#2203=DIRECTION('',(-1.,0.,7.88510670898549E-16));
#2204=DIRECTION('',(7.88510670898549E-16,0.,1.));
#2205=DIRECTION('',(0.,1.,0.));
#2206=DIRECTION('',(-0.5,0.,0.866025403784439));
#2207=DIRECTION('',(0.866025403784439,0.,0.5));
#2208=DIRECTION('',(-0.309016994374947,0.,-0.951056516295154));
#2209=DIRECTION('',(-0.951056516295154,0.,0.309016994374947));
#2210=DIRECTION('',(0.,-1.,0.));
#2211=DIRECTION('',(0.,0.,-1.));
#2212=DIRECTION('',(0.,-1.,0.));
#2213=DIRECTION('',(0.,0.,-1.));
#2214=DIRECTION('',(0.,-1.,0.));
#2215=DIRECTION('',(0.,0.,-1.));
#2216=DIRECTION('',(0.,-1.,0.));
#2217=DIRECTION('',(0.,0.,-1.));
#2218=DIRECTION('',(0.,-1.,0.));
#2219=DIRECTION('',(0.,0.,-1.));
#2220=DIRECTION('',(0.,-1.,0.));
#2221=DIRECTION('',(0.,0.,-1.));
#2222=DIRECTION('',(0.,-1.,0.));
#2223=DIRECTION('',(0.,0.,-1.));
#2224=DIRECTION('',(0.,-1.,0.));
#2225=DIRECTION('',(0.,0.,-1.));
#2226=DIRECTION('',(0.,-1.,0.));
#2227=DIRECTION('',(0.,0.,-1.));
#2228=DIRECTION('',(0.,-1.,0.));
#2229=DIRECTION('',(0.,0.,-1.));
#2230=DIRECTION('',(0.,-1.,0.));
#2231=DIRECTION('',(0.,0.,-1.));
#2232=DIRECTION('',(0.,-1.,0.));
#2233=DIRECTION('',(0.,0.,-1.));
#2234=DIRECTION('',(0.,-1.,0.));
#2235=DIRECTION('',(0.,0.,-1.));
#2236=DIRECTION('',(0.,-1.,0.));
#2237=DIRECTION('',(0.,0.,-1.));
#2238=DIRECTION('',(0.,-1.,0.));
#2239=DIRECTION('',(0.,0.,-1.));
#2240=DIRECTION('',(0.,-1.,0.));
#2241=DIRECTION('',(0.,0.,-1.));
#2242=DIRECTION('',(0.,-1.,0.));
#2243=DIRECTION('',(0.,0.,-1.));
#2244=DIRECTION('',(0.,-1.,0.));
#2245=DIRECTION('',(0.,0.,-1.));
#2246=DIRECTION('',(0.,-1.,0.));
#2247=DIRECTION('',(0.,0.,-1.));
#2248=DIRECTION('',(0.,-1.,0.));
#2249=DIRECTION('',(0.,0.,-1.));
#2250=DIRECTION('',(0.587785252292473,0.,-0.809016994374947));
#2251=DIRECTION('',(-0.809016994374947,0.,-0.587785252292473));
#2252=DIRECTION('',(-0.587785252292473,0.,-0.809016994374948));
#2253=DIRECTION('',(-0.809016994374948,0.,0.587785252292473));
#2254=DIRECTION('',(0.951056516295153,0.,0.309016994374948));
#2255=DIRECTION('',(0.309016994374948,0.,-0.951056516295154));
#2256=DIRECTION('',(-0.951056516295154,0.,0.309016994374947));
#2257=DIRECTION('',(0.309016994374947,0.,0.951056516295154));
#2258=DIRECTION('',(-3.8204966968857E-16,0.,1.));
#2259=DIRECTION('',(1.,0.,3.8204966968857E-16));
#2260=DIRECTION('',(-1.,0.,-1.7553972926841E-16));
#2261=DIRECTION('',(-1.7553972926841E-16,0.,1.));
#2262=DIRECTION('',(-1.,0.,-1.7553972926841E-16));
#2263=DIRECTION('',(-1.7553972926841E-16,0.,1.));
#2264=DIRECTION('',(0.,-1.,0.));
#2265=DIRECTION('',(0.,0.,-1.));
#2266=DIRECTION('',(0.,-1.,0.));
#2267=DIRECTION('',(0.,0.,-1.));
#2268=DIRECTION('',(0.,-1.,0.));
#2269=DIRECTION('',(0.,0.,-1.));
#2270=DIRECTION('',(0.,-1.,0.));
#2271=DIRECTION('',(0.,0.,-1.));
#2272=DIRECTION('',(0.,-1.,0.));
#2273=DIRECTION('',(0.,0.,-1.));
#2274=DIRECTION('',(0.,-1.,0.));
#2275=DIRECTION('',(0.,0.,-1.));
#2276=CARTESIAN_POINT('',(0.,0.,0.));
#2277=CARTESIAN_POINT('',(-0.0182228167442554,-6.50521303491303E-19,0.018674171792489));
#2278=CARTESIAN_POINT('',(-0.0257183531758953,-6.50521303491303E-19,-0.00439471728546672));
#2279=CARTESIAN_POINT('',(-0.02676451534382,-6.50521303491303E-19,-0.00405479859165428));
#2280=CARTESIAN_POINT('',(-0.0247771209006788,-6.50521303491303E-19,-0.00149790220737483));
#2281=CARTESIAN_POINT('',(-0.0258232830686035,-6.50521303491303E-19,-0.00115798351356238));
#2282=CARTESIAN_POINT('',(-0.0182228167442554,-6.50521303491303E-19,0.018674171792489));
#2283=CARTESIAN_POINT('',(-0.0191646670534606,-6.50521303491303E-19,0.0157754546013645));
#2284=CARTESIAN_POINT('',(-0.0202108292213853,-6.50521303491303E-19,0.016115373295177));
#2285=CARTESIAN_POINT('',(-0.0182234347782441,-6.50521303491303E-19,0.0186722696794565));
#2286=CARTESIAN_POINT('',(-0.0192695969461688,-6.50521303491303E-19,0.0190121883732689));
#2287=CARTESIAN_POINT('',(-0.0233913528290171,-6.50521303491303E-19,-0.0115602921701201));
#2288=CARTESIAN_POINT('',(-0.00376778368707048,-6.50521303491303E-19,-0.0258176497029979));
#2289=CARTESIAN_POINT('',(-0.00441434746459221,-6.50521303491303E-19,-0.0267075683968104));
#2290=CARTESIAN_POINT('',(-0.00623196177489573,-6.50521303491303E-19,-0.024027319525614));
#2291=CARTESIAN_POINT('',(-0.00687852555241745,-6.50521303491303E-19,-0.0249172382194264));
#2292=CARTESIAN_POINT('',(-0.0233913528290171,-6.50521303491303E-19,-0.0115602921701201));
#2293=CARTESIAN_POINT('',(-0.0209255567072031,-6.50521303491303E-19,-0.0133517979180086));
#2294=CARTESIAN_POINT('',(-0.0215721204847248,-6.50521303491303E-19,-0.0142417166118211));
#2295=CARTESIAN_POINT('',(-0.0233897347950284,-6.50521303491303E-19,-0.0115614677406247));
#2296=CARTESIAN_POINT('',(-0.0240362985725501,-6.50521303491303E-19,-0.0124513864344371));
#2297=CARTESIAN_POINT('',(0.00376616565308176,-6.50521303491303E-19,-0.0258188252735026));
#2298=CARTESIAN_POINT('',(0.0233897347950284,-6.50521303491303E-19,-0.0115614677406246));
#2299=CARTESIAN_POINT('',(0.0240362985725501,-6.50521303491303E-19,-0.0124513864344371));
#2300=CARTESIAN_POINT('',(0.0209255567072032,-6.50521303491303E-19,-0.0133517979180086));
#2301=CARTESIAN_POINT('',(0.0215721204847249,-6.50521303491303E-19,-0.0142417166118211));
#2302=CARTESIAN_POINT('',(0.00376616565308176,-6.50521303491303E-19,-0.0258188252735026));
#2303=CARTESIAN_POINT('',(0.00623196177489576,-6.50521303491303E-19,-0.024027319525614));
#2304=CARTESIAN_POINT('',(0.00687852555241748,-6.50521303491303E-19,-0.0249172382194264));
#2305=CARTESIAN_POINT('',(0.00376778368707051,-6.50521303491303E-19,-0.0258176497029979));
#2306=CARTESIAN_POINT('',(0.00441434746459223,-6.50521303491303E-19,-0.0267075683968104));
#2307=CARTESIAN_POINT('',(0.0257189712098841,-6.50521303491303E-19,-0.00439661939849928));
#2308=CARTESIAN_POINT('',(0.0182234347782441,-6.50521303491303E-19,0.0186722696794565));
#2309=CARTESIAN_POINT('',(0.0192695969461688,-6.50521303491303E-19,0.0190121883732689));
#2310=CARTESIAN_POINT('',(0.0191646670534606,-6.50521303491303E-19,0.0157754546013646));
#2311=CARTESIAN_POINT('',(0.0202108292213853,-6.50521303491303E-19,0.016115373295177));
#2312=CARTESIAN_POINT('',(0.0257189712098841,-6.50521303491303E-19,-0.00439661939849928));
#2313=CARTESIAN_POINT('',(0.0247771209006788,-6.50521303491303E-19,-0.0014979022073748));
#2314=CARTESIAN_POINT('',(0.0258232830686035,-6.50521303491303E-19,-0.00115798351356236));
#2315=CARTESIAN_POINT('',(0.0257183531758953,-6.50521303491303E-19,-0.00439471728546669));
#2316=CARTESIAN_POINT('',(0.02676451534382,-6.50521303491303E-19,-0.00405479859165425));
#2317=CARTESIAN_POINT('',(-0.000700555493309107,-0.004445,0.00026526765621189));
#2318=CARTESIAN_POINT('',(0.0024407849302036,-0.004445,0.00422756350946109));
#2319=CARTESIAN_POINT('',(0.0024407849302036,-0.004445,0.0026275635094611));
#2320=CARTESIAN_POINT('',(0.0048815698604072,-0.004445,-5.20417042793042E-18));
#2321=CARTESIAN_POINT('',(0.0048815698604072,-0.004445,-0.00160000000000001));
#2322=CARTESIAN_POINT('',(0.0024407849302036,-0.004445,-0.00422756350946109));
#2323=CARTESIAN_POINT('',(0.0024407849302036,-0.004445,-0.00582756350946109));
#2324=CARTESIAN_POINT('',(-0.0024407849302036,-0.004445,-0.00422756350946109));
#2325=CARTESIAN_POINT('',(-0.0024407849302036,-0.004445,-0.00582756350946109));
#2326=CARTESIAN_POINT('',(-0.00488156986040721,-0.004445,3.03576608295941E-18));
#2327=CARTESIAN_POINT('',(-0.00488156986040721,-0.004445,-0.0016));
#2328=CARTESIAN_POINT('',(-0.0024407849302036,-0.004445,0.00422756350946109));
#2329=CARTESIAN_POINT('',(-0.0024407849302036,-0.004445,0.0026275635094611));
#2330=CARTESIAN_POINT('',(-0.0011907849302036,-0.004445,-0.0020625));
#2331=CARTESIAN_POINT('',(-0.00238156986040721,-0.004445,-0.001375));
#2332=CARTESIAN_POINT('',(-1.7347234759768E-18,-0.004445,-0.00275));
#2333=CARTESIAN_POINT('',(-0.00238156986040721,-0.004445,4.33680868994202E-19));
#2334=CARTESIAN_POINT('',(-0.00238156986040721,-0.004445,0.001375));
#2335=CARTESIAN_POINT('',(-0.0011907849302036,-0.004445,0.0020625));
#2336=CARTESIAN_POINT('',(6.93889390390723E-18,-0.004445,0.00275));
#2337=CARTESIAN_POINT('',(0.0011907849302036,-0.004445,0.0020625));
#2338=CARTESIAN_POINT('',(0.00238156986040721,-0.004445,0.001375));
#2339=CARTESIAN_POINT('',(0.00238156986040721,-0.004445,-1.7347234759768E-18));
#2340=CARTESIAN_POINT('',(0.00238156986040721,-0.004445,-0.001375));
#2341=CARTESIAN_POINT('',(0.0011907849302036,-0.004445,-0.0020625));
#2342=CARTESIAN_POINT('',(0.00908114108508916,-0.004445,0.0222269694216225));
#2343=CARTESIAN_POINT('',(0.00908114108508916,-0.004445,0.0179057384314455));
#2344=CARTESIAN_POINT('',(0.00908114108508916,-0.004445,0.0235175886645018));
#2345=CARTESIAN_POINT('',(0.00908114108508916,-0.004445,0.0179057384314455));
#2346=CARTESIAN_POINT('',(0.00908114108508916,-0.004445,0.017044792652029));
#2347=CARTESIAN_POINT('',(0.00815728075668987,-0.004445,0.0154329781932939));
#2348=CARTESIAN_POINT('',(0.00643888781419791,-0.004445,0.0149057384314455));
#2349=CARTESIAN_POINT('',(0.00558114108508916,-0.004445,0.0149057384314455));
#2350=CARTESIAN_POINT('',(0.00558114108508916,-0.004445,0.0149057384314455));
#2351=CARTESIAN_POINT('',(-6.93889390390723E-18,-0.004445,0.0149057384314455));
#2352=CARTESIAN_POINT('',(-0.00608114108508917,-0.004445,0.0149057384314455));
#2353=CARTESIAN_POINT('',(-0.00608114108508917,-0.004445,0.0149057384314455));
#2354=CARTESIAN_POINT('',(-0.00694208686450564,-0.004445,0.0149057384314455));
#2355=CARTESIAN_POINT('',(-0.00855390132324077,-0.00444500000000001,0.0158295987598448));
#2356=CARTESIAN_POINT('',(-0.00908114108508918,-0.004445,0.0175479917023368));
#2357=CARTESIAN_POINT('',(-0.00908114108508918,-0.004445,0.0184057384314455));
#2358=CARTESIAN_POINT('',(-0.00908114108508918,-0.004445,0.0184057384314455));
#2359=CARTESIAN_POINT('',(-0.00908114108508918,-0.004445,0.0222269694216225));
#2360=CARTESIAN_POINT('',(-0.00908114108508918,-0.004445,0.0235175886645018));
#2361=CARTESIAN_POINT('',(-1.70002900645727E-16,-0.004445,4.52762827229947E-16));
#2362=CARTESIAN_POINT('',(-0.0121270327103066,-0.004445,0.0221015650496329));
#2363=CARTESIAN_POINT('',(-0.0121270327103066,-0.004445,0.0216325421392987));
#2364=CARTESIAN_POINT('',(-0.0121270327103066,-0.004445,0.0166914285714286));
#2365=CARTESIAN_POINT('',(-0.0168263109667839,-0.004445,0.0182183166350371));
#2366=CARTESIAN_POINT('',(-0.017272378261949,-0.004445,0.0183632526850815));
#2367=CARTESIAN_POINT('',(1.50920942409982E-16,-0.004445,-1.11022302462516E-16));
#2368=CARTESIAN_POINT('',(-0.0195603290233144,-0.004445,0.0159040129684204));
#2369=CARTESIAN_POINT('',(-0.018332877182318,-0.004445,0.0155051896891033));
#2370=CARTESIAN_POINT('',(-0.0142231422906937,-0.004445,0.014169855876519));
#2371=CARTESIAN_POINT('',(-0.0142231422906937,-0.004445,0.014169855876519));
#2372=CARTESIAN_POINT('',(-0.0134043341970029,-0.004445,0.0139038089994439));
#2373=CARTESIAN_POINT('',(-0.0121568960948683,-0.004445,0.0125270875544448));
#2374=CARTESIAN_POINT('',(-0.0121864739059564,-0.004445,0.0107298727024108));
#2375=CARTESIAN_POINT('',(-0.0124515322221206,-0.004445,0.00991410708636109));
#2376=CARTESIAN_POINT('',(-0.0124515322221206,-0.004445,0.00991410708636109));
#2377=CARTESIAN_POINT('',(-0.0141761996654173,-0.004445,0.00460612648902443));
#2378=CARTESIAN_POINT('',(-0.0160553756059016,-0.004445,-0.00117738236645981));
#2379=CARTESIAN_POINT('',(-0.0160553756059016,-0.004445,-0.00117738236645981));
#2380=CARTESIAN_POINT('',(-0.0163214224829767,-0.004445,-0.00199619046015065));
#2381=CARTESIAN_POINT('',(-0.0176981439279758,-0.004445,-0.00324362856228524));
#2382=CARTESIAN_POINT('',(-0.0194953587800098,-0.004445,-0.00321405075119708));
#2383=CARTESIAN_POINT('',(-0.0203111243960595,-0.004445,-0.00294899243503296));
#2384=CARTESIAN_POINT('',(-0.0203111243960595,-0.004445,-0.00294899243503296));
#2385=CARTESIAN_POINT('',(-0.0239453310295362,-0.004445,-0.00176816711963607));
#2386=CARTESIAN_POINT('',(-0.0251727828705326,-0.004445,-0.00136934384031901));
#2387=CARTESIAN_POINT('',(-2.56739074444567E-16,-0.004445,2.57836829144209E-18));
#2388=CARTESIAN_POINT('',(-0.0247672966596002,-0.004445,-0.00470373427984166));
#2389=CARTESIAN_POINT('',(-0.0243212293644352,-0.004445,-0.0048486703298861));
#2390=CARTESIAN_POINT('',(-0.0196219511079578,-0.004445,-0.00637555839349462));
#2391=CARTESIAN_POINT('',(-0.0225262647930542,-0.004445,-0.0103730032410382));
#2392=CARTESIAN_POINT('',(-0.0228019495427359,-0.004445,-0.0107524507462497));
#2393=CARTESIAN_POINT('',(-2.94902990916057E-17,-0.004445,1.82145964977565E-17));
#2394=CARTESIAN_POINT('',(-0.0211700892526285,-0.004445,-0.0136883680924989));
#2395=CARTESIAN_POINT('',(-0.0204114822953391,-0.004445,-0.0126442351917422));
#2396=CARTESIAN_POINT('',(-0.0178715264475639,-0.004445,-0.00914828588406936));
#2397=CARTESIAN_POINT('',(-0.0178715264475639,-0.004445,-0.00914828588406936));
#2398=CARTESIAN_POINT('',(-0.0173654752153995,-0.004445,-0.00845176611728606));
#2399=CARTESIAN_POINT('',(-0.0156706557410193,-0.004445,-0.00769081230460127));
#2400=CARTESIAN_POINT('',(-0.0139705428910927,-0.004445,-0.00827431240639594));
#2401=CARTESIAN_POINT('',(-0.0132766112103742,-0.004445,-0.00877848328396817));
#2402=CARTESIAN_POINT('',(-0.0132766112103742,-0.004445,-0.00877848328396817));
#2403=CARTESIAN_POINT('',(-0.00876137322453281,-0.004445,-0.0120589957047472));
#2404=CARTESIAN_POINT('',(-0.00384162674150396,-0.004445,-0.0156334007516724));
#2405=CARTESIAN_POINT('',(-0.00384162674150396,-0.004445,-0.0156334007516724));
#2406=CARTESIAN_POINT('',(-0.00314510697472066,-0.004445,-0.0161394519838369));
#2407=CARTESIAN_POINT('',(-0.00238415316203587,-0.00444500000000001,-0.017834271458217));
#2408=CARTESIAN_POINT('',(-0.00296765326383055,-0.004445,-0.0195343843081437));
#2409=CARTESIAN_POINT('',(-0.00347182414140277,-0.004445,-0.0202283159888622));
#2410=CARTESIAN_POINT('',(-0.00347182414140277,-0.004445,-0.0202283159888622));
#2411=CARTESIAN_POINT('',(-0.00571788736303174,-0.004445,-0.0233197567993476));
#2412=CARTESIAN_POINT('',(-0.00647649432032113,-0.004445,-0.0243638897001043));
#2413=CARTESIAN_POINT('',(-5.98479599211999E-17,-0.004445,-1.04083408558608E-16));
#2414=CARTESIAN_POINT('',(-0.00317999843477802,-0.004445,-0.025008632708623));
#2415=CARTESIAN_POINT('',(-0.00290431368509633,-0.004445,-0.0246291852034115));
#2416=CARTESIAN_POINT('',(-1.38777878078145E-17,-0.004445,-0.0206317403558679));
#2417=CARTESIAN_POINT('',(0.00290431368509636,-0.004445,-0.0246291852034115));
#2418=CARTESIAN_POINT('',(0.00317999843477804,-0.004445,-0.025008632708623));
#2419=CARTESIAN_POINT('',(-3.29597460435593E-17,-0.004445,1.97758476261356E-16));
#2420=CARTESIAN_POINT('',(0.00647649432032114,-0.004445,-0.0243638897001043));
#2421=CARTESIAN_POINT('',(0.00571788736303175,-0.004445,-0.0233197567993476));
#2422=CARTESIAN_POINT('',(0.00317793151525655,-0.004445,-0.0198238074916747));
#2423=CARTESIAN_POINT('',(0.00317793151525655,-0.004445,-0.0198238074916747));
#2424=CARTESIAN_POINT('',(0.0026718802830921,-0.004445,-0.0191272877248914));
#2425=CARTESIAN_POINT('',(0.00247189822091967,-0.004445,-0.0172802709597842));
#2426=CARTESIAN_POINT('',(0.00355220355797294,-0.004445,-0.0158436790030984));
#2427=CARTESIAN_POINT('',(0.00424613523869144,-0.004445,-0.0153395081255262));
#2428=CARTESIAN_POINT('',(0.00424613523869144,-0.004445,-0.0153395081255262));
#2429=CARTESIAN_POINT('',(0.00876137322453282,-0.004445,-0.0120589957047472));
#2430=CARTESIAN_POINT('',(0.0136811197075617,-0.004445,-0.00848459065782193));
#2431=CARTESIAN_POINT('',(0.0136811197075617,-0.004445,-0.00848459065782193));
#2432=CARTESIAN_POINT('',(0.014377639474345,-0.004445,-0.00797853942565748));
#2433=CARTESIAN_POINT('',(0.0162246562394521,-0.00444500000000001,-0.00777855736348505));
#2434=CARTESIAN_POINT('',(0.0176612481961379,-0.004445,-0.00885886270053832));
#2435=CARTESIAN_POINT('',(0.0181654190737102,-0.004445,-0.00955279438125682));
#2436=CARTESIAN_POINT('',(0.0181654190737102,-0.004445,-0.00955279438125682));
#2437=CARTESIAN_POINT('',(0.0204114822953391,-0.004445,-0.0126442351917422));
#2438=CARTESIAN_POINT('',(0.0211700892526285,-0.004445,-0.0136883680924989));
#2439=CARTESIAN_POINT('',(-1.7347234759768E-18,-0.004445,5.46437894932694E-17));
#2440=CARTESIAN_POINT('',(0.0228019495427359,-0.004445,-0.0107524507462497));
#2441=CARTESIAN_POINT('',(0.0225262647930542,-0.004445,-0.0103730032410382));
#2442=CARTESIAN_POINT('',(0.0196219511079578,-0.004445,-0.00637555839349461));
#2443=CARTESIAN_POINT('',(0.0243212293644352,-0.004445,-0.00484867032988609));
#2444=CARTESIAN_POINT('',(0.0247672966596002,-0.004445,-0.00470373427984165));
#2445=CARTESIAN_POINT('',(-5.72458747072346E-16,-0.004445,1.88109076926235E-17));
#2446=CARTESIAN_POINT('',(0.0251727828705326,-0.004445,-0.00136934384031899));
#2447=CARTESIAN_POINT('',(0.0239453310295362,-0.004445,-0.00176816711963606));
#2448=CARTESIAN_POINT('',(0.0198355961379119,-0.004445,-0.00310350093222041));
#2449=CARTESIAN_POINT('',(0.0198355961379119,-0.004445,-0.00310350093222041));
#2450=CARTESIAN_POINT('',(0.0190167880442211,-0.004445,-0.00336954780929549));
#2451=CARTESIAN_POINT('',(0.0171983728582781,-0.004445,-0.00298898248335317));
#2452=CARTESIAN_POINT('',(0.0161659254248783,-0.004445,-0.00151761972436194));
#2453=CARTESIAN_POINT('',(0.0159008671087142,-0.004445,-0.000701854108312218));
#2454=CARTESIAN_POINT('',(0.0159008671087142,-0.004445,-0.000701854108312219));
#2455=CARTESIAN_POINT('',(0.0141761996654173,-0.004445,0.00460612648902444));
#2456=CARTESIAN_POINT('',(0.0122970237249331,-0.004445,0.0103896353445087));
#2457=CARTESIAN_POINT('',(0.0122970237249331,-0.004445,0.0103896353445087));
#2458=CARTESIAN_POINT('',(0.012030976847858,-0.004445,0.0112084434381995));
#2459=CARTESIAN_POINT('',(0.0124115421738003,-0.00444500000000001,0.0130268586241425));
#2460=CARTESIAN_POINT('',(0.0138829049327916,-0.004445,0.0140593060575423));
#2461=CARTESIAN_POINT('',(0.0146986705488413,-0.004445,0.0143243643737064));
#2462=CARTESIAN_POINT('',(0.0146986705488413,-0.004445,0.0143243643737064));
#2463=CARTESIAN_POINT('',(0.018332877182318,-0.004445,0.0155051896891033));
#2464=CARTESIAN_POINT('',(0.0195603290233144,-0.004445,0.0159040129684204));
#2465=CARTESIAN_POINT('',(2.89698820488127E-16,-0.004445,2.4459601011273E-16));
#2466=CARTESIAN_POINT('',(0.017272378261949,-0.004445,0.0183632526850816));
#2467=CARTESIAN_POINT('',(0.0168263109667839,-0.004445,0.0182183166350371));
#2468=CARTESIAN_POINT('',(0.0121270327103066,-0.004445,0.0166914285714286));
#2469=CARTESIAN_POINT('',(0.0121270327103066,-0.004445,0.0216325421392987));
#2470=CARTESIAN_POINT('',(0.0121270327103066,-0.004445,0.0221015650496329));
#2471=CARTESIAN_POINT('',(-9.4542429440736E-17,-0.004445,-2.67147415300428E-16));
#2472=CARTESIAN_POINT('',(-0.000700555493309107,0.004445,0.00026526765621189));
#2473=CARTESIAN_POINT('',(0.0024407849302036,0.004445,0.00422756350946109));
#2474=CARTESIAN_POINT('',(0.0024407849302036,0.004445,0.0026275635094611));
#2475=CARTESIAN_POINT('',(0.0048815698604072,0.004445,-5.20417042793042E-18));
#2476=CARTESIAN_POINT('',(0.0048815698604072,0.004445,-0.00160000000000001));
#2477=CARTESIAN_POINT('',(0.0024407849302036,0.004445,-0.00422756350946109));
#2478=CARTESIAN_POINT('',(0.0024407849302036,0.004445,-0.00582756350946109));
#2479=CARTESIAN_POINT('',(-0.0024407849302036,0.004445,-0.00422756350946109));
#2480=CARTESIAN_POINT('',(-0.0024407849302036,0.004445,-0.00582756350946109));
#2481=CARTESIAN_POINT('',(-0.00488156986040721,0.004445,3.03576608295941E-18));
#2482=CARTESIAN_POINT('',(-0.00488156986040721,0.004445,-0.0016));
#2483=CARTESIAN_POINT('',(-0.0024407849302036,0.004445,0.00422756350946109));
#2484=CARTESIAN_POINT('',(-0.0024407849302036,0.004445,0.0026275635094611));
#2485=CARTESIAN_POINT('',(-0.0011907849302036,0.004445,-0.0020625));
#2486=CARTESIAN_POINT('',(-0.00238156986040721,0.004445,-0.001375));
#2487=CARTESIAN_POINT('',(-1.7347234759768E-18,0.004445,-0.00275));
#2488=CARTESIAN_POINT('',(0.0011907849302036,0.004445,-0.0020625));
#2489=CARTESIAN_POINT('',(0.00238156986040721,0.004445,-0.001375));
#2490=CARTESIAN_POINT('',(0.00238156986040721,0.004445,-1.7347234759768E-18));
#2491=CARTESIAN_POINT('',(0.00238156986040721,0.004445,0.001375));
#2492=CARTESIAN_POINT('',(0.0011907849302036,0.004445,0.0020625));
#2493=CARTESIAN_POINT('',(6.93889390390723E-18,0.004445,0.00275));
#2494=CARTESIAN_POINT('',(-0.0011907849302036,0.004445,0.0020625));
#2495=CARTESIAN_POINT('',(-0.00238156986040721,0.004445,0.001375));
#2496=CARTESIAN_POINT('',(-0.00238156986040721,0.004445,4.33680868994202E-19));
#2497=CARTESIAN_POINT('',(-0.000700555493309113,0.004445,0.0149057384314455));
#2498=CARTESIAN_POINT('',(0.00558114108508916,0.004445,0.0149057384314455));
#2499=CARTESIAN_POINT('',(-0.00608114108508918,0.004445,0.0149057384314455));
#2500=CARTESIAN_POINT('',(0.00558114108508916,0.004445,0.0149057384314455));
#2501=CARTESIAN_POINT('',(0.0064400981962326,0.004445,0.0149057384314455));
#2502=CARTESIAN_POINT('',(0.00814694390168621,0.004445,0.0154264760838084));
#2503=CARTESIAN_POINT('',(0.00908114108508916,0.004445,0.0170423841600237));
#2504=CARTESIAN_POINT('',(0.00908114108508916,0.004445,0.0179057384314455));
#2505=CARTESIAN_POINT('',(0.00908114108508916,0.004445,0.0179057384314455));
#2506=CARTESIAN_POINT('',(0.00908114108508916,0.004445,0.0222269694216225));
#2507=CARTESIAN_POINT('',(0.00908114108508916,0.004445,0.0235175886645018));
#2508=CARTESIAN_POINT('',(-9.4542429440736E-17,0.004445,-2.67147415300428E-16));
#2509=CARTESIAN_POINT('',(0.0121270327103066,0.004445,0.0221015650496329));
#2510=CARTESIAN_POINT('',(0.0121270327103066,0.004445,0.0216325421392987));
#2511=CARTESIAN_POINT('',(0.0121270327103066,0.004445,0.0166914285714286));
#2512=CARTESIAN_POINT('',(0.0168263109667839,0.004445,0.0182183166350371));
#2513=CARTESIAN_POINT('',(0.017272378261949,0.004445,0.0183632526850816));
#2514=CARTESIAN_POINT('',(2.89698820488127E-16,0.004445,2.4459601011273E-16));
#2515=CARTESIAN_POINT('',(0.0195603290233144,0.004445,0.0159040129684204));
#2516=CARTESIAN_POINT('',(0.018332877182318,0.004445,0.0155051896891033));
#2517=CARTESIAN_POINT('',(0.0146986705488413,0.004445,0.0143243643737064));
#2518=CARTESIAN_POINT('',(0.0146986705488413,0.004445,0.0143243643737064));
#2519=CARTESIAN_POINT('',(0.0138820802764417,0.004445,0.0140590381104516));
#2520=CARTESIAN_POINT('',(0.0124177063378104,0.004445,0.0130342649151309));
#2521=CARTESIAN_POINT('',(0.0120303743437843,0.004445,0.0112102977550684));
#2522=CARTESIAN_POINT('',(0.0122970237249331,0.004445,0.0103896353445087));
#2523=CARTESIAN_POINT('',(0.0122970237249331,0.004445,0.0103896353445087));
#2524=CARTESIAN_POINT('',(0.0140313423604419,0.004445,0.00505195143178688));
#2525=CARTESIAN_POINT('',(0.0159008671087142,0.004445,-0.00070185410831222));
#2526=CARTESIAN_POINT('',(0.0159008671087142,0.004445,-0.000701854108312218));
#2527=CARTESIAN_POINT('',(0.0161662994534967,0.004445,-0.00151877086608324));
#2528=CARTESIAN_POINT('',(0.0171889947208177,0.004445,-0.00298116081237423));
#2529=CARTESIAN_POINT('',(0.019014497432205,0.004445,-0.00337029207425594));
#2530=CARTESIAN_POINT('',(0.0198355961379119,0.004445,-0.00310350093222041));
#2531=CARTESIAN_POINT('',(0.0198355961379119,0.004445,-0.00310350093222041));
#2532=CARTESIAN_POINT('',(0.0239453310295362,0.004445,-0.00176816711963606));
#2533=CARTESIAN_POINT('',(0.0251727828705326,0.004445,-0.00136934384031899));
#2534=CARTESIAN_POINT('',(-5.72458747072346E-16,0.004445,1.88109076926235E-17));
#2535=CARTESIAN_POINT('',(0.0247672966596002,0.004445,-0.00470373427984165));
#2536=CARTESIAN_POINT('',(0.0243212293644352,0.004445,-0.00484867032988609));
#2537=CARTESIAN_POINT('',(0.0196219511079578,0.004445,-0.00637555839349461));
#2538=CARTESIAN_POINT('',(0.0225262647930542,0.004445,-0.0103730032410382));
#2539=CARTESIAN_POINT('',(0.0228019495427359,0.004445,-0.0107524507462497));
#2540=CARTESIAN_POINT('',(-1.7347234759768E-18,0.004445,5.46437894932694E-17));
#2541=CARTESIAN_POINT('',(0.0211700892526285,0.004445,-0.0136883680924989));
#2542=CARTESIAN_POINT('',(0.0204114822953391,0.004445,-0.0126442351917422));
#2543=CARTESIAN_POINT('',(0.0181654190737102,0.004445,-0.00955279438125682));
#2544=CARTESIAN_POINT('',(0.0181654190737102,0.004445,-0.00955279438125682));
#2545=CARTESIAN_POINT('',(0.0176607385304846,0.004445,-0.00885816120594766));
#2546=CARTESIAN_POINT('',(0.0162336048721934,0.004445,-0.00778213116205363));
#2547=CARTESIAN_POINT('',(0.0143792168504884,0.004445,-0.0079773933948066));
#2548=CARTESIAN_POINT('',(0.0136811197075617,0.004445,-0.00848459065782193));
#2549=CARTESIAN_POINT('',(0.0136811197075617,0.004445,-0.00848459065782193));
#2550=CARTESIAN_POINT('',(0.00842899596791197,0.004445,-0.012300481917024));
#2551=CARTESIAN_POINT('',(0.00424613523869144,0.004445,-0.0153395081255262));
#2552=CARTESIAN_POINT('',(0.00424613523869144,0.004445,-0.0153395081255262));
#2553=CARTESIAN_POINT('',(0.0035512243383372,0.004445,-0.0158443904478081));
#2554=CARTESIAN_POINT('',(0.00247643906822167,0.004445,-0.0172689347917849));
#2555=CARTESIAN_POINT('',(0.00267046460701113,0.004445,-0.0191253392139283));
#2556=CARTESIAN_POINT('',(0.00317793151525655,0.004445,-0.0198238074916747));
#2557=CARTESIAN_POINT('',(0.00317793151525655,0.004445,-0.0198238074916747));
#2558=CARTESIAN_POINT('',(0.00571788736303175,0.004445,-0.0233197567993476));
#2559=CARTESIAN_POINT('',(0.00647649432032114,0.004445,-0.0243638897001043));
#2560=CARTESIAN_POINT('',(-3.29597460435593E-17,0.004445,1.97758476261356E-16));
#2561=CARTESIAN_POINT('',(0.00317999843477804,0.004445,-0.025008632708623));
#2562=CARTESIAN_POINT('',(0.00290431368509636,0.004445,-0.0246291852034115));
#2563=CARTESIAN_POINT('',(-1.38777878078145E-17,0.004445,-0.0206317403558679));
#2564=CARTESIAN_POINT('',(-0.00290431368509633,0.004445,-0.0246291852034115));
#2565=CARTESIAN_POINT('',(-0.00317999843477802,0.004445,-0.025008632708623));
#2566=CARTESIAN_POINT('',(-5.98479599211999E-17,0.004445,-1.04083408558608E-16));
#2567=CARTESIAN_POINT('',(-0.00647649432032113,0.004445,-0.0243638897001043));
#2568=CARTESIAN_POINT('',(-0.00571788736303174,0.004445,-0.0233197567993476));
#2569=CARTESIAN_POINT('',(-0.00347182414140277,0.004445,-0.0202283159888622));
#2570=CARTESIAN_POINT('',(-0.00347182414140278,0.004445,-0.0202283159888622));
#2571=CARTESIAN_POINT('',(-0.00296714359817727,0.004445,-0.019533682813553));
#2572=CARTESIAN_POINT('',(-0.00238478676685898,0.00444500000000001,-0.0178438864781897));
#2573=CARTESIAN_POINT('',(-0.0031435295985772,0.004445,-0.0161405980146878));
#2574=CARTESIAN_POINT('',(-0.00384162674150397,0.004445,-0.0156334007516725));
#2575=CARTESIAN_POINT('',(-0.00384162674150396,0.004445,-0.0156334007516724));
#2576=CARTESIAN_POINT('',(-0.00934603501415631,0.004445,-0.011634214050086));
#2577=CARTESIAN_POINT('',(-0.0132766112103742,0.004445,-0.00877848328396817));
#2578=CARTESIAN_POINT('',(-0.0132766112103742,0.004445,-0.00877848328396817));
#2579=CARTESIAN_POINT('',(-0.0139715221107284,0.004445,-0.00827360096168631));
#2580=CARTESIAN_POINT('',(-0.0156584712055886,0.004445,-0.00769162783845447));
#2581=CARTESIAN_POINT('',(-0.0173640595393185,0.004445,-0.00844981760632296));
#2582=CARTESIAN_POINT('',(-0.0178715264475639,0.004445,-0.00914828588406936));
#2583=CARTESIAN_POINT('',(-0.0178715264475639,0.004445,-0.00914828588406936));
#2584=CARTESIAN_POINT('',(-0.0204114822953391,0.004445,-0.0126442351917422));
#2585=CARTESIAN_POINT('',(-0.0211700892526285,0.004445,-0.0136883680924989));
#2586=CARTESIAN_POINT('',(-2.94902990916057E-17,0.004445,1.82145964977565E-17));
#2587=CARTESIAN_POINT('',(-0.0228019495427359,0.004445,-0.0107524507462497));
#2588=CARTESIAN_POINT('',(-0.0225262647930542,0.004445,-0.0103730032410382));
#2589=CARTESIAN_POINT('',(-0.0196219511079578,0.004445,-0.00637555839349462));
#2590=CARTESIAN_POINT('',(-0.0243212293644352,0.004445,-0.0048486703298861));
#2591=CARTESIAN_POINT('',(-0.0247672966596002,0.004445,-0.00470373427984166));
#2592=CARTESIAN_POINT('',(-2.56739074444567E-16,0.004445,2.57836829144209E-18));
#2593=CARTESIAN_POINT('',(-0.0251727828705326,0.004445,-0.00136934384031901));
#2594=CARTESIAN_POINT('',(-0.0239453310295362,0.004445,-0.00176816711963607));
#2595=CARTESIAN_POINT('',(-0.0203111243960595,0.004445,-0.00294899243503296));
#2596=CARTESIAN_POINT('',(-0.0203111243960595,0.004445,-0.00294899243503296));
#2597=CARTESIAN_POINT('',(-0.0194945341236599,0.004445,-0.00321431869828779));
#2598=CARTESIAN_POINT('',(-0.0177074841500332,0.00444500000000001,-0.00324599717286227));
#2599=CARTESIAN_POINT('',(-0.0163220249870504,0.004445,-0.00199804477701954));
#2600=CARTESIAN_POINT('',(-0.0160553756059016,0.004445,-0.00117738236645981));
#2601=CARTESIAN_POINT('',(-0.0160553756059016,0.004445,-0.00117738236645981));
#2602=CARTESIAN_POINT('',(-0.0141651365541612,0.004445,0.0046401752444073));
#2603=CARTESIAN_POINT('',(-0.0124515322221206,0.004445,0.00991410708636109));
#2604=CARTESIAN_POINT('',(-0.0124515322221206,0.004445,0.00991410708636109));
#2605=CARTESIAN_POINT('',(-0.012186099877338,0.004445,0.0107310238441321));
#2606=CARTESIAN_POINT('',(-0.012153906485137,0.00444500000000001,0.0125152473588052));
#2607=CARTESIAN_POINT('',(-0.0134020435849868,0.004445,0.0139030647344834));
#2608=CARTESIAN_POINT('',(-0.0142231422906937,0.004445,0.014169855876519));
#2609=CARTESIAN_POINT('',(-0.0142231422906937,0.004445,0.014169855876519));
#2610=CARTESIAN_POINT('',(-0.018332877182318,0.004445,0.0155051896891033));
#2611=CARTESIAN_POINT('',(-0.0195603290233144,0.004445,0.0159040129684204));
#2612=CARTESIAN_POINT('',(1.50920942409982E-16,0.004445,-1.11022302462516E-16));
#2613=CARTESIAN_POINT('',(-0.017272378261949,0.004445,0.0183632526850815));
#2614=CARTESIAN_POINT('',(-0.0168263109667839,0.004445,0.0182183166350371));
#2615=CARTESIAN_POINT('',(-0.0121270327103066,0.004445,0.0166914285714286));
#2616=CARTESIAN_POINT('',(-0.0121270327103066,0.004445,0.0216325421392987));
#2617=CARTESIAN_POINT('',(-0.0121270327103066,0.004445,0.0221015650496329));
#2618=CARTESIAN_POINT('',(-1.70002900645727E-16,0.004445,4.52762827229947E-16));
#2619=CARTESIAN_POINT('',(-0.00908114108508918,0.004445,0.0235175886645018));
#2620=CARTESIAN_POINT('',(-0.00908114108508918,0.004445,0.0222269694216225));
#2621=CARTESIAN_POINT('',(-0.00908114108508918,0.004445,0.0184057384314455));
#2622=CARTESIAN_POINT('',(-0.00908114108508917,0.004445,0.0184057384314455));
#2623=CARTESIAN_POINT('',(-0.00908114108508917,0.004445,0.0175471246073369));
#2624=CARTESIAN_POINT('',(-0.0085590402931116,0.004445,0.0158377498979748));
#2625=CARTESIAN_POINT('',(-0.00694403660864504,0.004445,0.0149057384314455));
#2626=CARTESIAN_POINT('',(-0.00608114108508917,0.004445,0.0149057384314455));
#2627=CARTESIAN_POINT('',(-0.0239453310295362,-0.004445,-0.00176816711963607));
#2628=CARTESIAN_POINT('',(-0.0203111243960595,-0.00444500000000001,-0.00294899243503295));
#2629=CARTESIAN_POINT('',(-0.0203111243960595,-0.00148166666666667,-0.00294899243503295));
#2630=CARTESIAN_POINT('',(-0.0203111243960595,0.00148166666666667,-0.00294899243503295));
#2631=CARTESIAN_POINT('',(-0.0203111243960595,0.004445,-0.00294899243503295));
#2632=CARTESIAN_POINT('',(-0.0251727828705326,0.004445,-0.00136934384031901));
#2633=CARTESIAN_POINT('',(-0.026208804000824,0.00444500000000007,-0.00103272016937385));
#2634=CARTESIAN_POINT('',(-0.0282641386894335,0.00365046517790164,-0.000364901446693916));
#2635=CARTESIAN_POINT('',(-0.0292099432263312,0.00153646593145827,-5.75909238694267E-5));
#2636=CARTESIAN_POINT('',(-0.0292099432263312,0.000445,-5.75909238694267E-5));
#2637=CARTESIAN_POINT('',(-0.0292099432263312,0.000445,-5.75909238694171E-5));
#2638=CARTESIAN_POINT('',(-0.0292099432263312,-0.004445,-5.75909238694171E-5));
#2639=CARTESIAN_POINT('',(-0.0292099432263312,-0.000445,-5.75909238694171E-5));
#2640=CARTESIAN_POINT('',(-0.0292099432263312,-0.000445,-5.75909238694171E-5));
#2641=CARTESIAN_POINT('',(-0.0292099432263312,-0.00153515366925386,-5.75909238694171E-5));
#2642=CARTESIAN_POINT('',(-0.0282693397098665,-0.00364653608963332,-0.00036321153271473));
#2643=CARTESIAN_POINT('',(-0.026207929922305,-0.00444500000000007,-0.00103300417470073));
#2644=CARTESIAN_POINT('',(-0.0251727828705326,-0.004445,-0.00136934384031901));
#2645=CARTESIAN_POINT('',(-2.56739074444567E-16,-0.004445,2.57836829144209E-18));
#2646=CARTESIAN_POINT('',(-2.56739074444567E-16,0.000445,2.57836829144209E-18));
#2647=CARTESIAN_POINT('',(-0.0290205076209125,0.000445,-0.00332178226627758));
#2648=CARTESIAN_POINT('',(-0.0290205076209125,-0.004445,-0.00332178226627758));
#2649=CARTESIAN_POINT('',(-0.0290205076209125,-0.000445,-0.00332178226627758));
#2650=CARTESIAN_POINT('',(-2.56739074444567E-16,-0.000445,2.57836829144209E-18));
#2651=CARTESIAN_POINT('',(-0.0243212293644352,-0.004445,-0.0048486703298861));
#2652=CARTESIAN_POINT('',(-0.0290205076209126,0.000445,-0.00332178226627758));
#2653=CARTESIAN_POINT('',(-0.0290205076209126,0.00156708417065668,-0.00332178226627758));
#2654=CARTESIAN_POINT('',(-0.0279687591349238,0.00371176864469939,-0.00366351606485847));
#2655=CARTESIAN_POINT('',(-0.0258313665579563,0.00444500000000006,-0.00435799701169722));
#2656=CARTESIAN_POINT('',(-0.0247672966596002,0.004445,-0.00470373427984166));
#2657=CARTESIAN_POINT('',(-0.0196219511079578,-0.004445,-0.00637555839349462));
#2658=CARTESIAN_POINT('',(-0.0247672966596002,-0.004445,-0.00470373427984166));
#2659=CARTESIAN_POINT('',(-0.0258330099294904,-0.00444500000000006,-0.00435746304791757));
#2660=CARTESIAN_POINT('',(-0.027960606530609,-0.0037167976727375,-0.00366616500657592));
#2661=CARTESIAN_POINT('',(-0.0290205076209126,-0.00157007245279261,-0.00332178226627756));
#2662=CARTESIAN_POINT('',(-0.0290205076209126,-0.000445000000000007,-0.00332178226627756));
#2663=CARTESIAN_POINT('',(-0.0225262647930542,-0.004445,-0.0103730032410382));
#2664=CARTESIAN_POINT('',(-0.0228019495427359,0.004445,-0.0107524507462497));
#2665=CARTESIAN_POINT('',(-0.0234605965657898,0.004445,-0.0116590006007533));
#2666=CARTESIAN_POINT('',(-0.0247755235796298,0.00371679767273729,-0.0134688423693418));
#2667=CARTESIAN_POINT('',(-0.0254305784781506,0.00157007245279264,-0.0143704480885819));
#2668=CARTESIAN_POINT('',(-0.0254305784781506,0.000445000000000008,-0.0143704480885819));
#2669=CARTESIAN_POINT('',(-0.0254305784781505,0.000445,-0.0143704480885818));
#2670=CARTESIAN_POINT('',(-0.0254305784781505,-0.004445,-0.0143704480885818));
#2671=CARTESIAN_POINT('',(-0.0254305784781505,-0.000445,-0.0143704480885818));
#2672=CARTESIAN_POINT('',(-0.0254305784781505,-0.000445,-0.0143704480885818));
#2673=CARTESIAN_POINT('',(-0.0254305784781505,-0.00156708417065671,-0.0143704480885818));
#2674=CARTESIAN_POINT('',(-0.0247805621661931,-0.00371176864469922,-0.0134757773887922));
#2675=CARTESIAN_POINT('',(-0.0234595809063256,-0.004445,-0.0116576026654294));
#2676=CARTESIAN_POINT('',(-0.0228019495427359,-0.004445,-0.0107524507462497));
#2677=CARTESIAN_POINT('',(-2.94902990916057E-17,-0.004445,1.82145964977565E-17));
#2678=CARTESIAN_POINT('',(-2.94902990916057E-17,0.000445,1.82145964977565E-17));
#2679=CARTESIAN_POINT('',(-0.0236651915705456,0.000445,-0.0171225818126057));
#2680=CARTESIAN_POINT('',(-0.0236651915705456,-0.004445,-0.0171225818126057));
#2681=CARTESIAN_POINT('',(-0.0236651915705456,-0.000445,-0.0171225818126057));
#2682=CARTESIAN_POINT('',(-2.94902990916057E-17,-0.000445,1.82145964977565E-17));
#2683=CARTESIAN_POINT('',(-0.0204114822953391,-0.004445,-0.0126442351917422));
#2684=CARTESIAN_POINT('',(-0.0178715264475639,0.00444500000000001,-0.00914828588406936));
#2685=CARTESIAN_POINT('',(-0.0178715264475639,0.00148166666666667,-0.00914828588406936));
#2686=CARTESIAN_POINT('',(-0.0178715264475639,-0.00148166666666666,-0.00914828588406936));
#2687=CARTESIAN_POINT('',(-0.0178715264475639,-0.004445,-0.00914828588406936));
#2688=CARTESIAN_POINT('',(-0.0211700892526285,-0.004445,-0.0136883680924989));
#2689=CARTESIAN_POINT('',(-0.0218103855242117,-0.004445,-0.0145696603044511));
#2690=CARTESIAN_POINT('',(-0.0230806522200288,-0.0036504651779015,-0.0163180324187505));
#2691=CARTESIAN_POINT('',(-0.0236651915705456,-0.00153646593145828,-0.0171225818126058));
#2692=CARTESIAN_POINT('',(-0.0236651915705456,-0.000445,-0.0171225818126058));
#2693=CARTESIAN_POINT('',(-0.0236651915705456,0.000445,-0.0171225818126058));
#2694=CARTESIAN_POINT('',(-0.0236651915705456,0.00153515366925387,-0.0171225818126057));
#2695=CARTESIAN_POINT('',(-0.0230838666274326,0.00364653608963316,-0.0163224566709862));
#2696=CARTESIAN_POINT('',(-0.0218098453139781,0.004445,-0.0145689167688523));
#2697=CARTESIAN_POINT('',(-0.0211700892526285,0.004445,-0.0136883680924989));
#2698=CARTESIAN_POINT('',(-0.00571788736303174,-0.004445,-0.0233197567993476));
#2699=CARTESIAN_POINT('',(-0.00347182414140277,-0.00444500000000001,-0.0202283159888622));
#2700=CARTESIAN_POINT('',(-0.00347182414140278,-0.00148166666666667,-0.0202283159888622));
#2701=CARTESIAN_POINT('',(-0.00347182414140278,0.00148166666666667,-0.0202283159888622));
#2702=CARTESIAN_POINT('',(-0.00347182414140278,0.00444500000000001,-0.0202283159888622));
#2703=CARTESIAN_POINT('',(-0.00647649432032113,0.004445,-0.0243638897001043));
#2704=CARTESIAN_POINT('',(-0.0071167905919043,0.00444500000000003,-0.0252451819120565));
#2705=CARTESIAN_POINT('',(-0.00838705728772152,0.00365046517790156,-0.026993554026356));
#2706=CARTESIAN_POINT('',(-0.00897159663823823,0.00153646593145827,-0.0277981034202111));
#2707=CARTESIAN_POINT('',(-0.00897159663823823,0.000445,-0.0277981034202111));
#2708=CARTESIAN_POINT('',(-0.00897159663823824,0.000445,-0.0277981034202111));
#2709=CARTESIAN_POINT('',(-0.00897159663823824,-0.004445,-0.0277981034202111));
#2710=CARTESIAN_POINT('',(-0.00897159663823824,-0.000445,-0.0277981034202111));
#2711=CARTESIAN_POINT('',(-0.00897159663823824,-0.000445,-0.0277981034202111));
#2712=CARTESIAN_POINT('',(-0.00897159663823824,-0.00153515366925386,-0.0277981034202111));
#2713=CARTESIAN_POINT('',(-0.0083902716951253,-0.00364653608963322,-0.0269979782785916));
#2714=CARTESIAN_POINT('',(-0.0071162503816707,-0.00444500000000003,-0.0252444383764577));
#2715=CARTESIAN_POINT('',(-0.00647649432032113,-0.004445,-0.0243638897001043));
#2716=CARTESIAN_POINT('',(-5.98479599211999E-17,-0.004445,-1.04083408558608E-16));
#2717=CARTESIAN_POINT('',(-5.98479599211999E-17,0.000445,-1.04083408558608E-16));
#2718=CARTESIAN_POINT('',(-0.00580862737019268,0.000445,-0.0286266300509551));
#2719=CARTESIAN_POINT('',(-0.00580862737019268,-0.004445,-0.0286266300509551));
#2720=CARTESIAN_POINT('',(-0.00580862737019268,-0.000445,-0.0286266300509551));
#2721=CARTESIAN_POINT('',(-5.98479599211999E-17,-0.000445,-1.04083408558608E-16));
#2722=CARTESIAN_POINT('',(-0.00290431368509633,-0.004445,-0.0246291852034115));
#2723=CARTESIAN_POINT('',(-0.00580862737019268,0.000445,-0.0286266300509551));
#2724=CARTESIAN_POINT('',(-0.00580862737019268,0.00156708417065671,-0.0286266300509551));
#2725=CARTESIAN_POINT('',(-0.00515861105823522,0.00371176864469929,-0.0277319593511656));
#2726=CARTESIAN_POINT('',(-0.00383762979836772,0.00444500000000003,-0.0259137846278027));
#2727=CARTESIAN_POINT('',(-0.00317999843477802,0.004445,-0.025008632708623));
#2728=CARTESIAN_POINT('',(-1.38777878078145E-17,-0.004445,-0.0206317403558679));
#2729=CARTESIAN_POINT('',(-0.00317999843477801,-0.004445,-0.025008632708623));
#2730=CARTESIAN_POINT('',(-0.00383864545783192,-0.00444500000000003,-0.0259151825631266));
#2731=CARTESIAN_POINT('',(-0.00515357247167192,-0.00371679767273738,-0.0277250243317151));
#2732=CARTESIAN_POINT('',(-0.00580862737019272,-0.00157007245279263,-0.0286266300509552));
#2733=CARTESIAN_POINT('',(-0.00580862737019272,-0.000445000000000007,-0.0286266300509552));
#2734=CARTESIAN_POINT('',(0.00290431368509636,-0.004445,-0.0246291852034115));
#2735=CARTESIAN_POINT('',(0.00317999843477804,0.004445,-0.025008632708623));
#2736=CARTESIAN_POINT('',(0.00383864545783191,0.00444499999999996,-0.0259151825631265));
#2737=CARTESIAN_POINT('',(0.00515357247167176,0.00371679767273709,-0.0277250243317149));
#2738=CARTESIAN_POINT('',(0.00580862737019273,0.00157007245279267,-0.0286266300509552));
#2739=CARTESIAN_POINT('',(0.00580862737019273,0.000445000000000008,-0.0286266300509552));
#2740=CARTESIAN_POINT('',(0.0058086273701927,0.000445,-0.0286266300509551));
#2741=CARTESIAN_POINT('',(0.0058086273701927,-0.004445,-0.0286266300509551));
#2742=CARTESIAN_POINT('',(0.0058086273701927,-0.000445,-0.0286266300509551));
#2743=CARTESIAN_POINT('',(0.00580862737019269,-0.000445,-0.0286266300509551));
#2744=CARTESIAN_POINT('',(0.00580862737019269,-0.00156708417065674,-0.0286266300509551));
#2745=CARTESIAN_POINT('',(0.00515861105823503,-0.00371176864469907,-0.0277319593511653));
#2746=CARTESIAN_POINT('',(0.00383762979836771,-0.00444499999999996,-0.0259137846278026));
#2747=CARTESIAN_POINT('',(0.00317999843477804,-0.004445,-0.025008632708623));
#2748=CARTESIAN_POINT('',(-3.29597460435593E-17,-0.004445,1.97758476261356E-16));
#2749=CARTESIAN_POINT('',(-3.29597460435593E-17,0.000445,1.97758476261356E-16));
#2750=CARTESIAN_POINT('',(0.00897159663823823,0.000445,-0.0277981034202111));
#2751=CARTESIAN_POINT('',(0.00897159663823823,-0.004445,-0.0277981034202111));
#2752=CARTESIAN_POINT('',(0.00897159663823823,-0.000445,-0.0277981034202111));
#2753=CARTESIAN_POINT('',(-3.29597460435593E-17,-0.000445,1.97758476261356E-16));
#2754=CARTESIAN_POINT('',(0.00571788736303175,-0.004445,-0.0233197567993476));
#2755=CARTESIAN_POINT('',(0.00317793151525655,0.004445,-0.0198238074916747));
#2756=CARTESIAN_POINT('',(0.00317793151525655,0.00148166666666667,-0.0198238074916747));
#2757=CARTESIAN_POINT('',(0.00317793151525655,-0.00148166666666667,-0.0198238074916747));
#2758=CARTESIAN_POINT('',(0.00317793151525655,-0.004445,-0.0198238074916747));
#2759=CARTESIAN_POINT('',(0.00647649432032114,-0.004445,-0.0243638897001043));
#2760=CARTESIAN_POINT('',(0.00711679059190428,-0.00444499999999995,-0.0252451819120564));
#2761=CARTESIAN_POINT('',(0.00838705728772129,-0.00365046517790137,-0.0269935540263557));
#2762=CARTESIAN_POINT('',(0.00897159663823824,-0.0015364659314583,-0.0277981034202111));
#2763=CARTESIAN_POINT('',(0.00897159663823824,-0.000445,-0.0277981034202111));
#2764=CARTESIAN_POINT('',(0.00897159663823823,0.000445,-0.0277981034202111));
#2765=CARTESIAN_POINT('',(0.00897159663823823,0.00153515366925389,-0.0277981034202111));
#2766=CARTESIAN_POINT('',(0.0083902716951251,0.003646536089633,-0.0269979782785913));
#2767=CARTESIAN_POINT('',(0.00711625038167069,0.00444499999999995,-0.0252444383764577));
#2768=CARTESIAN_POINT('',(0.00647649432032114,0.004445,-0.0243638897001043));
#2769=CARTESIAN_POINT('',(0.0204114822953391,-0.004445,-0.0126442351917422));
#2770=CARTESIAN_POINT('',(0.0181654190737101,-0.00444500000000001,-0.00955279438125682));
#2771=CARTESIAN_POINT('',(0.0181654190737101,-0.00148166666666667,-0.00955279438125682));
#2772=CARTESIAN_POINT('',(0.0181654190737101,0.00148166666666667,-0.00955279438125682));
#2773=CARTESIAN_POINT('',(0.0181654190737101,0.00444500000000001,-0.00955279438125682));
#2774=CARTESIAN_POINT('',(0.0211700892526285,0.004445,-0.0136883680924989));
#2775=CARTESIAN_POINT('',(0.0218103855242117,0.004445,-0.0145696603044511));
#2776=CARTESIAN_POINT('',(0.0230806522200288,0.00365046517790148,-0.0163180324187505));
#2777=CARTESIAN_POINT('',(0.0236651915705456,0.00153646593145829,-0.0171225818126057));
#2778=CARTESIAN_POINT('',(0.0236651915705456,0.000445,-0.0171225818126057));
#2779=CARTESIAN_POINT('',(0.0236651915705456,0.000445,-0.0171225818126057));
#2780=CARTESIAN_POINT('',(0.0236651915705456,-0.004445,-0.0171225818126057));
#2781=CARTESIAN_POINT('',(0.0236651915705456,-0.000445,-0.0171225818126057));
#2782=CARTESIAN_POINT('',(0.0236651915705456,-0.000445,-0.0171225818126057));
#2783=CARTESIAN_POINT('',(0.0236651915705456,-0.00153515366925388,-0.0171225818126057));
#2784=CARTESIAN_POINT('',(0.0230838666274326,-0.00364653608963313,-0.0163224566709861));
#2785=CARTESIAN_POINT('',(0.0218098453139781,-0.004445,-0.0145689167688523));
#2786=CARTESIAN_POINT('',(0.0211700892526285,-0.004445,-0.0136883680924989));
#2787=CARTESIAN_POINT('',(-1.7347234759768E-18,-0.004445,5.46437894932694E-17));
#2788=CARTESIAN_POINT('',(-1.7347234759768E-18,0.000445,5.46437894932694E-17));
#2789=CARTESIAN_POINT('',(0.0254305784781505,0.000445,-0.0143704480885818));
#2790=CARTESIAN_POINT('',(0.0254305784781505,-0.004445,-0.0143704480885818));
#2791=CARTESIAN_POINT('',(0.0254305784781505,-0.000445,-0.0143704480885818));
#2792=CARTESIAN_POINT('',(-1.7347234759768E-18,-0.000445,5.46437894932694E-17));
#2793=CARTESIAN_POINT('',(0.0225262647930542,-0.004445,-0.0103730032410382));
#2794=CARTESIAN_POINT('',(0.0254305784781505,0.000445,-0.0143704480885818));
#2795=CARTESIAN_POINT('',(0.0254305784781505,0.00156708417065672,-0.0143704480885818));
#2796=CARTESIAN_POINT('',(0.024780562166193,0.00371176864469919,-0.0134757773887922));
#2797=CARTESIAN_POINT('',(0.0234595809063256,0.00444499999999999,-0.0116576026654294));
#2798=CARTESIAN_POINT('',(0.0228019495427359,0.004445,-0.0107524507462497));
#2799=CARTESIAN_POINT('',(0.0196219511079578,-0.004445,-0.00637555839349461));
#2800=CARTESIAN_POINT('',(0.0228019495427359,-0.004445,-0.0107524507462497));
#2801=CARTESIAN_POINT('',(0.0234605965657898,-0.00444499999999999,-0.0116590006007532));
#2802=CARTESIAN_POINT('',(0.0247755235796297,-0.00371679767273726,-0.0134688423693417));
#2803=CARTESIAN_POINT('',(0.0254305784781506,-0.00157007245279265,-0.0143704480885819));
#2804=CARTESIAN_POINT('',(0.0254305784781506,-0.000445000000000007,-0.0143704480885819));
#2805=CARTESIAN_POINT('',(0.0243212293644352,-0.004445,-0.00484867032988609));
#2806=CARTESIAN_POINT('',(0.0247672966596002,0.004445,-0.00470373427984165));
#2807=CARTESIAN_POINT('',(0.0258330099294903,0.00444499999999999,-0.00435746304791757));
#2808=CARTESIAN_POINT('',(0.0279606065306088,0.00371679767273726,-0.00366616500657599));
#2809=CARTESIAN_POINT('',(0.0290205076209126,0.00157007245279264,-0.00332178226627755));
#2810=CARTESIAN_POINT('',(0.0290205076209126,0.000445000000000007,-0.00332178226627754));
#2811=CARTESIAN_POINT('',(0.0290205076209125,0.000445,-0.00332178226627756));
#2812=CARTESIAN_POINT('',(0.0290205076209125,-0.004445,-0.00332178226627756));
#2813=CARTESIAN_POINT('',(0.0290205076209125,-0.000445,-0.00332178226627756));
#2814=CARTESIAN_POINT('',(0.0290205076209125,-0.000445,-0.00332178226627756));
#2815=CARTESIAN_POINT('',(0.0290205076209125,-0.00156708417065671,-0.00332178226627756));
#2816=CARTESIAN_POINT('',(0.0279687591349234,-0.00371176864469919,-0.00366351606485856));
#2817=CARTESIAN_POINT('',(0.0258313665579562,-0.00444499999999999,-0.00435799701169722));
#2818=CARTESIAN_POINT('',(0.0247672966596002,-0.004445,-0.00470373427984165));
#2819=CARTESIAN_POINT('',(-5.72458747072346E-16,-0.004445,1.88109076926235E-17));
#2820=CARTESIAN_POINT('',(-5.72458747072346E-16,0.000445,1.88109076926235E-17));
#2821=CARTESIAN_POINT('',(0.0292099432263312,0.000445,-5.75909238694018E-5));
#2822=CARTESIAN_POINT('',(0.0292099432263312,-0.004445,-5.75909238694018E-5));
#2823=CARTESIAN_POINT('',(0.0292099432263312,-0.000445,-5.75909238694018E-5));
#2824=CARTESIAN_POINT('',(-5.72458747072346E-16,-0.000445,1.88109076926235E-17));
#2825=CARTESIAN_POINT('',(0.0239453310295362,-0.004445,-0.00176816711963606));
#2826=CARTESIAN_POINT('',(0.0198355961379119,0.00444500000000001,-0.00310350093222041));
#2827=CARTESIAN_POINT('',(0.0198355961379119,0.00148166666666667,-0.00310350093222042));
#2828=CARTESIAN_POINT('',(0.0198355961379119,-0.00148166666666666,-0.00310350093222042));
#2829=CARTESIAN_POINT('',(0.0198355961379119,-0.004445,-0.00310350093222041));
#2830=CARTESIAN_POINT('',(0.0251727828705326,-0.004445,-0.00136934384031899));
#2831=CARTESIAN_POINT('',(0.026208804000824,-0.004445,-0.00103272016937384));
#2832=CARTESIAN_POINT('',(0.0282641386894332,-0.00365046517790147,-0.000364901446694007));
#2833=CARTESIAN_POINT('',(0.0292099432263312,-0.0015364659314583,-5.75909238694083E-5));
#2834=CARTESIAN_POINT('',(0.0292099432263312,-0.000445,-5.75909238694083E-5));
#2835=CARTESIAN_POINT('',(0.0292099432263312,0.000445,-5.75909238694018E-5));
#2836=CARTESIAN_POINT('',(0.0292099432263312,0.00153515366925388,-5.75909238694018E-5));
#2837=CARTESIAN_POINT('',(0.0282693397098662,0.00364653608963313,-0.000363211532714809));
#2838=CARTESIAN_POINT('',(0.026207929922305,0.004445,-0.00103300417470073));
#2839=CARTESIAN_POINT('',(0.0251727828705326,0.004445,-0.00136934384031899));
#2840=CARTESIAN_POINT('',(0.018332877182318,-0.004445,0.0155051896891033));
#2841=CARTESIAN_POINT('',(0.0146986705488413,-0.00444500000000001,0.0143243643737065));
#2842=CARTESIAN_POINT('',(0.0146986705488413,-0.00148166666666667,0.0143243643737065));
#2843=CARTESIAN_POINT('',(0.0146986705488413,0.00148166666666667,0.0143243643737065));
#2844=CARTESIAN_POINT('',(0.0146986705488413,0.00444500000000001,0.0143243643737065));
#2845=CARTESIAN_POINT('',(0.0195603290233144,0.004445,0.0159040129684204));
#2846=CARTESIAN_POINT('',(0.0205963501536058,0.00444499999999999,0.0162406366393655));
#2847=CARTESIAN_POINT('',(0.022651684842215,0.00365046517790147,0.0169084553620454));
#2848=CARTESIAN_POINT('',(0.0235974893791129,0.00153646593145829,0.01721576588487));
#2849=CARTESIAN_POINT('',(0.0235974893791129,0.000445,0.01721576588487));
#2850=CARTESIAN_POINT('',(0.0235974893791129,0.000445,0.01721576588487));
#2851=CARTESIAN_POINT('',(0.0235974893791129,-0.004445,0.01721576588487));
#2852=CARTESIAN_POINT('',(0.0235974893791129,-0.000445,0.01721576588487));
#2853=CARTESIAN_POINT('',(0.0235974893791129,-0.000445,0.01721576588487));
#2854=CARTESIAN_POINT('',(0.0235974893791129,-0.00153515366925388,0.01721576588487));
#2855=CARTESIAN_POINT('',(0.022656885862648,-0.00364653608963312,0.0169101452760246));
#2856=CARTESIAN_POINT('',(0.0205954760750868,-0.00444499999999999,0.0162403526340387));
#2857=CARTESIAN_POINT('',(0.0195603290233144,-0.004445,0.0159040129684204));
#2858=CARTESIAN_POINT('',(2.89698820488127E-16,-0.004445,2.4459601011273E-16));
#2859=CARTESIAN_POINT('',(2.89698820488127E-16,0.000445,2.4459601011273E-16));
#2860=CARTESIAN_POINT('',(0.0215255892232613,0.000445,0.0197452046986456));
#2861=CARTESIAN_POINT('',(0.0215255892232613,-0.004445,0.0197452046986456));
#2862=CARTESIAN_POINT('',(0.0215255892232613,-0.000445,0.0197452046986456));
#2863=CARTESIAN_POINT('',(2.89698820488127E-16,-0.000445,2.4459601011273E-16));
#2864=CARTESIAN_POINT('',(0.0168263109667839,-0.004445,0.0182183166350371));
#2865=CARTESIAN_POINT('',(0.0215255892232613,0.000445,0.0197452046986456));
#2866=CARTESIAN_POINT('',(0.0215255892232613,0.00156708417065671,0.0197452046986456));
#2867=CARTESIAN_POINT('',(0.0204738407372722,0.00371176864469918,0.0194034709000646));
#2868=CARTESIAN_POINT('',(0.018336448160305,0.00444499999999999,0.018708989953226));
#2869=CARTESIAN_POINT('',(0.017272378261949,0.004445,0.0183632526850816));
#2870=CARTESIAN_POINT('',(0.0121270327103066,-0.004445,0.0166914285714286));
#2871=CARTESIAN_POINT('',(0.017272378261949,-0.004445,0.0183632526850816));
#2872=CARTESIAN_POINT('',(0.0183380915318391,-0.00444499999999999,0.0187095239170056));
#2873=CARTESIAN_POINT('',(0.0204656881329575,-0.00371679767273724,0.0194008219583472));
#2874=CARTESIAN_POINT('',(0.0215255892232613,-0.00157007245279264,0.0197452046986457));
#2875=CARTESIAN_POINT('',(0.0215255892232614,-0.000445000000000007,0.0197452046986457));
#2876=CARTESIAN_POINT('',(0.0121270327103066,-0.004445,0.0216325421392987));
#2877=CARTESIAN_POINT('',(0.0121270327103066,-6.50521303491303E-19,0.0231015650496329));
#2878=CARTESIAN_POINT('',(0.0121270327103066,-6.50521303491303E-19,0.0242015650496329));
#2879=CARTESIAN_POINT('',(0.0121270327103066,0.004445,0.0221015650496329));
#2880=CARTESIAN_POINT('',(0.0121270327103066,0.00444499999999993,0.0232221222947918));
#2881=CARTESIAN_POINT('',(0.0121270327103066,0.00371679767273701,0.0254592097492853));
#2882=CARTESIAN_POINT('',(0.0121270327103066,0.00157007245279268,0.026573655707169));
#2883=CARTESIAN_POINT('',(0.0121270327103066,0.000445000000000008,0.0265736557071691));
#2884=CARTESIAN_POINT('',(0.0121270327103066,0.000445,0.0265736557071689));
#2885=CARTESIAN_POINT('',(0.0121270327103066,-0.004445,0.0265736557071689));
#2886=CARTESIAN_POINT('',(0.0121270327103066,-0.000445,0.0265736557071689));
#2887=CARTESIAN_POINT('',(0.0121270327103066,-0.000445,0.0265736557071689));
#2888=CARTESIAN_POINT('',(0.0121270327103066,-0.00156708417065674,0.0265736557071689));
#2889=CARTESIAN_POINT('',(0.0121270327103066,-0.003711768644699,0.0254677819047513));
#2890=CARTESIAN_POINT('',(0.0121270327103066,-0.00444499999999993,0.0232203943517033));
#2891=CARTESIAN_POINT('',(0.0121270327103066,-0.004445,0.0221015650496329));
#2892=CARTESIAN_POINT('',(-9.4542429440736E-17,-0.004445,-2.67147415300428E-16));
#2893=CARTESIAN_POINT('',(-9.4542429440736E-17,0.000445,-2.67147415300428E-16));
#2894=CARTESIAN_POINT('',(0.00908114108508915,0.000445,0.0277625102718163));
#2895=CARTESIAN_POINT('',(0.00908114108508915,-0.004445,0.0277625102718163));
#2896=CARTESIAN_POINT('',(0.00908114108508915,-0.000445,0.0277625102718163));
#2897=CARTESIAN_POINT('',(-9.4542429440736E-17,-0.000445,-2.67147415300428E-16));
#2898=CARTESIAN_POINT('',(0.00908114108508916,-0.004445,0.0222269694216225));
#2899=CARTESIAN_POINT('',(0.00908114108508916,-6.50521303491303E-19,0.0231015650496329));
#2900=CARTESIAN_POINT('',(0.00908114108508916,-6.50521303491303E-19,0.0242015650496329));
#2901=CARTESIAN_POINT('',(0.00908114108508916,0.004445,0.0179057384314455));
#2902=CARTESIAN_POINT('',(0.00908114108508916,0.00148166666666667,0.0179057384314455));
#2903=CARTESIAN_POINT('',(0.00908114108508916,-0.00148166666666667,0.0179057384314455));
#2904=CARTESIAN_POINT('',(0.00908114108508916,-0.004445,0.0179057384314455));
#2905=CARTESIAN_POINT('',(0.00908114108508915,-0.004445,0.0235175886645018));
#2906=CARTESIAN_POINT('',(0.00908114108508915,-0.00444499999999993,0.0246069257465158));
#2907=CARTESIAN_POINT('',(0.00908114108508916,-0.00365046517790133,0.0267680325297546));
#2908=CARTESIAN_POINT('',(0.00908114108508915,-0.00153646593145831,0.0277625102718163));
#2909=CARTESIAN_POINT('',(0.00908114108508915,-0.000445,0.0277625102718163));
#2910=CARTESIAN_POINT('',(0.00908114108508915,0.000445,0.0277625102718163));
#2911=CARTESIAN_POINT('',(0.00908114108508915,0.0015351536692539,0.0277625102718163));
#2912=CARTESIAN_POINT('',(0.00908114108508916,0.00364653608963294,0.0267735012062675));
#2913=CARTESIAN_POINT('',(0.00908114108508916,0.00444499999999993,0.0246060066859721));
#2914=CARTESIAN_POINT('',(0.00908114108508916,0.004445,0.0235175886645019));
#2915=CARTESIAN_POINT('',(-0.00908114108508918,-0.004445,0.0222269694216225));
#2916=CARTESIAN_POINT('',(-0.00908114108508918,-6.50521303491303E-19,0.0231015650496329));
#2917=CARTESIAN_POINT('',(-0.00908114108508918,-6.50521303491303E-19,0.0242015650496329));
#2918=CARTESIAN_POINT('',(-0.00908114108508918,-0.00444500000000001,0.0184057384314455));
#2919=CARTESIAN_POINT('',(-0.00908114108508918,-0.00148166666666667,0.0184057384314455));
#2920=CARTESIAN_POINT('',(-0.00908114108508918,0.00148166666666666,0.0184057384314455));
#2921=CARTESIAN_POINT('',(-0.00908114108508918,0.004445,0.0184057384314455));
#2922=CARTESIAN_POINT('',(-0.00908114108508918,0.004445,0.0235175886645018));
#2923=CARTESIAN_POINT('',(-0.00908114108508918,0.00444499999999999,0.0246069257465159));
#2924=CARTESIAN_POINT('',(-0.00908114108508918,0.00365046517790147,0.0267680325297549));
#2925=CARTESIAN_POINT('',(-0.00908114108508918,0.00153646593145829,0.0277625102718163));
#2926=CARTESIAN_POINT('',(-0.00908114108508918,0.000445,0.0277625102718163));
#2927=CARTESIAN_POINT('',(-0.00908114108508917,0.000445,0.0277625102718163));
#2928=CARTESIAN_POINT('',(-0.00908114108508917,-0.004445,0.0277625102718163));
#2929=CARTESIAN_POINT('',(-0.00908114108508917,-0.000445,0.0277625102718163));
#2930=CARTESIAN_POINT('',(-0.00908114108508917,-0.000445,0.0277625102718163));
#2931=CARTESIAN_POINT('',(-0.00908114108508917,-0.00153515366925387,0.0277625102718163));
#2932=CARTESIAN_POINT('',(-0.00908114108508919,-0.00364653608963312,0.0267735012062677));
#2933=CARTESIAN_POINT('',(-0.00908114108508918,-0.00444499999999999,0.0246060066859721));
#2934=CARTESIAN_POINT('',(-0.00908114108508918,-0.004445,0.0235175886645018));
#2935=CARTESIAN_POINT('',(-1.70002900645727E-16,-0.004445,4.52762827229947E-16));
#2936=CARTESIAN_POINT('',(-1.70002900645727E-16,0.000445,4.52762827229947E-16));
#2937=CARTESIAN_POINT('',(-0.0121270327103066,0.000445,0.0265736557071689));
#2938=CARTESIAN_POINT('',(-0.0121270327103066,-0.004445,0.0265736557071689));
#2939=CARTESIAN_POINT('',(-0.0121270327103066,-0.000445,0.0265736557071689));
#2940=CARTESIAN_POINT('',(-1.70002900645727E-16,-0.000445,4.52762827229947E-16));
#2941=CARTESIAN_POINT('',(-0.0121270327103066,-0.004445,0.0216325421392987));
#2942=CARTESIAN_POINT('',(-0.0121270327103066,-6.50521303491303E-19,0.0231015650496329));
#2943=CARTESIAN_POINT('',(-0.0121270327103066,-6.50521303491303E-19,0.0242015650496329));
#2944=CARTESIAN_POINT('',(-0.0121270327103066,0.000445,0.026573655707169));
#2945=CARTESIAN_POINT('',(-0.0121270327103066,0.00156708417065672,0.026573655707169));
#2946=CARTESIAN_POINT('',(-0.0121270327103066,0.0037117686446992,0.0254677819047516));
#2947=CARTESIAN_POINT('',(-0.0121270327103066,0.004445,0.0232203943517033));
#2948=CARTESIAN_POINT('',(-0.0121270327103066,0.004445,0.0221015650496329));
#2949=CARTESIAN_POINT('',(-0.0121270327103066,-0.004445,0.0166914285714286));
#2950=CARTESIAN_POINT('',(-0.0121270327103066,-0.004445,0.0221015650496329));
#2951=CARTESIAN_POINT('',(-0.0121270327103066,-0.004445,0.0232221222947918));
#2952=CARTESIAN_POINT('',(-0.0121270327103066,-0.00371679767273727,0.0254592097492856));
#2953=CARTESIAN_POINT('',(-0.0121270327103066,-0.00157007245279264,0.026573655707169));
#2954=CARTESIAN_POINT('',(-0.0121270327103066,-0.000445000000000007,0.026573655707169));
#2955=CARTESIAN_POINT('',(-0.0168263109667839,-0.004445,0.0182183166350371));
#2956=CARTESIAN_POINT('',(-0.017272378261949,0.004445,0.0183632526850815));
#2957=CARTESIAN_POINT('',(-0.0183380915318391,0.00444499999999996,0.0187095239170056));
#2958=CARTESIAN_POINT('',(-0.0204656881329574,0.00371679767273709,0.0194008219583472));
#2959=CARTESIAN_POINT('',(-0.0215255892232614,0.00157007245279265,0.0197452046986456));
#2960=CARTESIAN_POINT('',(-0.0215255892232614,0.000445000000000007,0.0197452046986456));
#2961=CARTESIAN_POINT('',(-0.0215255892232614,0.000445,0.0197452046986456));
#2962=CARTESIAN_POINT('',(-0.0215255892232614,-0.004445,0.0197452046986456));
#2963=CARTESIAN_POINT('',(-0.0215255892232614,-0.000445,0.0197452046986456));
#2964=CARTESIAN_POINT('',(-0.0215255892232614,-0.000445,0.0197452046986456));
#2965=CARTESIAN_POINT('',(-0.0215255892232614,-0.00156708417065675,0.0197452046986456));
#2966=CARTESIAN_POINT('',(-0.020473840737272,-0.00371176864469906,0.0194034709000646));
#2967=CARTESIAN_POINT('',(-0.018336448160305,-0.00444499999999996,0.0187089899532259));
#2968=CARTESIAN_POINT('',(-0.017272378261949,-0.004445,0.0183632526850815));
#2969=CARTESIAN_POINT('',(1.50920942409982E-16,-0.004445,-1.11022302462516E-16));
#2970=CARTESIAN_POINT('',(1.50920942409982E-16,0.000445,-1.11022302462516E-16));
#2971=CARTESIAN_POINT('',(-0.0235974893791129,0.000445,0.01721576588487));
#2972=CARTESIAN_POINT('',(-0.0235974893791129,-0.004445,0.01721576588487));
#2973=CARTESIAN_POINT('',(-0.0235974893791129,-0.000445,0.01721576588487));
#2974=CARTESIAN_POINT('',(1.50920942409982E-16,-0.000445,-1.11022302462516E-16));
#2975=CARTESIAN_POINT('',(-0.0011907849302036,-0.004445,-0.0020625));
#2976=CARTESIAN_POINT('',(-0.00238156986040721,-0.004445,-0.001375));
#2977=CARTESIAN_POINT('',(-1.7347234759768E-18,-0.004445,-0.00275));
#2978=CARTESIAN_POINT('',(-0.00238156986040721,-0.004445,4.33680868994202E-19));
#2979=CARTESIAN_POINT('',(-0.00238156986040721,-0.004445,0.001375));
#2980=CARTESIAN_POINT('',(-0.0011907849302036,-0.004445,0.0020625));
#2981=CARTESIAN_POINT('',(6.93889390390723E-18,-0.004445,0.00275));
#2982=CARTESIAN_POINT('',(0.0011907849302036,-0.004445,0.0020625));
#2983=CARTESIAN_POINT('',(0.00238156986040721,-0.004445,0.001375));
#2984=CARTESIAN_POINT('',(0.00238156986040721,-0.004445,-1.7347234759768E-18));
#2985=CARTESIAN_POINT('',(0.00238156986040721,-0.004445,-0.001375));
#2986=CARTESIAN_POINT('',(0.0011907849302036,-0.004445,-0.0020625));
#2987=CARTESIAN_POINT('',(-0.018332877182318,-0.004445,0.0155051896891033));
#2988=CARTESIAN_POINT('',(-0.0142231422906937,0.004445,0.0141698558765189));
#2989=CARTESIAN_POINT('',(-0.0142231422906937,0.00148166666666667,0.0141698558765189));
#2990=CARTESIAN_POINT('',(-0.0142231422906937,-0.00148166666666667,0.0141698558765189));
#2991=CARTESIAN_POINT('',(-0.0142231422906937,-0.004445,0.0141698558765189));
#2992=CARTESIAN_POINT('',(-0.0195603290233144,-0.004445,0.0159040129684204));
#2993=CARTESIAN_POINT('',(-0.0205963501536058,-0.00444499999999995,0.0162406366393655));
#2994=CARTESIAN_POINT('',(-0.0226516848422148,-0.00365046517790139,0.0169084553620453));
#2995=CARTESIAN_POINT('',(-0.0235974893791129,-0.00153646593145831,0.01721576588487));
#2996=CARTESIAN_POINT('',(-0.0235974893791129,-0.000445,0.01721576588487));
#2997=CARTESIAN_POINT('',(-0.0235974893791129,0.000445,0.01721576588487));
#2998=CARTESIAN_POINT('',(-0.023597489379113,0.00153515366925389,0.01721576588487));
#2999=CARTESIAN_POINT('',(-0.0226568858626478,0.00364653608963302,0.0169101452760245));
#3000=CARTESIAN_POINT('',(-0.0205954760750868,0.00444499999999994,0.0162403526340387));
#3001=CARTESIAN_POINT('',(-0.0195603290233144,0.004445,0.0159040129684204));
#3002=CARTESIAN_POINT('',(-5.72458747072346E-16,0.000445,1.88109076926235E-17));
#3003=CARTESIAN_POINT('',(-1.7347234759768E-18,0.000445,5.46437894932694E-17));
#3004=CARTESIAN_POINT('',(-3.29597460435593E-17,0.000445,1.97758476261356E-16));
#3005=CARTESIAN_POINT('',(-5.98479599211999E-17,0.000445,-1.04083408558608E-16));
#3006=CARTESIAN_POINT('',(-2.94902990916057E-17,0.000445,1.82145964977565E-17));
#3007=CARTESIAN_POINT('',(-2.56739074444567E-16,0.000445,2.57836829144209E-18));
#3008=CARTESIAN_POINT('',(1.50920942409982E-16,0.000445,-1.11022302462516E-16));
#3009=CARTESIAN_POINT('',(-1.70002900645727E-16,0.000445,4.52762827229947E-16));
#3010=CARTESIAN_POINT('',(-9.4542429440736E-17,0.000445,-2.67147415300428E-16));
#3011=CARTESIAN_POINT('',(2.89698820488127E-16,0.000445,2.4459601011273E-16));
#3012=CARTESIAN_POINT('',(-5.72458747072346E-16,-0.000445,1.88109076926235E-17));
#3013=CARTESIAN_POINT('',(-1.7347234759768E-18,-0.000445,5.46437894932694E-17));
#3014=CARTESIAN_POINT('',(-3.29597460435593E-17,-0.000445,1.97758476261356E-16));
#3015=CARTESIAN_POINT('',(-5.98479599211999E-17,-0.000445,-1.04083408558608E-16));
#3016=CARTESIAN_POINT('',(-2.94902990916057E-17,-0.000445,1.82145964977565E-17));
#3017=CARTESIAN_POINT('',(-2.56739074444567E-16,-0.000445,2.57836829144209E-18));
#3018=CARTESIAN_POINT('',(1.50920942409982E-16,-0.000445,-1.11022302462516E-16));
#3019=CARTESIAN_POINT('',(-1.70002900645727E-16,-0.000445,4.52762827229947E-16));
#3020=CARTESIAN_POINT('',(-9.4542429440736E-17,-0.000445,-2.67147415300428E-16));
#3021=CARTESIAN_POINT('',(2.89698820488127E-16,-0.000445,2.4459601011273E-16));
#3022=CARTESIAN_POINT('',(0.00876137322453282,0.0780994414251488,-0.0120589957047472));
#3023=CARTESIAN_POINT('',(0.0136811197075617,0.00444500000000005,-0.00848459065782194));
#3024=CARTESIAN_POINT('',(0.0136811197075617,0.00148166666666672,-0.00848459065782194));
#3025=CARTESIAN_POINT('',(0.0136811197075617,-0.00148166666666661,-0.00848459065782194));
#3026=CARTESIAN_POINT('',(0.0136811197075617,-0.00444499999999994,-0.00848459065782194));
#3027=CARTESIAN_POINT('',(0.00424613523869145,-0.00444499999999994,-0.0153395081255262));
#3028=CARTESIAN_POINT('',(0.00424613523869145,-0.00148166666666661,-0.0153395081255262));
#3029=CARTESIAN_POINT('',(0.00424613523869145,0.00148166666666672,-0.0153395081255262));
#3030=CARTESIAN_POINT('',(0.00424613523869145,0.00444500000000005,-0.0153395081255262));
#3031=CARTESIAN_POINT('',(-0.00876137322453281,0.0780994414251488,-0.0120589957047472));
#3032=CARTESIAN_POINT('',(-0.00384162674150396,0.00444499999999992,-0.0156334007516725));
#3033=CARTESIAN_POINT('',(-0.00384162674150396,0.00148166666666659,-0.0156334007516725));
#3034=CARTESIAN_POINT('',(-0.00384162674150396,-0.00148166666666674,-0.0156334007516725));
#3035=CARTESIAN_POINT('',(-0.00384162674150396,-0.00444500000000007,-0.0156334007516725));
#3036=CARTESIAN_POINT('',(-0.0132766112103742,-0.00444500000000007,-0.00877848328396818));
#3037=CARTESIAN_POINT('',(-0.0132766112103742,-0.00148166666666674,-0.00877848328396818));
#3038=CARTESIAN_POINT('',(-0.0132766112103742,0.00148166666666659,-0.00877848328396818));
#3039=CARTESIAN_POINT('',(-0.0132766112103742,0.00444499999999992,-0.00877848328396818));
#3040=CARTESIAN_POINT('',(0.0141761996654173,0.0780994414251488,0.00460612648902444));
#3041=CARTESIAN_POINT('',(0.0122970237249331,0.004445,0.0103896353445087));
#3042=CARTESIAN_POINT('',(0.0122970237249331,0.00148166666666667,0.0103896353445087));
#3043=CARTESIAN_POINT('',(0.0122970237249331,-0.00148166666666666,0.0103896353445087));
#3044=CARTESIAN_POINT('',(0.0122970237249331,-0.00444499999999999,0.0103896353445087));
#3045=CARTESIAN_POINT('',(0.0159008671087141,-0.00444499999999999,-0.000701854108312222));
#3046=CARTESIAN_POINT('',(0.0159008671087141,-0.00148166666666666,-0.000701854108312222));
#3047=CARTESIAN_POINT('',(0.0159008671087141,0.00148166666666667,-0.000701854108312222));
#3048=CARTESIAN_POINT('',(0.0159008671087141,0.004445,-0.000701854108312222));
#3049=CARTESIAN_POINT('',(-0.0141761996654173,0.0780994414251488,0.00460612648902443));
#3050=CARTESIAN_POINT('',(-0.0160553756059016,0.00444499999999996,-0.00117738236645981));
#3051=CARTESIAN_POINT('',(-0.0160553756059016,0.00148166666666663,-0.00117738236645981));
#3052=CARTESIAN_POINT('',(-0.0160553756059016,-0.00148166666666671,-0.00117738236645981));
#3053=CARTESIAN_POINT('',(-0.0160553756059016,-0.00444500000000005,-0.00117738236645981));
#3054=CARTESIAN_POINT('',(-0.0124515322221206,-0.00444500000000005,0.00991410708636109));
#3055=CARTESIAN_POINT('',(-0.0124515322221206,-0.00148166666666671,0.00991410708636109));
#3056=CARTESIAN_POINT('',(-0.0124515322221206,0.00148166666666663,0.00991410708636109));
#3057=CARTESIAN_POINT('',(-0.0124515322221206,0.00444499999999996,0.00991410708636109));
#3058=CARTESIAN_POINT('',(-6.93889390390723E-18,0.0780994414251488,0.0149057384314455));
#3059=CARTESIAN_POINT('',(-0.00608114108508918,0.00444499999999999,0.0149057384314455));
#3060=CARTESIAN_POINT('',(-0.00608114108508918,0.00148166666666666,0.0149057384314455));
#3061=CARTESIAN_POINT('',(-0.00608114108508918,-0.00148166666666667,0.0149057384314455));
#3062=CARTESIAN_POINT('',(-0.00608114108508918,-0.004445,0.0149057384314455));
#3063=CARTESIAN_POINT('',(0.00558114108508916,-0.004445,0.0149057384314455));
#3064=CARTESIAN_POINT('',(0.00558114108508916,-0.00148166666666667,0.0149057384314455));
#3065=CARTESIAN_POINT('',(0.00558114108508916,0.00148166666666666,0.0149057384314455));
#3066=CARTESIAN_POINT('',(0.00558114108508916,0.00444499999999999,0.0149057384314455));
#3067=CARTESIAN_POINT('',(0.0121290327103066,-6.50521303491303E-19,0.0231015650496329));
#3068=CARTESIAN_POINT('',(0.0121290327103066,-6.50521303491303E-19,0.0231015650496329));
#3069=CARTESIAN_POINT('',(0.0122970237249331,-0.00444500000000001,0.0103896353445087));
#3070=CARTESIAN_POINT('',(0.0122970237249331,0.00444500000000001,0.0103896353445087));
#3071=CARTESIAN_POINT('',(0.0121877697188209,-0.00444500000000001,0.0107258846004907));
#3072=CARTESIAN_POINT('',(0.0121877697188209,0.00444500000000001,0.0107258846004907));
#3073=CARTESIAN_POINT('',(0.0120939263308579,-0.00444500000000001,0.011498487132532));
#3074=CARTESIAN_POINT('',(0.0120939263308579,0.00444500000000001,0.011498487132532));
#3075=CARTESIAN_POINT('',(0.0125265714087597,-0.004445,0.0127613286727093));
#3076=CARTESIAN_POINT('',(0.0125265714087597,0.00444500000000001,0.0127613286727093));
#3077=CARTESIAN_POINT('',(0.0134985042546177,-0.004445,0.0137996720841955));
#3078=CARTESIAN_POINT('',(0.0134985042546177,0.00444500000000001,0.0137996720841955));
#3079=CARTESIAN_POINT('',(0.0143063797501957,-0.00444500000000001,0.0141969013665755));
#3080=CARTESIAN_POINT('',(0.0143063797501957,0.00444500000000001,0.0141969013665755));
#3081=CARTESIAN_POINT('',(0.0146986705488413,-0.00444500000000001,0.0143243643737065));
#3082=CARTESIAN_POINT('',(0.0146986705488413,0.00444500000000001,0.0143243643737065));
#3083=CARTESIAN_POINT('',(0.0159008671087141,0.00444500000000001,-0.000701854108312213));
#3084=CARTESIAN_POINT('',(0.0159008671087141,-0.004445,-0.000701854108312213));
#3085=CARTESIAN_POINT('',(0.016028330115845,0.00444500000000001,-0.00109414490695786));
#3086=CARTESIAN_POINT('',(0.016028330115845,-0.004445,-0.00109414490695786));
#3087=CARTESIAN_POINT('',(0.0164255593982251,0.00444500000000001,-0.00190202040253586));
#3088=CARTESIAN_POINT('',(0.0164255593982251,-0.004445,-0.00190202040253586));
#3089=CARTESIAN_POINT('',(0.0174639028097113,0.00444500000000001,-0.00287395324839382));
#3090=CARTESIAN_POINT('',(0.0174639028097113,-0.004445,-0.00287395324839382));
#3091=CARTESIAN_POINT('',(0.0187267443498886,0.00444500000000001,-0.00330659832629564));
#3092=CARTESIAN_POINT('',(0.0187267443498886,-0.004445,-0.00330659832629564));
#3093=CARTESIAN_POINT('',(0.01949934688193,0.00444500000000001,-0.00321275493833261));
#3094=CARTESIAN_POINT('',(0.01949934688193,-0.004445,-0.00321275493833261));
#3095=CARTESIAN_POINT('',(0.0198355961379119,0.00444500000000001,-0.0031035009322204));
#3096=CARTESIAN_POINT('',(0.0198355961379119,-0.004445,-0.0031035009322204));
#3097=CARTESIAN_POINT('',(0.0136811197075617,-0.00444500000000001,-0.00848459065782194));
#3098=CARTESIAN_POINT('',(0.0136811197075617,0.00444500000000005,-0.00848459065782194));
#3099=CARTESIAN_POINT('',(0.0139671504089705,-0.00444500000000001,-0.00827677718893321));
#3100=CARTESIAN_POINT('',(0.0139671504089705,0.00444500000000005,-0.00827677718893321));
#3101=CARTESIAN_POINT('',(0.0146729398798843,-0.004445,-0.00794877951100185));
#3102=CARTESIAN_POINT('',(0.0146729398798843,0.00444500000000005,-0.00794877951100185));
#3103=CARTESIAN_POINT('',(0.0160076682373224,-0.004445,-0.00797000993446601));
#3104=CARTESIAN_POINT('',(0.0160076682373224,0.00444500000000005,-0.00797000993446601));
#3105=CARTESIAN_POINT('',(0.0172955352717298,-0.00444500000000001,-0.008573507240774));
#3106=CARTESIAN_POINT('',(0.0172955352717298,0.00444500000000005,-0.008573507240774));
#3107=CARTESIAN_POINT('',(0.0179229700266733,-0.00444500000000001,-0.00921909189627983));
#3108=CARTESIAN_POINT('',(0.0179229700266733,0.00444500000000005,-0.00921909189627983));
#3109=CARTESIAN_POINT('',(0.0181654190737102,-0.00444500000000001,-0.00955279438125682));
#3110=CARTESIAN_POINT('',(0.0181654190737102,0.00444500000000005,-0.00955279438125682));
#3111=CARTESIAN_POINT('',(0.00424613523869144,0.00444500000000005,-0.0153395081255262));
#3112=CARTESIAN_POINT('',(0.00424613523869144,-0.004445,-0.0153395081255262));
#3113=CARTESIAN_POINT('',(0.00391243275371445,0.00444500000000005,-0.015581957172563));
#3114=CARTESIAN_POINT('',(0.00391243275371445,-0.004445,-0.015581957172563));
#3115=CARTESIAN_POINT('',(0.00326684809820862,0.00444500000000004,-0.0162093919275065));
#3116=CARTESIAN_POINT('',(0.00326684809820862,-0.004445,-0.0162093919275065));
#3117=CARTESIAN_POINT('',(0.00266335079190062,0.00444500000000005,-0.017497258961914));
#3118=CARTESIAN_POINT('',(0.00266335079190062,-0.004445,-0.017497258961914));
#3119=CARTESIAN_POINT('',(0.00264212036843648,0.00444500000000005,-0.0188319873193521));
#3120=CARTESIAN_POINT('',(0.00264212036843648,-0.004445,-0.0188319873193521));
#3121=CARTESIAN_POINT('',(0.00297011804636783,0.00444500000000005,-0.0195377767902659));
#3122=CARTESIAN_POINT('',(0.00297011804636783,-0.004445,-0.0195377767902659));
#3123=CARTESIAN_POINT('',(0.00317793151525657,0.00444500000000005,-0.0198238074916747));
#3124=CARTESIAN_POINT('',(0.00317793151525657,-0.004445,-0.0198238074916747));
#3125=CARTESIAN_POINT('',(-0.00384162674150396,-0.00444500000000007,-0.0156334007516724));
#3126=CARTESIAN_POINT('',(-0.00384162674150396,0.00444500000000001,-0.0156334007516724));
#3127=CARTESIAN_POINT('',(-0.00355559604009511,-0.00444500000000007,-0.0158412142205612));
#3128=CARTESIAN_POINT('',(-0.00355559604009511,0.00444500000000001,-0.0158412142205612));
#3129=CARTESIAN_POINT('',(-0.00302555077020558,-0.00444500000000007,-0.0164111030394099));
#3130=CARTESIAN_POINT('',(-0.00302555077020558,0.00444500000000001,-0.0164111030394099));
#3131=CARTESIAN_POINT('',(-0.00263328835746234,-0.00444500000000007,-0.0176870657028836));
#3132=CARTESIAN_POINT('',(-0.00263328835746234,0.00444500000000001,-0.0176870657028836));
#3133=CARTESIAN_POINT('',(-0.00280927560306596,-0.00444500000000008,-0.0190983909617872));
#3134=CARTESIAN_POINT('',(-0.00280927560306596,0.00444500000000001,-0.0190983909617872));
#3135=CARTESIAN_POINT('',(-0.00322937509436594,-0.00444500000000007,-0.0198946135038852));
#3136=CARTESIAN_POINT('',(-0.00322937509436594,0.00444500000000001,-0.0198946135038852));
#3137=CARTESIAN_POINT('',(-0.00347182414140278,-0.00444500000000007,-0.0202283159888622));
#3138=CARTESIAN_POINT('',(-0.00347182414140278,0.00444500000000001,-0.0202283159888622));
#3139=CARTESIAN_POINT('',(-0.0132766112103742,0.00444500000000001,-0.00877848328396817));
#3140=CARTESIAN_POINT('',(-0.0132766112103742,-0.00444500000000007,-0.00877848328396817));
#3141=CARTESIAN_POINT('',(-0.0136103136953512,0.00444500000000001,-0.00853603423693132));
#3142=CARTESIAN_POINT('',(-0.0136103136953512,-0.00444500000000007,-0.00853603423693132));
#3143=CARTESIAN_POINT('',(-0.0144065362374492,0.00444500000000001,-0.00811593474563134));
#3144=CARTESIAN_POINT('',(-0.0144065362374492,-0.00444500000000007,-0.00811593474563134));
#3145=CARTESIAN_POINT('',(-0.0158178614963528,0.00444500000000001,-0.00793994750002774));
#3146=CARTESIAN_POINT('',(-0.0158178614963528,-0.00444500000000007,-0.00793994750002774));
#3147=CARTESIAN_POINT('',(-0.0170938241598265,0.00444500000000001,-0.008332209912771));
#3148=CARTESIAN_POINT('',(-0.0170938241598265,-0.00444500000000007,-0.008332209912771));
#3149=CARTESIAN_POINT('',(-0.0176637129786752,0.00444500000000001,-0.00886225518266053));
#3150=CARTESIAN_POINT('',(-0.0176637129786752,-0.00444500000000007,-0.00886225518266053));
#3151=CARTESIAN_POINT('',(-0.0178715264475639,0.00444500000000001,-0.00914828588406936));
#3152=CARTESIAN_POINT('',(-0.0178715264475639,-0.00444500000000007,-0.00914828588406936));
#3153=CARTESIAN_POINT('',(-0.0160553756059016,-0.00444500000000005,-0.00117738236645981));
#3154=CARTESIAN_POINT('',(-0.0160553756059016,0.004445,-0.00117738236645981));
#3155=CARTESIAN_POINT('',(-0.0161646296120138,-0.00444500000000005,-0.00151363162244179));
#3156=CARTESIAN_POINT('',(-0.0161646296120138,0.004445,-0.00151363162244179));
#3157=CARTESIAN_POINT('',(-0.0165428330905597,-0.00444500000000004,-0.00219383996023019));
#3158=CARTESIAN_POINT('',(-0.0165428330905597,0.00444500000000001,-0.00219383996023019));
#3159=CARTESIAN_POINT('',(-0.0176351299444135,-0.00444500000000005,-0.00296119783116859));
#3160=CARTESIAN_POINT('',(-0.0176351299444135,0.004445,-0.00296119783116859));
#3161=CARTESIAN_POINT('',(-0.0190317630781905,-0.00444500000000004,-0.00322994750404426));
#3162=CARTESIAN_POINT('',(-0.0190317630781905,0.00444500000000001,-0.00322994750404426));
#3163=CARTESIAN_POINT('',(-0.0199188335974139,-0.00444500000000005,-0.00307645544216386));
#3164=CARTESIAN_POINT('',(-0.0199188335974139,0.004445,-0.00307645544216386));
#3165=CARTESIAN_POINT('',(-0.0203111243960595,-0.00444500000000005,-0.00294899243503295));
#3166=CARTESIAN_POINT('',(-0.0203111243960595,0.004445,-0.00294899243503295));
#3167=CARTESIAN_POINT('',(-0.0124515322221206,0.004445,0.00991410708636109));
#3168=CARTESIAN_POINT('',(-0.0124515322221206,-0.00444500000000004,0.00991410708636109));
#3169=CARTESIAN_POINT('',(-0.0123240692149896,0.004445,0.0103063978850067));
#3170=CARTESIAN_POINT('',(-0.0123240692149896,-0.00444500000000004,0.0103063978850067));
#3171=CARTESIAN_POINT('',(-0.0121705771531092,0.004445,0.0111934684042301));
#3172=CARTESIAN_POINT('',(-0.0121705771531092,-0.00444500000000005,0.0111934684042301));
#3173=CARTESIAN_POINT('',(-0.0124393268259849,0.004445,0.0125901015380071));
#3174=CARTESIAN_POINT('',(-0.0124393268259849,-0.00444500000000004,0.0125901015380071));
#3175=CARTESIAN_POINT('',(-0.0132066846969233,0.004445,0.0136823983918608));
#3176=CARTESIAN_POINT('',(-0.0132066846969233,-0.00444500000000004,0.0136823983918608));
#3177=CARTESIAN_POINT('',(-0.0138868930347117,0.004445,0.0140606018704068));
#3178=CARTESIAN_POINT('',(-0.0138868930347117,-0.00444500000000004,0.0140606018704068));
#3179=CARTESIAN_POINT('',(-0.0142231422906937,0.004445,0.014169855876519));
#3180=CARTESIAN_POINT('',(-0.0142231422906937,-0.00444500000000004,0.014169855876519));
#3181=CARTESIAN_POINT('',(-0.00608114108508918,-0.00444500000000001,0.0149057384314455));
#3182=CARTESIAN_POINT('',(-0.00608114108508918,0.004445,0.0149057384314455));
#3183=CARTESIAN_POINT('',(-0.00643469447568245,-0.00444500000000001,0.0149057384314455));
#3184=CARTESIAN_POINT('',(-0.00643469447568245,0.004445,0.0149057384314455));
#3185=CARTESIAN_POINT('',(-0.00719848234997682,-0.004445,0.01505523537811));
#3186=CARTESIAN_POINT('',(-0.00719848234997682,0.00444500000000001,0.01505523537811));
#3187=CARTESIAN_POINT('',(-0.00826582134420628,-0.00444500000000001,0.0158569447958089));
#3188=CARTESIAN_POINT('',(-0.00826582134420628,0.004445,0.0158569447958089));
#3189=CARTESIAN_POINT('',(-0.00895300084509109,-0.004445,0.0171021736224099));
#3190=CARTESIAN_POINT('',(-0.00895300084509108,0.00444500000000001,0.0171021736224099));
#3191=CARTESIAN_POINT('',(-0.00908114108508918,-0.00444500000000001,0.0179932594757534));
#3192=CARTESIAN_POINT('',(-0.00908114108508918,0.004445,0.0179932594757534));
#3193=CARTESIAN_POINT('',(-0.00908114108508918,-0.00444500000000001,0.0184057384314455));
#3194=CARTESIAN_POINT('',(-0.00908114108508918,0.004445,0.0184057384314455));
#3195=CARTESIAN_POINT('',(0.00558114108508916,0.004445,0.0149057384314455));
#3196=CARTESIAN_POINT('',(0.00558114108508916,-0.00444500000000001,0.0149057384314455));
#3197=CARTESIAN_POINT('',(0.00599362004078132,0.004445,0.0149057384314455));
#3198=CARTESIAN_POINT('',(0.00599362004078132,-0.00444500000000001,0.0149057384314455));
#3199=CARTESIAN_POINT('',(0.00688470589412475,0.004445,0.0150338786714436));
#3200=CARTESIAN_POINT('',(0.00688470589412475,-0.00444500000000001,0.0150338786714436));
#3201=CARTESIAN_POINT('',(0.00812993472072577,0.004445,0.0157210581723284));
#3202=CARTESIAN_POINT('',(0.00812993472072578,-0.00444500000000001,0.0157210581723284));
#3203=CARTESIAN_POINT('',(0.00893164413842473,0.004445,0.0167883971665579));
#3204=CARTESIAN_POINT('',(0.00893164413842473,-0.004445,0.0167883971665579));
#3205=CARTESIAN_POINT('',(0.00908114108508916,0.004445,0.0175521850408522));
#3206=CARTESIAN_POINT('',(0.00908114108508917,-0.004445,0.0175521850408522));
#3207=CARTESIAN_POINT('',(0.00908114108508916,0.004445,0.0179057384314455));
#3208=CARTESIAN_POINT('',(0.00908114108508916,-0.004445,0.0179057384314455));
#3209=CARTESIAN_POINT('',(-0.0024407849302036,0.0647412013953796,0.00422756350946109));
#3210=CARTESIAN_POINT('',(-0.00488156986040721,0.0647412013953796,3.03576608295941E-18));
#3211=CARTESIAN_POINT('',(-0.0024407849302036,0.0647412013953796,-0.00422756350946109));
#3212=CARTESIAN_POINT('',(0.0024407849302036,0.0647412013953796,-0.00422756350946109));
#3213=CARTESIAN_POINT('',(0.0048815698604072,0.0647412013953796,-5.20417042793042E-18));
#3214=CARTESIAN_POINT('',(0.0024407849302036,0.0647412013953796,0.00422756350946109));
#3215=MECHANICAL_DESIGN_GEOMETRIC_PRESENTATION_REPRESENTATION('',(#1716),
#3216);
#3216=(
GEOMETRIC_REPRESENTATION_CONTEXT(3)
GLOBAL_UNCERTAINTY_ASSIGNED_CONTEXT((#3217))
GLOBAL_UNIT_ASSIGNED_CONTEXT((#3220,#3219,#3218))
REPRESENTATION_CONTEXT('hub','TOP_LEVEL_ASSEMBLY_PART')
);
#3217=UNCERTAINTY_MEASURE_WITH_UNIT(LENGTH_MEASURE(2.E-5),#3220,
'DISTANCE_ACCURACY_VALUE','Maximum Tolerance applied to model');
#3218=(
NAMED_UNIT(*)
SI_UNIT($,.STERADIAN.)
SOLID_ANGLE_UNIT()
);
#3219=(
NAMED_UNIT(*)
PLANE_ANGLE_UNIT()
SI_UNIT($,.RADIAN.)
);
#3220=(
LENGTH_UNIT()
NAMED_UNIT(*)
SI_UNIT($,.METRE.)
);
#3221=PRODUCT_DEFINITION_SHAPE('','',#3222);
#3222=PRODUCT_DEFINITION('','',#3224,#3223);
#3223=PRODUCT_DEFINITION_CONTEXT('',#3230,'design');
#3224=PRODUCT_DEFINITION_FORMATION_WITH_SPECIFIED_SOURCE('','',#3226,
 .NOT_KNOWN.);
#3225=PRODUCT_RELATED_PRODUCT_CATEGORY('','',(#3226));
#3226=PRODUCT('hub','hub','hub',(#3228));
#3227=PRODUCT_CATEGORY('','');
#3228=PRODUCT_CONTEXT('',#3230,'mechanical');
#3229=APPLICATION_PROTOCOL_DEFINITION('international standard',
'ap242_managed_model_based_3d_engineering',2020,#3230);
#3230=APPLICATION_CONTEXT('managed model based 3d engineering');
ENDSEC;
END-ISO-10303-21;
