ISO-10303-21;
HEADER;
/* Generated by software containing ST-Developer
 * from STEP Tools, Inc. (www.steptools.com) 
 */
/* OPTION: using custom renumber hook */

FILE_DESCRIPTION(
/* description */ ('STEP AP242 Edition 2',
'CAx-IF Rec.Pracs.---Representation and Presentation of Product Manufa
cturing Information (PMI)---4.0---2014-10-13',
'CAx-IF Rec.Pracs.---3D Tessellated Geometry---0.4---2014-09-14','2;1',
'CAx-IF Rec.Pracs.---User Defined Attributes---1.5---2016-08-15'),
/* implementation_level */ '2;1');

FILE_NAME(
/* name */ 'MAIN - planet',
/* time_stamp */ '2025-12-27T00:10:35Z',
/* author */ (''),
/* organization */ (''),
/* preprocessor_version */ 'ST-DEVELOPER v20',
/* originating_system */ 'ONSHAPE BY PTC INC, 1.208',
/* authorisation */ '  ');

FILE_SCHEMA (('AP242_MANAGED_MODEL_BASED_3D_ENGINEERING_MIM_LF { 1 0 10303 442 3 1 4 }'));
ENDSEC;

DATA;
#10=SHAPE_REPRESENTATION_RELATIONSHIP('','',#3471,#11);
#11=ADVANCED_BREP_SHAPE_REPRESENTATION('',(#3469),#8659);
#12=B_SPLINE_SURFACE_WITH_KNOTS('',3,1,((#7128,#7129),(#7130,#7131),(#7132,
#7133),(#7134,#7135),(#7136,#7137),(#7138,#7139),(#7140,#7141),(#7142,#7143),
(#7144,#7145),(#7146,#7147),(#7148,#7149)),.SURF_OF_LINEAR_EXTRUSION.,.F.,
 .F.,.F.,(4,1,1,1,1,1,1,1,4),(2,2),(0.113502806804619,0.166928836234418,
0.220354865664217,0.273780895094016,0.327206924523815,0.434058983383413,
0.540911042243011,0.754615159962208,0.968319277681404),(0.,1.),
 .UNSPECIFIED.);
#13=B_SPLINE_SURFACE_WITH_KNOTS('',3,1,((#7154,#7155),(#7156,#7157),(#7158,
#7159),(#7160,#7161),(#7162,#7163),(#7164,#7165),(#7166,#7167),(#7168,#7169),
(#7170,#7171),(#7172,#7173),(#7174,#7175)),.SURF_OF_LINEAR_EXTRUSION.,.F.,
 .F.,.F.,(4,1,1,1,1,1,1,1,4),(2,2),(0.113502806804619,0.166928836234418,
0.220354865664217,0.273780895094016,0.327206924523815,0.434058983383413,
0.540911042243011,0.754615159962208,0.968319277681404),(0.,1.),
 .UNSPECIFIED.);
#14=B_SPLINE_SURFACE_WITH_KNOTS('',3,1,((#7179,#7180),(#7181,#7182),(#7183,
#7184),(#7185,#7186),(#7187,#7188),(#7189,#7190),(#7191,#7192),(#7193,#7194),
(#7195,#7196),(#7197,#7198),(#7199,#7200)),.SURF_OF_LINEAR_EXTRUSION.,.F.,
 .F.,.F.,(4,1,1,1,1,1,1,1,4),(2,2),(0.113502806804628,0.166928836234427,
0.220354865664227,0.273780895094027,0.327206924523826,0.434058983383426,
0.540911042243025,0.754615159962224,0.968319277681423),(0.,1.),
 .UNSPECIFIED.);
#15=B_SPLINE_SURFACE_WITH_KNOTS('',3,1,((#7205,#7206),(#7207,#7208),(#7209,
#7210),(#7211,#7212),(#7213,#7214),(#7215,#7216),(#7217,#7218),(#7219,#7220),
(#7221,#7222),(#7223,#7224),(#7225,#7226)),.SURF_OF_LINEAR_EXTRUSION.,.F.,
 .F.,.F.,(4,1,1,1,1,1,1,1,4),(2,2),(0.113502806804621,0.16692883623442,
0.220354865664219,0.273780895094018,0.327206924523817,0.434058983383415,
0.540911042243013,0.754615159962209,0.968319277681405),(0.,1.),
 .UNSPECIFIED.);
#16=B_SPLINE_SURFACE_WITH_KNOTS('',3,1,((#7230,#7231),(#7232,#7233),(#7234,
#7235),(#7236,#7237),(#7238,#7239),(#7240,#7241),(#7242,#7243),(#7244,#7245),
(#7246,#7247),(#7248,#7249),(#7250,#7251)),.SURF_OF_LINEAR_EXTRUSION.,.F.,
 .F.,.F.,(4,1,1,1,1,1,1,1,4),(2,2),(0.113502806804627,0.166928836234426,
0.220354865664224,0.273780895094023,0.327206924523822,0.434058983383419,
0.540911042243016,0.754615159962211,0.968319277681405),(0.,1.),
 .UNSPECIFIED.);
#17=B_SPLINE_SURFACE_WITH_KNOTS('',3,1,((#7256,#7257),(#7258,#7259),(#7260,
#7261),(#7262,#7263),(#7264,#7265),(#7266,#7267),(#7268,#7269),(#7270,#7271),
(#7272,#7273),(#7274,#7275),(#7276,#7277)),.SURF_OF_LINEAR_EXTRUSION.,.F.,
 .F.,.F.,(4,1,1,1,1,1,1,1,4),(2,2),(0.113502806804618,0.166928836234418,
0.220354865664217,0.273780895094016,0.327206924523816,0.434058983383414,
0.540911042243013,0.75461515996221,0.968319277681408),(0.,1.),
 .UNSPECIFIED.);
#18=B_SPLINE_SURFACE_WITH_KNOTS('',3,1,((#7281,#7282),(#7283,#7284),(#7285,
#7286),(#7287,#7288),(#7289,#7290),(#7291,#7292),(#7293,#7294),(#7295,#7296),
(#7297,#7298),(#7299,#7300),(#7301,#7302)),.SURF_OF_LINEAR_EXTRUSION.,.F.,
 .F.,.F.,(4,1,1,1,1,1,1,1,4),(2,2),(0.113502806804627,0.166928836234426,
0.220354865664225,0.273780895094024,0.327206924523823,0.43405898338342,
0.540911042243018,0.754615159962214,0.968319277681409),(0.,1.),
 .UNSPECIFIED.);
#19=B_SPLINE_SURFACE_WITH_KNOTS('',3,1,((#7307,#7308),(#7309,#7310),(#7311,
#7312),(#7313,#7314),(#7315,#7316),(#7317,#7318),(#7319,#7320),(#7321,#7322),
(#7323,#7324),(#7325,#7326),(#7327,#7328)),.SURF_OF_LINEAR_EXTRUSION.,.F.,
 .F.,.F.,(4,1,1,1,1,1,1,1,4),(2,2),(0.11350280680463,0.166928836234429,
0.220354865664228,0.273780895094026,0.327206924523825,0.434058983383423,
0.540911042243021,0.754615159962216,0.968319277681411),(0.,1.),
 .UNSPECIFIED.);
#20=B_SPLINE_SURFACE_WITH_KNOTS('',3,1,((#7332,#7333),(#7334,#7335),(#7336,
#7337),(#7338,#7339),(#7340,#7341),(#7342,#7343),(#7344,#7345),(#7346,#7347),
(#7348,#7349),(#7350,#7351),(#7352,#7353)),.SURF_OF_LINEAR_EXTRUSION.,.F.,
 .F.,.F.,(4,1,1,1,1,1,1,1,4),(2,2),(0.113502806804631,0.166928836234429,
0.220354865664228,0.273780895094026,0.327206924523825,0.434058983383422,
0.540911042243019,0.754615159962213,0.968319277681407),(0.,1.),
 .UNSPECIFIED.);
#21=B_SPLINE_SURFACE_WITH_KNOTS('',3,1,((#7358,#7359),(#7360,#7361),(#7362,
#7363),(#7364,#7365),(#7366,#7367),(#7368,#7369),(#7370,#7371),(#7372,#7373),
(#7374,#7375),(#7376,#7377),(#7378,#7379)),.SURF_OF_LINEAR_EXTRUSION.,.F.,
 .F.,.F.,(4,1,1,1,1,1,1,1,4),(2,2),(0.113502806804629,0.166928836234427,
0.220354865664226,0.273780895094025,0.327206924523823,0.434058983383421,
0.540911042243018,0.754615159962213,0.968319277681407),(0.,1.),
 .UNSPECIFIED.);
#22=B_SPLINE_SURFACE_WITH_KNOTS('',3,1,((#7383,#7384),(#7385,#7386),(#7387,
#7388),(#7389,#7390),(#7391,#7392),(#7393,#7394),(#7395,#7396),(#7397,#7398),
(#7399,#7400),(#7401,#7402),(#7403,#7404)),.SURF_OF_LINEAR_EXTRUSION.,.F.,
 .F.,.F.,(4,1,1,1,1,1,1,1,4),(2,2),(0.113502806804628,0.166928836234427,
0.220354865664226,0.273780895094025,0.327206924523823,0.434058983383421,
0.540911042243019,0.754615159962214,0.96831927768141),(0.,1.),
 .UNSPECIFIED.);
#23=B_SPLINE_SURFACE_WITH_KNOTS('',3,1,((#7409,#7410),(#7411,#7412),(#7413,
#7414),(#7415,#7416),(#7417,#7418),(#7419,#7420),(#7421,#7422),(#7423,#7424),
(#7425,#7426),(#7427,#7428),(#7429,#7430)),.SURF_OF_LINEAR_EXTRUSION.,.F.,
 .F.,.F.,(4,1,1,1,1,1,1,1,4),(2,2),(0.113502806804622,0.166928836234422,
0.220354865664221,0.273780895094021,0.32720692452382,0.434058983383419,
0.540911042243019,0.754615159962217,0.968319277681415),(0.,1.),
 .UNSPECIFIED.);
#24=B_SPLINE_SURFACE_WITH_KNOTS('',3,1,((#7434,#7435),(#7436,#7437),(#7438,
#7439),(#7440,#7441),(#7442,#7443),(#7444,#7445),(#7446,#7447),(#7448,#7449),
(#7450,#7451),(#7452,#7453),(#7454,#7455)),.SURF_OF_LINEAR_EXTRUSION.,.F.,
 .F.,.F.,(4,1,1,1,1,1,1,1,4),(2,2),(0.113502806804621,0.16692883623442,
0.220354865664218,0.273780895094017,0.327206924523816,0.434058983383414,
0.540911042243011,0.754615159962207,0.968319277681402),(0.,1.),
 .UNSPECIFIED.);
#25=B_SPLINE_SURFACE_WITH_KNOTS('',3,1,((#7460,#7461),(#7462,#7463),(#7464,
#7465),(#7466,#7467),(#7468,#7469),(#7470,#7471),(#7472,#7473),(#7474,#7475),
(#7476,#7477),(#7478,#7479),(#7480,#7481)),.SURF_OF_LINEAR_EXTRUSION.,.F.,
 .F.,.F.,(4,1,1,1,1,1,1,1,4),(2,2),(0.113502806804618,0.166928836234418,
0.220354865664217,0.273780895094017,0.327206924523816,0.434058983383415,
0.540911042243014,0.754615159962212,0.96831927768141),(0.,1.),
 .UNSPECIFIED.);
#26=B_SPLINE_SURFACE_WITH_KNOTS('',3,1,((#7485,#7486),(#7487,#7488),(#7489,
#7490),(#7491,#7492),(#7493,#7494),(#7495,#7496),(#7497,#7498),(#7499,#7500),
(#7501,#7502),(#7503,#7504),(#7505,#7506)),.SURF_OF_LINEAR_EXTRUSION.,.F.,
 .F.,.F.,(4,1,1,1,1,1,1,1,4),(2,2),(0.113502806804631,0.166928836234429,
0.220354865664227,0.273780895094025,0.327206924523823,0.434058983383419,
0.540911042243015,0.754615159962207,0.968319277681399),(0.,1.),
 .UNSPECIFIED.);
#27=B_SPLINE_SURFACE_WITH_KNOTS('',3,1,((#7511,#7512),(#7513,#7514),(#7515,
#7516),(#7517,#7518),(#7519,#7520),(#7521,#7522),(#7523,#7524),(#7525,#7526),
(#7527,#7528),(#7529,#7530),(#7531,#7532)),.SURF_OF_LINEAR_EXTRUSION.,.F.,
 .F.,.F.,(4,1,1,1,1,1,1,1,4),(2,2),(0.113502806804623,0.166928836234422,
0.220354865664221,0.27378089509402,0.327206924523819,0.434058983383417,
0.540911042243014,0.75461515996221,0.968319277681405),(0.,1.),
 .UNSPECIFIED.);
#28=B_SPLINE_SURFACE_WITH_KNOTS('',3,1,((#7536,#7537),(#7538,#7539),(#7540,
#7541),(#7542,#7543),(#7544,#7545),(#7546,#7547),(#7548,#7549),(#7550,#7551),
(#7552,#7553),(#7554,#7555),(#7556,#7557)),.SURF_OF_LINEAR_EXTRUSION.,.F.,
 .F.,.F.,(4,1,1,1,1,1,1,1,4),(2,2),(0.113502806804624,0.166928836234423,
0.220354865664222,0.273780895094021,0.32720692452382,0.434058983383418,
0.540911042243016,0.754615159962213,0.968319277681409),(0.,1.),
 .UNSPECIFIED.);
#29=B_SPLINE_SURFACE_WITH_KNOTS('',3,1,((#7562,#7563),(#7564,#7565),(#7566,
#7567),(#7568,#7569),(#7570,#7571),(#7572,#7573),(#7574,#7575),(#7576,#7577),
(#7578,#7579),(#7580,#7581),(#7582,#7583)),.SURF_OF_LINEAR_EXTRUSION.,.F.,
 .F.,.F.,(4,1,1,1,1,1,1,1,4),(2,2),(0.11350280680462,0.166928836234419,
0.220354865664218,0.273780895094017,0.327206924523816,0.434058983383414,
0.540911042243012,0.754615159962208,0.968319277681403),(0.,1.),
 .UNSPECIFIED.);
#30=B_SPLINE_SURFACE_WITH_KNOTS('',3,1,((#7587,#7588),(#7589,#7590),(#7591,
#7592),(#7593,#7594),(#7595,#7596),(#7597,#7598),(#7599,#7600),(#7601,#7602),
(#7603,#7604),(#7605,#7606),(#7607,#7608)),.SURF_OF_LINEAR_EXTRUSION.,.F.,
 .F.,.F.,(4,1,1,1,1,1,1,1,4),(2,2),(0.113502806804631,0.16692883623443,
0.220354865664229,0.273780895094027,0.327206924523826,0.434058983383423,
0.540911042243021,0.754615159962216,0.96831927768141),(0.,1.),
 .UNSPECIFIED.);
#31=B_SPLINE_SURFACE_WITH_KNOTS('',3,1,((#7613,#7614),(#7615,#7616),(#7617,
#7618),(#7619,#7620),(#7621,#7622),(#7623,#7624),(#7625,#7626),(#7627,#7628),
(#7629,#7630),(#7631,#7632),(#7633,#7634)),.SURF_OF_LINEAR_EXTRUSION.,.F.,
 .F.,.F.,(4,1,1,1,1,1,1,1,4),(2,2),(0.113502806804625,0.166928836234423,
0.220354865664222,0.27378089509402,0.327206924523819,0.434058983383416,
0.540911042243013,0.754615159962208,0.968319277681402),(0.,1.),
 .UNSPECIFIED.);
#32=B_SPLINE_SURFACE_WITH_KNOTS('',3,1,((#7638,#7639),(#7640,#7641),(#7642,
#7643),(#7644,#7645),(#7646,#7647),(#7648,#7649),(#7650,#7651),(#7652,#7653),
(#7654,#7655),(#7656,#7657),(#7658,#7659)),.SURF_OF_LINEAR_EXTRUSION.,.F.,
 .F.,.F.,(4,1,1,1,1,1,1,1,4),(2,2),(0.113502806804629,0.166928836234428,
0.220354865664226,0.273780895094025,0.327206924523824,0.434058983383422,
0.540911042243019,0.754615159962214,0.968319277681409),(0.,1.),
 .UNSPECIFIED.);
#33=B_SPLINE_SURFACE_WITH_KNOTS('',3,1,((#7664,#7665),(#7666,#7667),(#7668,
#7669),(#7670,#7671),(#7672,#7673),(#7674,#7675),(#7676,#7677),(#7678,#7679),
(#7680,#7681),(#7682,#7683),(#7684,#7685)),.SURF_OF_LINEAR_EXTRUSION.,.F.,
 .F.,.F.,(4,1,1,1,1,1,1,1,4),(2,2),(0.113502806804625,0.166928836234424,
0.220354865664223,0.273780895094022,0.327206924523821,0.43405898338342,
0.540911042243018,0.754615159962214,0.968319277681411),(0.,1.),
 .UNSPECIFIED.);
#34=B_SPLINE_SURFACE_WITH_KNOTS('',3,1,((#7689,#7690),(#7691,#7692),(#7693,
#7694),(#7695,#7696),(#7697,#7698),(#7699,#7700),(#7701,#7702),(#7703,#7704),
(#7705,#7706),(#7707,#7708),(#7709,#7710)),.SURF_OF_LINEAR_EXTRUSION.,.F.,
 .F.,.F.,(4,1,1,1,1,1,1,1,4),(2,2),(0.113502806804635,0.166928836234433,
0.220354865664231,0.273780895094029,0.327206924523827,0.434058983383423,
0.540911042243019,0.754615159962211,0.968319277681403),(0.,1.),
 .UNSPECIFIED.);
#35=B_SPLINE_SURFACE_WITH_KNOTS('',3,1,((#7715,#7716),(#7717,#7718),(#7719,
#7720),(#7721,#7722),(#7723,#7724),(#7725,#7726),(#7727,#7728),(#7729,#7730),
(#7731,#7732),(#7733,#7734),(#7735,#7736)),.SURF_OF_LINEAR_EXTRUSION.,.F.,
 .F.,.F.,(4,1,1,1,1,1,1,1,4),(2,2),(0.113502806804626,0.166928836234425,
0.220354865664224,0.273780895094023,0.327206924523822,0.434058983383421,
0.540911042243019,0.754615159962215,0.968319277681411),(0.,1.),
 .UNSPECIFIED.);
#36=B_SPLINE_SURFACE_WITH_KNOTS('',3,1,((#7740,#7741),(#7742,#7743),(#7744,
#7745),(#7746,#7747),(#7748,#7749),(#7750,#7751),(#7752,#7753),(#7754,#7755),
(#7756,#7757),(#7758,#7759),(#7760,#7761)),.SURF_OF_LINEAR_EXTRUSION.,.F.,
 .F.,.F.,(4,1,1,1,1,1,1,1,4),(2,2),(0.11350280680463,0.166928836234429,
0.220354865664227,0.273780895094025,0.327206924523824,0.43405898338342,
0.540911042243017,0.754615159962211,0.968319277681404),(0.,1.),
 .UNSPECIFIED.);
#37=B_SPLINE_SURFACE_WITH_KNOTS('',3,1,((#7766,#7767),(#7768,#7769),(#7770,
#7771),(#7772,#7773),(#7774,#7775),(#7776,#7777),(#7778,#7779),(#7780,#7781),
(#7782,#7783),(#7784,#7785),(#7786,#7787)),.SURF_OF_LINEAR_EXTRUSION.,.F.,
 .F.,.F.,(4,1,1,1,1,1,1,1,4),(2,2),(0.113502806804616,0.166928836234415,
0.220354865664214,0.273780895094013,0.327206924523813,0.434058983383411,
0.54091104224301,0.754615159962207,0.968319277681404),(0.,1.),
 .UNSPECIFIED.);
#38=B_SPLINE_SURFACE_WITH_KNOTS('',3,1,((#7791,#7792),(#7793,#7794),(#7795,
#7796),(#7797,#7798),(#7799,#7800),(#7801,#7802),(#7803,#7804),(#7805,#7806),
(#7807,#7808),(#7809,#7810),(#7811,#7812)),.SURF_OF_LINEAR_EXTRUSION.,.F.,
 .F.,.F.,(4,1,1,1,1,1,1,1,4),(2,2),(0.11350280680464,0.166928836234438,
0.220354865664236,0.273780895094034,0.327206924523832,0.434058983383428,
0.540911042243023,0.754615159962215,0.968319277681406),(0.,1.),
 .UNSPECIFIED.);
#39=B_SPLINE_SURFACE_WITH_KNOTS('',3,1,((#7817,#7818),(#7819,#7820),(#7821,
#7822),(#7823,#7824),(#7825,#7826),(#7827,#7828),(#7829,#7830),(#7831,#7832),
(#7833,#7834),(#7835,#7836),(#7837,#7838)),.SURF_OF_LINEAR_EXTRUSION.,.F.,
 .F.,.F.,(4,1,1,1,1,1,1,1,4),(2,2),(0.113502806804622,0.166928836234421,
0.22035486566422,0.273780895094019,0.327206924523818,0.434058983383416,
0.540911042243014,0.754615159962211,0.968319277681407),(0.,1.),
 .UNSPECIFIED.);
#40=B_SPLINE_SURFACE_WITH_KNOTS('',3,1,((#7842,#7843),(#7844,#7845),(#7846,
#7847),(#7848,#7849),(#7850,#7851),(#7852,#7853),(#7854,#7855),(#7856,#7857),
(#7858,#7859),(#7860,#7861),(#7862,#7863)),.SURF_OF_LINEAR_EXTRUSION.,.F.,
 .F.,.F.,(4,1,1,1,1,1,1,1,4),(2,2),(0.113502806804627,0.166928836234426,
0.220354865664225,0.273780895094024,0.327206924523823,0.434058983383421,
0.540911042243019,0.754615159962215,0.968319277681411),(0.,1.),
 .UNSPECIFIED.);
#41=B_SPLINE_SURFACE_WITH_KNOTS('',3,1,((#7868,#7869),(#7870,#7871),(#7872,
#7873),(#7874,#7875),(#7876,#7877),(#7878,#7879),(#7880,#7881),(#7882,#7883),
(#7884,#7885),(#7886,#7887),(#7888,#7889)),.SURF_OF_LINEAR_EXTRUSION.,.F.,
 .F.,.F.,(4,1,1,1,1,1,1,1,4),(2,2),(0.113502806804614,0.166928836234414,
0.220354865664213,0.273780895094013,0.327206924523812,0.434058983383411,
0.54091104224301,0.754615159962208,0.968319277681406),(0.,1.),
 .UNSPECIFIED.);
#42=B_SPLINE_SURFACE_WITH_KNOTS('',3,1,((#7893,#7894),(#7895,#7896),(#7897,
#7898),(#7899,#7900),(#7901,#7902),(#7903,#7904),(#7905,#7906),(#7907,#7908),
(#7909,#7910),(#7911,#7912),(#7913,#7914)),.SURF_OF_LINEAR_EXTRUSION.,.F.,
 .F.,.F.,(4,1,1,1,1,1,1,1,4),(2,2),(0.113502806804627,0.166928836234426,
0.220354865664224,0.273780895094023,0.327206924523822,0.434058983383419,
0.540911042243017,0.754615159962211,0.968319277681406),(0.,1.),
 .UNSPECIFIED.);
#43=B_SPLINE_SURFACE_WITH_KNOTS('',3,1,((#7919,#7920),(#7921,#7922),(#7923,
#7924),(#7925,#7926),(#7927,#7928),(#7929,#7930),(#7931,#7932),(#7933,#7934),
(#7935,#7936),(#7937,#7938),(#7939,#7940)),.SURF_OF_LINEAR_EXTRUSION.,.F.,
 .F.,.F.,(4,1,1,1,1,1,1,1,4),(2,2),(0.113502806804615,0.166928836234415,
0.220354865664214,0.273780895094014,0.327206924523813,0.434058983383412,
0.540911042243011,0.754615159962209,0.968319277681406),(0.,1.),
 .UNSPECIFIED.);
#44=B_SPLINE_SURFACE_WITH_KNOTS('',3,1,((#7944,#7945),(#7946,#7947),(#7948,
#7949),(#7950,#7951),(#7952,#7953),(#7954,#7955),(#7956,#7957),(#7958,#7959),
(#7960,#7961),(#7962,#7963),(#7964,#7965)),.SURF_OF_LINEAR_EXTRUSION.,.F.,
 .F.,.F.,(4,1,1,1,1,1,1,1,4),(2,2),(0.113502806804625,0.166928836234424,
0.220354865664223,0.273780895094022,0.327206924523821,0.434058983383418,
0.540911042243016,0.754615159962211,0.968319277681406),(0.,1.),
 .UNSPECIFIED.);
#45=B_SPLINE_SURFACE_WITH_KNOTS('',3,1,((#7970,#7971),(#7972,#7973),(#7974,
#7975),(#7976,#7977),(#7978,#7979),(#7980,#7981),(#7982,#7983),(#7984,#7985),
(#7986,#7987),(#7988,#7989),(#7990,#7991)),.SURF_OF_LINEAR_EXTRUSION.,.F.,
 .F.,.F.,(4,1,1,1,1,1,1,1,4),(2,2),(0.113502806804615,0.166928836234415,
0.220354865664215,0.273780895094014,0.327206924523814,0.434058983383414,
0.540911042243013,0.754615159962212,0.968319277681411),(0.,1.),
 .UNSPECIFIED.);
#46=B_SPLINE_SURFACE_WITH_KNOTS('',3,1,((#7995,#7996),(#7997,#7998),(#7999,
#8000),(#8001,#8002),(#8003,#8004),(#8005,#8006),(#8007,#8008),(#8009,#8010),
(#8011,#8012),(#8013,#8014),(#8015,#8016)),.SURF_OF_LINEAR_EXTRUSION.,.F.,
 .F.,.F.,(4,1,1,1,1,1,1,1,4),(2,2),(0.113502806804625,0.166928836234424,
0.220354865664223,0.273780895094023,0.327206924523822,0.43405898338342,
0.540911042243018,0.754615159962215,0.968319277681411),(0.,1.),
 .UNSPECIFIED.);
#47=B_SPLINE_SURFACE_WITH_KNOTS('',3,1,((#8021,#8022),(#8023,#8024),(#8025,
#8026),(#8027,#8028),(#8029,#8030),(#8031,#8032),(#8033,#8034),(#8035,#8036),
(#8037,#8038),(#8039,#8040),(#8041,#8042)),.SURF_OF_LINEAR_EXTRUSION.,.F.,
 .F.,.F.,(4,1,1,1,1,1,1,1,4),(2,2),(0.113502806804622,0.166928836234421,
0.22035486566422,0.27378089509402,0.327206924523819,0.434058983383417,0.540911042243016,
0.754615159962212,0.968319277681409),(0.,1.),.UNSPECIFIED.);
#48=B_SPLINE_SURFACE_WITH_KNOTS('',3,1,((#8046,#8047),(#8048,#8049),(#8050,
#8051),(#8052,#8053),(#8054,#8055),(#8056,#8057),(#8058,#8059),(#8060,#8061),
(#8062,#8063),(#8064,#8065),(#8066,#8067)),.SURF_OF_LINEAR_EXTRUSION.,.F.,
 .F.,.F.,(4,1,1,1,1,1,1,1,4),(2,2),(0.113502806804625,0.166928836234424,
0.220354865664223,0.273780895094022,0.32720692452382,0.434058983383418,
0.540911042243016,0.754615159962212,0.968319277681408),(0.,1.),
 .UNSPECIFIED.);
#49=B_SPLINE_SURFACE_WITH_KNOTS('',3,1,((#8072,#8073),(#8074,#8075),(#8076,
#8077),(#8078,#8079),(#8080,#8081),(#8082,#8083),(#8084,#8085),(#8086,#8087),
(#8088,#8089),(#8090,#8091),(#8092,#8093)),.SURF_OF_LINEAR_EXTRUSION.,.F.,
 .F.,.F.,(4,1,1,1,1,1,1,1,4),(2,2),(0.11350280680462,0.16692883623442,0.220354865664219,
0.273780895094018,0.327206924523818,0.434058983383416,0.540911042243015,
0.754615159962213,0.96831927768141),(0.,1.),.UNSPECIFIED.);
#50=B_SPLINE_SURFACE_WITH_KNOTS('',3,1,((#8097,#8098),(#8099,#8100),(#8101,
#8102),(#8103,#8104),(#8105,#8106),(#8107,#8108),(#8109,#8110),(#8111,#8112),
(#8113,#8114),(#8115,#8116),(#8117,#8118)),.SURF_OF_LINEAR_EXTRUSION.,.F.,
 .F.,.F.,(4,1,1,1,1,1,1,1,4),(2,2),(0.113502806804632,0.16692883623443,
0.220354865664229,0.273780895094027,0.327206924523826,0.434058983383423,
0.54091104224302,0.754615159962215,0.968319277681409),(0.,1.),
 .UNSPECIFIED.);
#51=B_SPLINE_SURFACE_WITH_KNOTS('',3,1,((#8123,#8124),(#8125,#8126),(#8127,
#8128),(#8129,#8130),(#8131,#8132),(#8133,#8134),(#8135,#8136),(#8137,#8138),
(#8139,#8140),(#8141,#8142),(#8143,#8144)),.SURF_OF_LINEAR_EXTRUSION.,.F.,
 .F.,.F.,(4,1,1,1,1,1,1,1,4),(2,2),(0.113502806804631,0.16692883623443,
0.220354865664229,0.273780895094028,0.327206924523826,0.434058983383424,
0.540911042243021,0.754615159962216,0.968319277681411),(0.,1.),
 .UNSPECIFIED.);
#52=B_SPLINE_SURFACE_WITH_KNOTS('',3,1,((#8148,#8149),(#8150,#8151),(#8152,
#8153),(#8154,#8155),(#8156,#8157),(#8158,#8159),(#8160,#8161),(#8162,#8163),
(#8164,#8165),(#8166,#8167),(#8168,#8169)),.SURF_OF_LINEAR_EXTRUSION.,.F.,
 .F.,.F.,(4,1,1,1,1,1,1,1,4),(2,2),(0.113502806804626,0.166928836234425,
0.220354865664223,0.273780895094022,0.327206924523821,0.434058983383418,
0.540911042243015,0.75461515996221,0.968319277681405),(0.,1.),
 .UNSPECIFIED.);
#53=B_SPLINE_SURFACE_WITH_KNOTS('',3,1,((#8174,#8175),(#8176,#8177),(#8178,
#8179),(#8180,#8181),(#8182,#8183),(#8184,#8185),(#8186,#8187),(#8188,#8189),
(#8190,#8191),(#8192,#8193),(#8194,#8195)),.SURF_OF_LINEAR_EXTRUSION.,.F.,
 .F.,.F.,(4,1,1,1,1,1,1,1,4),(2,2),(0.113502806804615,0.166928836234414,
0.220354865664214,0.273780895094013,0.327206924523812,0.434058983383411,
0.54091104224301,0.754615159962207,0.968319277681404),(0.,1.),
 .UNSPECIFIED.);
#54=B_SPLINE_SURFACE_WITH_KNOTS('',3,1,((#8199,#8200),(#8201,#8202),(#8203,
#8204),(#8205,#8206),(#8207,#8208),(#8209,#8210),(#8211,#8212),(#8213,#8214),
(#8215,#8216),(#8217,#8218),(#8219,#8220)),.SURF_OF_LINEAR_EXTRUSION.,.F.,
 .F.,.F.,(4,1,1,1,1,1,1,1,4),(2,2),(0.113502806804638,0.166928836234436,
0.220354865664234,0.273780895094032,0.32720692452383,0.434058983383426,
0.540911042243022,0.754615159962215,0.968319277681407),(0.,1.),
 .UNSPECIFIED.);
#55=B_SPLINE_SURFACE_WITH_KNOTS('',3,1,((#8225,#8226),(#8227,#8228),(#8229,
#8230),(#8231,#8232),(#8233,#8234),(#8235,#8236),(#8237,#8238),(#8239,#8240),
(#8241,#8242),(#8243,#8244),(#8245,#8246)),.SURF_OF_LINEAR_EXTRUSION.,.F.,
 .F.,.F.,(4,1,1,1,1,1,1,1,4),(2,2),(0.113502806804624,0.166928836234422,
0.220354865664221,0.27378089509402,0.327206924523819,0.434058983383417,
0.540911042243015,0.754615159962211,0.968319277681407),(0.,1.),
 .UNSPECIFIED.);
#56=B_SPLINE_SURFACE_WITH_KNOTS('',3,1,((#8250,#8251),(#8252,#8253),(#8254,
#8255),(#8256,#8257),(#8258,#8259),(#8260,#8261),(#8262,#8263),(#8264,#8265),
(#8266,#8267),(#8268,#8269),(#8270,#8271)),.SURF_OF_LINEAR_EXTRUSION.,.F.,
 .F.,.F.,(4,1,1,1,1,1,1,1,4),(2,2),(0.113502806804622,0.166928836234421,
0.220354865664221,0.273780895094021,0.32720692452382,0.43405898338342,0.540911042243019,
0.754615159962218,0.968319277681416),(0.,1.),.UNSPECIFIED.);
#57=B_SPLINE_SURFACE_WITH_KNOTS('',3,1,((#8276,#8277),(#8278,#8279),(#8280,
#8281),(#8282,#8283),(#8284,#8285),(#8286,#8287),(#8288,#8289),(#8290,#8291),
(#8292,#8293),(#8294,#8295),(#8296,#8297)),.SURF_OF_LINEAR_EXTRUSION.,.F.,
 .F.,.F.,(4,1,1,1,1,1,1,1,4),(2,2),(0.113502806804628,0.166928836234427,
0.220354865664227,0.273780895094026,0.327206924523826,0.434058983383425,
0.540911042243024,0.754615159962222,0.96831927768142),(0.,1.),
 .UNSPECIFIED.);
#58=B_SPLINE_SURFACE_WITH_KNOTS('',3,1,((#8301,#8302),(#8303,#8304),(#8305,
#8306),(#8307,#8308),(#8309,#8310),(#8311,#8312),(#8313,#8314),(#8315,#8316),
(#8317,#8318),(#8319,#8320),(#8321,#8322)),.SURF_OF_LINEAR_EXTRUSION.,.F.,
 .F.,.F.,(4,1,1,1,1,1,1,1,4),(2,2),(0.11350280680464,0.166928836234438,
0.220354865664236,0.273780895094034,0.327206924523832,0.434058983383428,
0.540911042243024,0.754615159962215,0.968319277681407),(0.,1.),
 .UNSPECIFIED.);
#59=B_SPLINE_SURFACE_WITH_KNOTS('',3,1,((#8327,#8328),(#8329,#8330),(#8331,
#8332),(#8333,#8334),(#8335,#8336),(#8337,#8338),(#8339,#8340),(#8341,#8342),
(#8343,#8344),(#8345,#8346),(#8347,#8348)),.SURF_OF_LINEAR_EXTRUSION.,.F.,
 .F.,.F.,(4,1,1,1,1,1,1,1,4),(2,2),(0.113502806804628,0.166928836234427,
0.220354865664226,0.273780895094025,0.327206924523823,0.434058983383421,
0.540911042243019,0.754615159962214,0.96831927768141),(0.,1.),
 .UNSPECIFIED.);
#60=B_SPLINE_SURFACE_WITH_KNOTS('',3,1,((#8352,#8353),(#8354,#8355),(#8356,
#8357),(#8358,#8359),(#8360,#8361),(#8362,#8363),(#8364,#8365),(#8366,#8367),
(#8368,#8369),(#8370,#8371),(#8372,#8373)),.SURF_OF_LINEAR_EXTRUSION.,.F.,
 .F.,.F.,(4,1,1,1,1,1,1,1,4),(2,2),(0.113502806804636,0.166928836234434,
0.220354865664232,0.27378089509403,0.327206924523829,0.434058983383425,
0.540911042243021,0.754615159962214,0.968319277681407),(0.,1.),
 .UNSPECIFIED.);
#61=B_SPLINE_SURFACE_WITH_KNOTS('',3,1,((#8378,#8379),(#8380,#8381),(#8382,
#8383),(#8384,#8385),(#8386,#8387),(#8388,#8389),(#8390,#8391),(#8392,#8393),
(#8394,#8395),(#8396,#8397),(#8398,#8399)),.SURF_OF_LINEAR_EXTRUSION.,.F.,
 .F.,.F.,(4,1,1,1,1,1,1,1,4),(2,2),(0.113502806804622,0.166928836234421,
0.22035486566422,0.273780895094019,0.327206924523818,0.434058983383416,
0.540911042243014,0.75461515996221,0.968319277681406),(0.,1.),
 .UNSPECIFIED.);
#62=B_SPLINE_SURFACE_WITH_KNOTS('',3,1,((#8403,#8404),(#8405,#8406),(#8407,
#8408),(#8409,#8410),(#8411,#8412),(#8413,#8414),(#8415,#8416),(#8417,#8418),
(#8419,#8420),(#8421,#8422),(#8423,#8424)),.SURF_OF_LINEAR_EXTRUSION.,.F.,
 .F.,.F.,(4,1,1,1,1,1,1,1,4),(2,2),(0.113502806804629,0.166928836234428,
0.220354865664227,0.273780895094025,0.327206924523824,0.434058983383421,
0.540911042243018,0.754615159962213,0.968319277681407),(0.,1.),
 .UNSPECIFIED.);
#63=B_SPLINE_SURFACE_WITH_KNOTS('',3,1,((#8429,#8430),(#8431,#8432),(#8433,
#8434),(#8435,#8436),(#8437,#8438),(#8439,#8440),(#8441,#8442),(#8443,#8444),
(#8445,#8446),(#8447,#8448),(#8449,#8450)),.SURF_OF_LINEAR_EXTRUSION.,.F.,
 .F.,.F.,(4,1,1,1,1,1,1,1,4),(2,2),(0.113502806804611,0.166928836234411,
0.220354865664211,0.27378089509401,0.32720692452381,0.43405898338341,0.540911042243009,
0.754615159962208,0.968319277681407),(0.,1.),.UNSPECIFIED.);
#64=B_SPLINE_SURFACE_WITH_KNOTS('',3,1,((#8454,#8455),(#8456,#8457),(#8458,
#8459),(#8460,#8461),(#8462,#8463),(#8464,#8465),(#8466,#8467),(#8468,#8469),
(#8470,#8471),(#8472,#8473),(#8474,#8475)),.SURF_OF_LINEAR_EXTRUSION.,.F.,
 .F.,.F.,(4,1,1,1,1,1,1,1,4),(2,2),(0.11350280680463,0.166928836234429,
0.220354865664228,0.273780895094026,0.327206924523825,0.434058983383423,
0.540911042243021,0.754615159962216,0.968319277681411),(0.,1.),
 .UNSPECIFIED.);
#65=B_SPLINE_SURFACE_WITH_KNOTS('',3,1,((#8480,#8481),(#8482,#8483),(#8484,
#8485),(#8486,#8487),(#8488,#8489),(#8490,#8491),(#8492,#8493),(#8494,#8495),
(#8496,#8497),(#8498,#8499),(#8500,#8501)),.SURF_OF_LINEAR_EXTRUSION.,.F.,
 .F.,.F.,(4,1,1,1,1,1,1,1,4),(2,2),(0.113502806804617,0.166928836234416,
0.220354865664216,0.273780895094015,0.327206924523815,0.434058983383414,
0.540911042243013,0.754615159962211,0.968319277681409),(0.,1.),
 .UNSPECIFIED.);
#66=B_SPLINE_SURFACE_WITH_KNOTS('',3,1,((#8505,#8506),(#8507,#8508),(#8509,
#8510),(#8511,#8512),(#8513,#8514),(#8515,#8516),(#8517,#8518),(#8519,#8520),
(#8521,#8522),(#8523,#8524),(#8525,#8526)),.SURF_OF_LINEAR_EXTRUSION.,.F.,
 .F.,.F.,(4,1,1,1,1,1,1,1,4),(2,2),(0.113502806804629,0.166928836234428,
0.220354865664227,0.273780895094026,0.327206924523824,0.434058983383422,
0.54091104224302,0.754615159962215,0.96831927768141),(0.,1.),
 .UNSPECIFIED.);
#67=B_SPLINE_SURFACE_WITH_KNOTS('',3,1,((#8531,#8532),(#8533,#8534),(#8535,
#8536),(#8537,#8538),(#8539,#8540),(#8541,#8542),(#8543,#8544),(#8545,#8546),
(#8547,#8548),(#8549,#8550),(#8551,#8552)),.SURF_OF_LINEAR_EXTRUSION.,.F.,
 .F.,.F.,(4,1,1,1,1,1,1,1,4),(2,2),(0.113502806804621,0.16692883623442,
0.220354865664218,0.273780895094017,0.327206924523816,0.434058983383414,
0.540911042243011,0.754615159962207,0.968319277681402),(0.,1.),
 .UNSPECIFIED.);
#68=B_SPLINE_SURFACE_WITH_KNOTS('',3,1,((#8556,#8557),(#8558,#8559),(#8560,
#8561),(#8562,#8563),(#8564,#8565),(#8566,#8567),(#8568,#8569),(#8570,#8571),
(#8572,#8573),(#8574,#8575),(#8576,#8577)),.SURF_OF_LINEAR_EXTRUSION.,.F.,
 .F.,.F.,(4,1,1,1,1,1,1,1,4),(2,2),(0.113502806804623,0.166928836234422,
0.220354865664221,0.27378089509402,0.327206924523819,0.434058983383417,
0.540911042243015,0.75461515996221,0.968319277681406),(0.,1.),
 .UNSPECIFIED.);
#69=B_SPLINE_SURFACE_WITH_KNOTS('',3,1,((#8582,#8583),(#8584,#8585),(#8586,
#8587),(#8588,#8589),(#8590,#8591),(#8592,#8593),(#8594,#8595),(#8596,#8597),
(#8598,#8599),(#8600,#8601),(#8602,#8603)),.SURF_OF_LINEAR_EXTRUSION.,.F.,
 .F.,.F.,(4,1,1,1,1,1,1,1,4),(2,2),(0.113502806804619,0.166928836234417,
0.220354865664216,0.273780895094015,0.327206924523814,0.434058983383411,
0.540911042243009,0.754615159962204,0.968319277681398),(0.,1.),
 .UNSPECIFIED.);
#70=B_SPLINE_SURFACE_WITH_KNOTS('',3,1,((#8607,#8608),(#8609,#8610),(#8611,
#8612),(#8613,#8614),(#8615,#8616),(#8617,#8618),(#8619,#8620),(#8621,#8622),
(#8623,#8624),(#8625,#8626),(#8627,#8628)),.SURF_OF_LINEAR_EXTRUSION.,.F.,
 .F.,.F.,(4,1,1,1,1,1,1,1,4),(2,2),(0.113502806804631,0.166928836234429,
0.220354865664228,0.273780895094026,0.327206924523824,0.434058983383421,
0.540911042243017,0.75461515996221,0.968319277681403),(0.,1.),
 .UNSPECIFIED.);
#71=B_SPLINE_SURFACE_WITH_KNOTS('',3,1,((#8633,#8634),(#8635,#8636),(#8637,
#8638),(#8639,#8640),(#8641,#8642),(#8643,#8644),(#8645,#8646),(#8647,#8648),
(#8649,#8650),(#8651,#8652),(#8653,#8654)),.SURF_OF_LINEAR_EXTRUSION.,.F.,
 .F.,.F.,(4,1,1,1,1,1,1,1,4),(2,2),(0.113502806804623,0.166928836234423,
0.220354865664222,0.273780895094021,0.32720692452382,0.434058983383418,
0.540911042243017,0.754615159962213,0.96831927768141),(0.,1.),
 .UNSPECIFIED.);
#72=B_SPLINE_CURVE_WITH_KNOTS('',3,(#5018,#5019,#5020,#5021,#5022,#5023,
#5024,#5025,#5026,#5027,#5028,#5029,#5030,#5031),.UNSPECIFIED.,.F.,.F.,
(4,1,1,1,1,1,1,1,1,1,1,4),(0.,0.11941280725909,0.164977786203273,0.223801848448963,
0.293403393855345,0.372324117098064,0.459574253308686,0.554425147504634,
0.656311349123882,0.764777491716952,0.879446625041151,1.),.UNSPECIFIED.);
#73=B_SPLINE_CURVE_WITH_KNOTS('',3,(#5032,#5033,#5034,#5035,#5036,#5037,
#5038,#5039,#5040,#5041,#5042,#5043,#5044,#5045),.UNSPECIFIED.,.F.,.F.,
(4,1,1,1,1,1,1,1,1,1,1,4),(0.,0.11941280725909,0.164977786203273,0.223801848448963,
0.293403393855345,0.372324117098064,0.459574253308686,0.554425147504634,
0.656311349123882,0.764777491716952,0.879446625041151,1.),.UNSPECIFIED.);
#74=B_SPLINE_CURVE_WITH_KNOTS('',3,(#5053,#5054,#5055,#5056,#5057,#5058,
#5059,#5060,#5061,#5062,#5063,#5064,#5065,#5066),.UNSPECIFIED.,.F.,.F.,
(4,1,1,1,1,1,1,1,1,1,1,4),(0.,0.11941280725909,0.164977786203273,0.223801848448963,
0.293403393855345,0.372324117098064,0.459574253308686,0.554425147504634,
0.656311349123882,0.764777491716952,0.879446625041151,1.),.UNSPECIFIED.);
#75=B_SPLINE_CURVE_WITH_KNOTS('',3,(#5067,#5068,#5069,#5070,#5071,#5072,
#5073,#5074,#5075,#5076,#5077,#5078,#5079,#5080),.UNSPECIFIED.,.F.,.F.,
(4,1,1,1,1,1,1,1,1,1,1,4),(0.,0.11941280725909,0.164977786203273,0.223801848448963,
0.293403393855345,0.372324117098064,0.459574253308686,0.554425147504634,
0.656311349123882,0.764777491716952,0.879446625041151,1.),.UNSPECIFIED.);
#76=B_SPLINE_CURVE_WITH_KNOTS('',3,(#5088,#5089,#5090,#5091,#5092,#5093,
#5094,#5095,#5096,#5097,#5098,#5099,#5100,#5101),.UNSPECIFIED.,.F.,.F.,
(4,1,1,1,1,1,1,1,1,1,1,4),(0.,0.11941280725909,0.164977786203273,0.223801848448963,
0.293403393855345,0.372324117098064,0.459574253308686,0.554425147504634,
0.656311349123882,0.764777491716952,0.879446625041151,1.),.UNSPECIFIED.);
#77=B_SPLINE_CURVE_WITH_KNOTS('',3,(#5102,#5103,#5104,#5105,#5106,#5107,
#5108,#5109,#5110,#5111,#5112,#5113,#5114,#5115),.UNSPECIFIED.,.F.,.F.,
(4,1,1,1,1,1,1,1,1,1,1,4),(0.,0.11941280725909,0.164977786203273,0.223801848448963,
0.293403393855345,0.372324117098064,0.459574253308686,0.554425147504634,
0.656311349123882,0.764777491716952,0.879446625041151,1.),.UNSPECIFIED.);
#78=B_SPLINE_CURVE_WITH_KNOTS('',3,(#5123,#5124,#5125,#5126,#5127,#5128,
#5129,#5130,#5131,#5132,#5133,#5134,#5135,#5136),.UNSPECIFIED.,.F.,.F.,
(4,1,1,1,1,1,1,1,1,1,1,4),(0.,0.11941280725909,0.164977786203273,0.223801848448963,
0.293403393855345,0.372324117098064,0.459574253308686,0.554425147504634,
0.656311349123882,0.764777491716952,0.879446625041151,1.),.UNSPECIFIED.);
#79=B_SPLINE_CURVE_WITH_KNOTS('',3,(#5137,#5138,#5139,#5140,#5141,#5142,
#5143,#5144,#5145,#5146,#5147,#5148,#5149,#5150),.UNSPECIFIED.,.F.,.F.,
(4,1,1,1,1,1,1,1,1,1,1,4),(0.,0.11941280725909,0.164977786203273,0.223801848448963,
0.293403393855345,0.372324117098064,0.459574253308686,0.554425147504634,
0.656311349123882,0.764777491716952,0.879446625041151,1.),.UNSPECIFIED.);
#80=B_SPLINE_CURVE_WITH_KNOTS('',3,(#5158,#5159,#5160,#5161,#5162,#5163,
#5164,#5165,#5166,#5167,#5168,#5169,#5170,#5171),.UNSPECIFIED.,.F.,.F.,
(4,1,1,1,1,1,1,1,1,1,1,4),(0.,0.11941280725909,0.164977786203273,0.223801848448963,
0.293403393855345,0.372324117098064,0.459574253308686,0.554425147504634,
0.656311349123882,0.764777491716952,0.879446625041151,1.),.UNSPECIFIED.);
#81=B_SPLINE_CURVE_WITH_KNOTS('',3,(#5172,#5173,#5174,#5175,#5176,#5177,
#5178,#5179,#5180,#5181,#5182,#5183,#5184,#5185),.UNSPECIFIED.,.F.,.F.,
(4,1,1,1,1,1,1,1,1,1,1,4),(0.,0.11941280725909,0.164977786203273,0.223801848448963,
0.293403393855345,0.372324117098064,0.459574253308686,0.554425147504634,
0.656311349123882,0.764777491716952,0.879446625041151,1.),.UNSPECIFIED.);
#82=B_SPLINE_CURVE_WITH_KNOTS('',3,(#5193,#5194,#5195,#5196,#5197,#5198,
#5199,#5200,#5201,#5202,#5203,#5204,#5205,#5206),.UNSPECIFIED.,.F.,.F.,
(4,1,1,1,1,1,1,1,1,1,1,4),(0.,0.11941280725909,0.164977786203273,0.223801848448963,
0.293403393855345,0.372324117098064,0.459574253308686,0.554425147504634,
0.656311349123882,0.764777491716952,0.879446625041151,1.),.UNSPECIFIED.);
#83=B_SPLINE_CURVE_WITH_KNOTS('',3,(#5207,#5208,#5209,#5210,#5211,#5212,
#5213,#5214,#5215,#5216,#5217,#5218,#5219,#5220),.UNSPECIFIED.,.F.,.F.,
(4,1,1,1,1,1,1,1,1,1,1,4),(0.,0.11941280725909,0.164977786203273,0.223801848448963,
0.293403393855345,0.372324117098064,0.459574253308686,0.554425147504634,
0.656311349123882,0.764777491716952,0.879446625041151,1.),.UNSPECIFIED.);
#84=B_SPLINE_CURVE_WITH_KNOTS('',3,(#5228,#5229,#5230,#5231,#5232,#5233,
#5234,#5235,#5236,#5237,#5238,#5239,#5240,#5241),.UNSPECIFIED.,.F.,.F.,
(4,1,1,1,1,1,1,1,1,1,1,4),(0.,0.11941280725909,0.164977786203273,0.223801848448963,
0.293403393855345,0.372324117098064,0.459574253308686,0.554425147504634,
0.656311349123882,0.764777491716952,0.879446625041151,1.),.UNSPECIFIED.);
#85=B_SPLINE_CURVE_WITH_KNOTS('',3,(#5242,#5243,#5244,#5245,#5246,#5247,
#5248,#5249,#5250,#5251,#5252,#5253,#5254,#5255),.UNSPECIFIED.,.F.,.F.,
(4,1,1,1,1,1,1,1,1,1,1,4),(0.,0.11941280725909,0.164977786203273,0.223801848448963,
0.293403393855345,0.372324117098064,0.459574253308686,0.554425147504634,
0.656311349123882,0.764777491716952,0.879446625041151,1.),.UNSPECIFIED.);
#86=B_SPLINE_CURVE_WITH_KNOTS('',3,(#5263,#5264,#5265,#5266,#5267,#5268,
#5269,#5270,#5271,#5272,#5273,#5274,#5275,#5276),.UNSPECIFIED.,.F.,.F.,
(4,1,1,1,1,1,1,1,1,1,1,4),(0.,0.11941280725909,0.164977786203273,0.223801848448963,
0.293403393855345,0.372324117098064,0.459574253308686,0.554425147504634,
0.656311349123882,0.764777491716952,0.879446625041151,1.),.UNSPECIFIED.);
#87=B_SPLINE_CURVE_WITH_KNOTS('',3,(#5277,#5278,#5279,#5280,#5281,#5282,
#5283,#5284,#5285,#5286,#5287,#5288,#5289,#5290),.UNSPECIFIED.,.F.,.F.,
(4,1,1,1,1,1,1,1,1,1,1,4),(0.,0.11941280725909,0.164977786203273,0.223801848448963,
0.293403393855345,0.372324117098064,0.459574253308686,0.554425147504634,
0.656311349123882,0.764777491716952,0.879446625041151,1.),.UNSPECIFIED.);
#88=B_SPLINE_CURVE_WITH_KNOTS('',3,(#5298,#5299,#5300,#5301,#5302,#5303,
#5304,#5305,#5306,#5307,#5308,#5309,#5310,#5311),.UNSPECIFIED.,.F.,.F.,
(4,1,1,1,1,1,1,1,1,1,1,4),(0.,0.11941280725909,0.164977786203273,0.223801848448963,
0.293403393855345,0.372324117098064,0.459574253308686,0.554425147504634,
0.656311349123882,0.764777491716952,0.879446625041151,1.),.UNSPECIFIED.);
#89=B_SPLINE_CURVE_WITH_KNOTS('',3,(#5312,#5313,#5314,#5315,#5316,#5317,
#5318,#5319,#5320,#5321,#5322,#5323,#5324,#5325),.UNSPECIFIED.,.F.,.F.,
(4,1,1,1,1,1,1,1,1,1,1,4),(0.,0.11941280725909,0.164977786203273,0.223801848448963,
0.293403393855345,0.372324117098064,0.459574253308686,0.554425147504634,
0.656311349123882,0.764777491716952,0.879446625041151,1.),.UNSPECIFIED.);
#90=B_SPLINE_CURVE_WITH_KNOTS('',3,(#5333,#5334,#5335,#5336,#5337,#5338,
#5339,#5340,#5341,#5342,#5343,#5344,#5345,#5346),.UNSPECIFIED.,.F.,.F.,
(4,1,1,1,1,1,1,1,1,1,1,4),(0.,0.11941280725909,0.164977786203273,0.223801848448963,
0.293403393855345,0.372324117098064,0.459574253308686,0.554425147504634,
0.656311349123882,0.764777491716952,0.879446625041151,1.),.UNSPECIFIED.);
#91=B_SPLINE_CURVE_WITH_KNOTS('',3,(#5347,#5348,#5349,#5350,#5351,#5352,
#5353,#5354,#5355,#5356,#5357,#5358,#5359,#5360),.UNSPECIFIED.,.F.,.F.,
(4,1,1,1,1,1,1,1,1,1,1,4),(0.,0.11941280725909,0.164977786203273,0.223801848448963,
0.293403393855345,0.372324117098064,0.459574253308686,0.554425147504634,
0.656311349123882,0.764777491716952,0.879446625041151,1.),.UNSPECIFIED.);
#92=B_SPLINE_CURVE_WITH_KNOTS('',3,(#5368,#5369,#5370,#5371,#5372,#5373,
#5374,#5375,#5376,#5377,#5378,#5379,#5380,#5381),.UNSPECIFIED.,.F.,.F.,
(4,1,1,1,1,1,1,1,1,1,1,4),(0.,0.11941280725909,0.164977786203273,0.223801848448963,
0.293403393855345,0.372324117098064,0.459574253308686,0.554425147504634,
0.656311349123882,0.764777491716952,0.879446625041151,1.),.UNSPECIFIED.);
#93=B_SPLINE_CURVE_WITH_KNOTS('',3,(#5382,#5383,#5384,#5385,#5386,#5387,
#5388,#5389,#5390,#5391,#5392,#5393,#5394,#5395),.UNSPECIFIED.,.F.,.F.,
(4,1,1,1,1,1,1,1,1,1,1,4),(0.,0.11941280725909,0.164977786203273,0.223801848448963,
0.293403393855345,0.372324117098064,0.459574253308686,0.554425147504634,
0.656311349123882,0.764777491716952,0.879446625041151,1.),.UNSPECIFIED.);
#94=B_SPLINE_CURVE_WITH_KNOTS('',3,(#5403,#5404,#5405,#5406,#5407,#5408,
#5409,#5410,#5411,#5412,#5413,#5414,#5415,#5416),.UNSPECIFIED.,.F.,.F.,
(4,1,1,1,1,1,1,1,1,1,1,4),(0.,0.11941280725909,0.164977786203273,0.223801848448963,
0.293403393855345,0.372324117098064,0.459574253308686,0.554425147504634,
0.656311349123882,0.764777491716952,0.879446625041151,1.),.UNSPECIFIED.);
#95=B_SPLINE_CURVE_WITH_KNOTS('',3,(#5417,#5418,#5419,#5420,#5421,#5422,
#5423,#5424,#5425,#5426,#5427,#5428,#5429,#5430),.UNSPECIFIED.,.F.,.F.,
(4,1,1,1,1,1,1,1,1,1,1,4),(0.,0.11941280725909,0.164977786203273,0.223801848448963,
0.293403393855345,0.372324117098064,0.459574253308686,0.554425147504634,
0.656311349123882,0.764777491716952,0.879446625041151,1.),.UNSPECIFIED.);
#96=B_SPLINE_CURVE_WITH_KNOTS('',3,(#5438,#5439,#5440,#5441,#5442,#5443,
#5444,#5445,#5446,#5447,#5448,#5449,#5450,#5451),.UNSPECIFIED.,.F.,.F.,
(4,1,1,1,1,1,1,1,1,1,1,4),(0.,0.11941280725909,0.164977786203273,0.223801848448963,
0.293403393855345,0.372324117098064,0.459574253308686,0.554425147504634,
0.656311349123882,0.764777491716952,0.879446625041151,1.),.UNSPECIFIED.);
#97=B_SPLINE_CURVE_WITH_KNOTS('',3,(#5452,#5453,#5454,#5455,#5456,#5457,
#5458,#5459,#5460,#5461,#5462,#5463,#5464,#5465),.UNSPECIFIED.,.F.,.F.,
(4,1,1,1,1,1,1,1,1,1,1,4),(0.,0.11941280725909,0.164977786203273,0.223801848448963,
0.293403393855345,0.372324117098064,0.459574253308686,0.554425147504634,
0.656311349123882,0.764777491716952,0.879446625041151,1.),.UNSPECIFIED.);
#98=B_SPLINE_CURVE_WITH_KNOTS('',3,(#5473,#5474,#5475,#5476,#5477,#5478,
#5479,#5480,#5481,#5482,#5483,#5484,#5485,#5486),.UNSPECIFIED.,.F.,.F.,
(4,1,1,1,1,1,1,1,1,1,1,4),(0.,0.11941280725909,0.164977786203273,0.223801848448963,
0.293403393855345,0.372324117098064,0.459574253308686,0.554425147504634,
0.656311349123882,0.764777491716952,0.879446625041151,1.),.UNSPECIFIED.);
#99=B_SPLINE_CURVE_WITH_KNOTS('',3,(#5487,#5488,#5489,#5490,#5491,#5492,
#5493,#5494,#5495,#5496,#5497,#5498,#5499,#5500),.UNSPECIFIED.,.F.,.F.,
(4,1,1,1,1,1,1,1,1,1,1,4),(0.,0.11941280725909,0.164977786203273,0.223801848448963,
0.293403393855345,0.372324117098064,0.459574253308686,0.554425147504634,
0.656311349123882,0.764777491716952,0.879446625041151,1.),.UNSPECIFIED.);
#100=B_SPLINE_CURVE_WITH_KNOTS('',3,(#5508,#5509,#5510,#5511,#5512,#5513,
#5514,#5515,#5516,#5517,#5518,#5519,#5520,#5521),.UNSPECIFIED.,.F.,.F.,
(4,1,1,1,1,1,1,1,1,1,1,4),(0.,0.11941280725909,0.164977786203273,0.223801848448963,
0.293403393855345,0.372324117098064,0.459574253308686,0.554425147504634,
0.656311349123882,0.764777491716952,0.879446625041151,1.),.UNSPECIFIED.);
#101=B_SPLINE_CURVE_WITH_KNOTS('',3,(#5522,#5523,#5524,#5525,#5526,#5527,
#5528,#5529,#5530,#5531,#5532,#5533,#5534,#5535),.UNSPECIFIED.,.F.,.F.,
(4,1,1,1,1,1,1,1,1,1,1,4),(0.,0.11941280725909,0.164977786203273,0.223801848448963,
0.293403393855345,0.372324117098064,0.459574253308686,0.554425147504634,
0.656311349123882,0.764777491716952,0.879446625041151,1.),.UNSPECIFIED.);
#102=B_SPLINE_CURVE_WITH_KNOTS('',3,(#5543,#5544,#5545,#5546,#5547,#5548,
#5549,#5550,#5551,#5552,#5553,#5554,#5555,#5556),.UNSPECIFIED.,.F.,.F.,
(4,1,1,1,1,1,1,1,1,1,1,4),(0.,0.11941280725909,0.164977786203273,0.223801848448963,
0.293403393855345,0.372324117098064,0.459574253308686,0.554425147504634,
0.656311349123882,0.764777491716952,0.879446625041151,1.),.UNSPECIFIED.);
#103=B_SPLINE_CURVE_WITH_KNOTS('',3,(#5557,#5558,#5559,#5560,#5561,#5562,
#5563,#5564,#5565,#5566,#5567,#5568,#5569,#5570),.UNSPECIFIED.,.F.,.F.,
(4,1,1,1,1,1,1,1,1,1,1,4),(0.,0.11941280725909,0.164977786203273,0.223801848448963,
0.293403393855345,0.372324117098064,0.459574253308686,0.554425147504634,
0.656311349123882,0.764777491716952,0.879446625041151,1.),.UNSPECIFIED.);
#104=B_SPLINE_CURVE_WITH_KNOTS('',3,(#5578,#5579,#5580,#5581,#5582,#5583,
#5584,#5585,#5586,#5587,#5588,#5589,#5590,#5591),.UNSPECIFIED.,.F.,.F.,
(4,1,1,1,1,1,1,1,1,1,1,4),(0.,0.11941280725909,0.164977786203273,0.223801848448963,
0.293403393855345,0.372324117098064,0.459574253308686,0.554425147504634,
0.656311349123882,0.764777491716952,0.879446625041151,1.),.UNSPECIFIED.);
#105=B_SPLINE_CURVE_WITH_KNOTS('',3,(#5592,#5593,#5594,#5595,#5596,#5597,
#5598,#5599,#5600,#5601,#5602,#5603,#5604,#5605),.UNSPECIFIED.,.F.,.F.,
(4,1,1,1,1,1,1,1,1,1,1,4),(0.,0.11941280725909,0.164977786203273,0.223801848448963,
0.293403393855345,0.372324117098064,0.459574253308686,0.554425147504634,
0.656311349123882,0.764777491716952,0.879446625041151,1.),.UNSPECIFIED.);
#106=B_SPLINE_CURVE_WITH_KNOTS('',3,(#5613,#5614,#5615,#5616,#5617,#5618,
#5619,#5620,#5621,#5622,#5623,#5624,#5625,#5626),.UNSPECIFIED.,.F.,.F.,
(4,1,1,1,1,1,1,1,1,1,1,4),(0.,0.11941280725909,0.164977786203273,0.223801848448963,
0.293403393855345,0.372324117098064,0.459574253308686,0.554425147504634,
0.656311349123882,0.764777491716952,0.879446625041151,1.),.UNSPECIFIED.);
#107=B_SPLINE_CURVE_WITH_KNOTS('',3,(#5627,#5628,#5629,#5630,#5631,#5632,
#5633,#5634,#5635,#5636,#5637,#5638,#5639,#5640),.UNSPECIFIED.,.F.,.F.,
(4,1,1,1,1,1,1,1,1,1,1,4),(0.,0.11941280725909,0.164977786203273,0.223801848448963,
0.293403393855345,0.372324117098064,0.459574253308686,0.554425147504634,
0.656311349123882,0.764777491716952,0.879446625041151,1.),.UNSPECIFIED.);
#108=B_SPLINE_CURVE_WITH_KNOTS('',3,(#5648,#5649,#5650,#5651,#5652,#5653,
#5654,#5655,#5656,#5657,#5658,#5659,#5660,#5661),.UNSPECIFIED.,.F.,.F.,
(4,1,1,1,1,1,1,1,1,1,1,4),(0.,0.11941280725909,0.164977786203273,0.223801848448963,
0.293403393855345,0.372324117098064,0.459574253308686,0.554425147504634,
0.656311349123882,0.764777491716952,0.879446625041151,1.),.UNSPECIFIED.);
#109=B_SPLINE_CURVE_WITH_KNOTS('',3,(#5662,#5663,#5664,#5665,#5666,#5667,
#5668,#5669,#5670,#5671,#5672,#5673,#5674,#5675),.UNSPECIFIED.,.F.,.F.,
(4,1,1,1,1,1,1,1,1,1,1,4),(0.,0.11941280725909,0.164977786203273,0.223801848448963,
0.293403393855345,0.372324117098064,0.459574253308686,0.554425147504634,
0.656311349123882,0.764777491716952,0.879446625041151,1.),.UNSPECIFIED.);
#110=B_SPLINE_CURVE_WITH_KNOTS('',3,(#5683,#5684,#5685,#5686,#5687,#5688,
#5689,#5690,#5691,#5692,#5693,#5694,#5695,#5696),.UNSPECIFIED.,.F.,.F.,
(4,1,1,1,1,1,1,1,1,1,1,4),(0.,0.11941280725909,0.164977786203273,0.223801848448963,
0.293403393855345,0.372324117098064,0.459574253308686,0.554425147504634,
0.656311349123882,0.764777491716952,0.879446625041151,1.),.UNSPECIFIED.);
#111=B_SPLINE_CURVE_WITH_KNOTS('',3,(#5697,#5698,#5699,#5700,#5701,#5702,
#5703,#5704,#5705,#5706,#5707,#5708,#5709,#5710),.UNSPECIFIED.,.F.,.F.,
(4,1,1,1,1,1,1,1,1,1,1,4),(0.,0.11941280725909,0.164977786203273,0.223801848448963,
0.293403393855345,0.372324117098064,0.459574253308686,0.554425147504634,
0.656311349123882,0.764777491716952,0.879446625041151,1.),.UNSPECIFIED.);
#112=B_SPLINE_CURVE_WITH_KNOTS('',3,(#5718,#5719,#5720,#5721,#5722,#5723,
#5724,#5725,#5726,#5727,#5728,#5729,#5730,#5731),.UNSPECIFIED.,.F.,.F.,
(4,1,1,1,1,1,1,1,1,1,1,4),(0.,0.11941280725909,0.164977786203273,0.223801848448963,
0.293403393855345,0.372324117098064,0.459574253308686,0.554425147504634,
0.656311349123882,0.764777491716952,0.879446625041151,1.),.UNSPECIFIED.);
#113=B_SPLINE_CURVE_WITH_KNOTS('',3,(#5732,#5733,#5734,#5735,#5736,#5737,
#5738,#5739,#5740,#5741,#5742,#5743,#5744,#5745),.UNSPECIFIED.,.F.,.F.,
(4,1,1,1,1,1,1,1,1,1,1,4),(0.,0.11941280725909,0.164977786203273,0.223801848448963,
0.293403393855345,0.372324117098064,0.459574253308686,0.554425147504634,
0.656311349123882,0.764777491716952,0.879446625041151,1.),.UNSPECIFIED.);
#114=B_SPLINE_CURVE_WITH_KNOTS('',3,(#5753,#5754,#5755,#5756,#5757,#5758,
#5759,#5760,#5761,#5762,#5763,#5764,#5765,#5766),.UNSPECIFIED.,.F.,.F.,
(4,1,1,1,1,1,1,1,1,1,1,4),(0.,0.11941280725909,0.164977786203273,0.223801848448963,
0.293403393855345,0.372324117098064,0.459574253308686,0.554425147504634,
0.656311349123882,0.764777491716952,0.879446625041151,1.),.UNSPECIFIED.);
#115=B_SPLINE_CURVE_WITH_KNOTS('',3,(#5770,#5771,#5772,#5773,#5774,#5775,
#5776,#5777,#5778,#5779,#5780,#5781,#5782,#5783),.UNSPECIFIED.,.F.,.F.,
(4,1,1,1,1,1,1,1,1,1,1,4),(0.,0.11941280725909,0.164977786203273,0.223801848448963,
0.293403393855345,0.372324117098064,0.459574253308686,0.554425147504634,
0.656311349123882,0.764777491716952,0.879446625041151,1.),.UNSPECIFIED.);
#116=B_SPLINE_CURVE_WITH_KNOTS('',3,(#5791,#5792,#5793,#5794,#5795,#5796,
#5797,#5798,#5799,#5800,#5801,#5802,#5803,#5804),.UNSPECIFIED.,.F.,.F.,
(4,1,1,1,1,1,1,1,1,1,1,4),(0.,0.11941280725909,0.164977786203273,0.223801848448963,
0.293403393855345,0.372324117098064,0.459574253308686,0.554425147504634,
0.656311349123882,0.764777491716952,0.879446625041151,1.),.UNSPECIFIED.);
#117=B_SPLINE_CURVE_WITH_KNOTS('',3,(#5805,#5806,#5807,#5808,#5809,#5810,
#5811,#5812,#5813,#5814,#5815,#5816,#5817,#5818),.UNSPECIFIED.,.F.,.F.,
(4,1,1,1,1,1,1,1,1,1,1,4),(0.,0.11941280725909,0.164977786203273,0.223801848448963,
0.293403393855345,0.372324117098064,0.459574253308686,0.554425147504634,
0.656311349123882,0.764777491716952,0.879446625041151,1.),.UNSPECIFIED.);
#118=B_SPLINE_CURVE_WITH_KNOTS('',3,(#5826,#5827,#5828,#5829,#5830,#5831,
#5832,#5833,#5834,#5835,#5836,#5837,#5838,#5839),.UNSPECIFIED.,.F.,.F.,
(4,1,1,1,1,1,1,1,1,1,1,4),(0.,0.11941280725909,0.164977786203273,0.223801848448963,
0.293403393855345,0.372324117098064,0.459574253308686,0.554425147504634,
0.656311349123882,0.764777491716952,0.879446625041151,1.),.UNSPECIFIED.);
#119=B_SPLINE_CURVE_WITH_KNOTS('',3,(#5840,#5841,#5842,#5843,#5844,#5845,
#5846,#5847,#5848,#5849,#5850,#5851,#5852,#5853),.UNSPECIFIED.,.F.,.F.,
(4,1,1,1,1,1,1,1,1,1,1,4),(0.,0.11941280725909,0.164977786203273,0.223801848448963,
0.293403393855345,0.372324117098064,0.459574253308686,0.554425147504634,
0.656311349123882,0.764777491716952,0.879446625041151,1.),.UNSPECIFIED.);
#120=B_SPLINE_CURVE_WITH_KNOTS('',3,(#5861,#5862,#5863,#5864,#5865,#5866,
#5867,#5868,#5869,#5870,#5871,#5872,#5873,#5874),.UNSPECIFIED.,.F.,.F.,
(4,1,1,1,1,1,1,1,1,1,1,4),(0.,0.11941280725909,0.164977786203273,0.223801848448963,
0.293403393855345,0.372324117098064,0.459574253308686,0.554425147504634,
0.656311349123882,0.764777491716952,0.879446625041151,1.),.UNSPECIFIED.);
#121=B_SPLINE_CURVE_WITH_KNOTS('',3,(#5875,#5876,#5877,#5878,#5879,#5880,
#5881,#5882,#5883,#5884,#5885,#5886,#5887,#5888),.UNSPECIFIED.,.F.,.F.,
(4,1,1,1,1,1,1,1,1,1,1,4),(0.,0.11941280725909,0.164977786203273,0.223801848448963,
0.293403393855345,0.372324117098064,0.459574253308686,0.554425147504634,
0.656311349123882,0.764777491716952,0.879446625041151,1.),.UNSPECIFIED.);
#122=B_SPLINE_CURVE_WITH_KNOTS('',3,(#5896,#5897,#5898,#5899,#5900,#5901,
#5902,#5903,#5904,#5905,#5906,#5907,#5908,#5909),.UNSPECIFIED.,.F.,.F.,
(4,1,1,1,1,1,1,1,1,1,1,4),(0.,0.11941280725909,0.164977786203273,0.223801848448963,
0.293403393855345,0.372324117098064,0.459574253308686,0.554425147504634,
0.656311349123882,0.764777491716952,0.879446625041151,1.),.UNSPECIFIED.);
#123=B_SPLINE_CURVE_WITH_KNOTS('',3,(#5910,#5911,#5912,#5913,#5914,#5915,
#5916,#5917,#5918,#5919,#5920,#5921,#5922,#5923),.UNSPECIFIED.,.F.,.F.,
(4,1,1,1,1,1,1,1,1,1,1,4),(0.,0.11941280725909,0.164977786203273,0.223801848448963,
0.293403393855345,0.372324117098064,0.459574253308686,0.554425147504634,
0.656311349123882,0.764777491716952,0.879446625041151,1.),.UNSPECIFIED.);
#124=B_SPLINE_CURVE_WITH_KNOTS('',3,(#5931,#5932,#5933,#5934,#5935,#5936,
#5937,#5938,#5939,#5940,#5941,#5942,#5943,#5944),.UNSPECIFIED.,.F.,.F.,
(4,1,1,1,1,1,1,1,1,1,1,4),(0.,0.11941280725909,0.164977786203273,0.223801848448963,
0.293403393855345,0.372324117098064,0.459574253308686,0.554425147504634,
0.656311349123882,0.764777491716952,0.879446625041151,1.),.UNSPECIFIED.);
#125=B_SPLINE_CURVE_WITH_KNOTS('',3,(#5945,#5946,#5947,#5948,#5949,#5950,
#5951,#5952,#5953,#5954,#5955,#5956,#5957,#5958),.UNSPECIFIED.,.F.,.F.,
(4,1,1,1,1,1,1,1,1,1,1,4),(0.,0.11941280725909,0.164977786203273,0.223801848448963,
0.293403393855345,0.372324117098064,0.459574253308686,0.554425147504634,
0.656311349123882,0.764777491716952,0.879446625041151,1.),.UNSPECIFIED.);
#126=B_SPLINE_CURVE_WITH_KNOTS('',3,(#5966,#5967,#5968,#5969,#5970,#5971,
#5972,#5973,#5974,#5975,#5976,#5977,#5978,#5979),.UNSPECIFIED.,.F.,.F.,
(4,1,1,1,1,1,1,1,1,1,1,4),(0.,0.11941280725909,0.164977786203273,0.223801848448963,
0.293403393855345,0.372324117098064,0.459574253308686,0.554425147504634,
0.656311349123882,0.764777491716952,0.879446625041151,1.),.UNSPECIFIED.);
#127=B_SPLINE_CURVE_WITH_KNOTS('',3,(#5980,#5981,#5982,#5983,#5984,#5985,
#5986,#5987,#5988,#5989,#5990,#5991,#5992,#5993),.UNSPECIFIED.,.F.,.F.,
(4,1,1,1,1,1,1,1,1,1,1,4),(0.,0.11941280725909,0.164977786203273,0.223801848448963,
0.293403393855345,0.372324117098064,0.459574253308686,0.554425147504634,
0.656311349123882,0.764777491716952,0.879446625041151,1.),.UNSPECIFIED.);
#128=B_SPLINE_CURVE_WITH_KNOTS('',3,(#6001,#6002,#6003,#6004,#6005,#6006,
#6007,#6008,#6009,#6010,#6011,#6012,#6013,#6014),.UNSPECIFIED.,.F.,.F.,
(4,1,1,1,1,1,1,1,1,1,1,4),(0.,0.11941280725909,0.164977786203273,0.223801848448963,
0.293403393855345,0.372324117098064,0.459574253308686,0.554425147504634,
0.656311349123882,0.764777491716952,0.879446625041151,1.),.UNSPECIFIED.);
#129=B_SPLINE_CURVE_WITH_KNOTS('',3,(#6015,#6016,#6017,#6018,#6019,#6020,
#6021,#6022,#6023,#6024,#6025,#6026,#6027,#6028),.UNSPECIFIED.,.F.,.F.,
(4,1,1,1,1,1,1,1,1,1,1,4),(0.,0.11941280725909,0.164977786203273,0.223801848448963,
0.293403393855345,0.372324117098064,0.459574253308686,0.554425147504634,
0.656311349123882,0.764777491716952,0.879446625041151,1.),.UNSPECIFIED.);
#130=B_SPLINE_CURVE_WITH_KNOTS('',3,(#6036,#6037,#6038,#6039,#6040,#6041,
#6042,#6043,#6044,#6045,#6046,#6047,#6048,#6049),.UNSPECIFIED.,.F.,.F.,
(4,1,1,1,1,1,1,1,1,1,1,4),(0.,0.11941280725909,0.164977786203273,0.223801848448963,
0.293403393855345,0.372324117098064,0.459574253308686,0.554425147504634,
0.656311349123882,0.764777491716952,0.879446625041151,1.),.UNSPECIFIED.);
#131=B_SPLINE_CURVE_WITH_KNOTS('',3,(#6050,#6051,#6052,#6053,#6054,#6055,
#6056,#6057,#6058,#6059,#6060,#6061,#6062,#6063),.UNSPECIFIED.,.F.,.F.,
(4,1,1,1,1,1,1,1,1,1,1,4),(0.,0.11941280725909,0.164977786203273,0.223801848448963,
0.293403393855345,0.372324117098064,0.459574253308686,0.554425147504634,
0.656311349123882,0.764777491716952,0.879446625041151,1.),.UNSPECIFIED.);
#132=B_SPLINE_CURVE_WITH_KNOTS('',3,(#6081,#6082,#6083,#6084,#6085,#6086,
#6087,#6088,#6089,#6090,#6091,#6092,#6093,#6094),.UNSPECIFIED.,.F.,.F.,
(4,1,1,1,1,1,1,1,1,1,1,4),(0.,0.11941280725909,0.164977786203273,0.223801848448963,
0.293403393855345,0.372324117098064,0.459574253308686,0.554425147504634,
0.656311349123882,0.764777491716952,0.879446625041151,1.),.UNSPECIFIED.);
#133=B_SPLINE_CURVE_WITH_KNOTS('',3,(#6095,#6096,#6097,#6098,#6099,#6100,
#6101,#6102,#6103,#6104,#6105,#6106,#6107,#6108),.UNSPECIFIED.,.F.,.F.,
(4,1,1,1,1,1,1,1,1,1,1,4),(0.,0.11941280725909,0.164977786203273,0.223801848448963,
0.293403393855345,0.372324117098064,0.459574253308686,0.554425147504634,
0.656311349123882,0.764777491716952,0.879446625041151,1.),.UNSPECIFIED.);
#134=B_SPLINE_CURVE_WITH_KNOTS('',3,(#6116,#6117,#6118,#6119,#6120,#6121,
#6122,#6123,#6124,#6125,#6126,#6127,#6128,#6129),.UNSPECIFIED.,.F.,.F.,
(4,1,1,1,1,1,1,1,1,1,1,4),(0.,0.11941280725909,0.164977786203273,0.223801848448963,
0.293403393855345,0.372324117098064,0.459574253308686,0.554425147504634,
0.656311349123882,0.764777491716952,0.879446625041151,1.),.UNSPECIFIED.);
#135=B_SPLINE_CURVE_WITH_KNOTS('',3,(#6130,#6131,#6132,#6133,#6134,#6135,
#6136,#6137,#6138,#6139,#6140,#6141,#6142,#6143),.UNSPECIFIED.,.F.,.F.,
(4,1,1,1,1,1,1,1,1,1,1,4),(0.,0.11941280725909,0.164977786203273,0.223801848448963,
0.293403393855345,0.372324117098064,0.459574253308686,0.554425147504634,
0.656311349123882,0.764777491716952,0.879446625041151,1.),.UNSPECIFIED.);
#136=B_SPLINE_CURVE_WITH_KNOTS('',3,(#6151,#6152,#6153,#6154,#6155,#6156,
#6157,#6158,#6159,#6160,#6161,#6162,#6163,#6164),.UNSPECIFIED.,.F.,.F.,
(4,1,1,1,1,1,1,1,1,1,1,4),(0.,0.11941280725909,0.164977786203273,0.223801848448963,
0.293403393855345,0.372324117098064,0.459574253308686,0.554425147504634,
0.656311349123882,0.764777491716952,0.879446625041151,1.),.UNSPECIFIED.);
#137=B_SPLINE_CURVE_WITH_KNOTS('',3,(#6165,#6166,#6167,#6168,#6169,#6170,
#6171,#6172,#6173,#6174,#6175,#6176,#6177,#6178),.UNSPECIFIED.,.F.,.F.,
(4,1,1,1,1,1,1,1,1,1,1,4),(0.,0.11941280725909,0.164977786203273,0.223801848448963,
0.293403393855345,0.372324117098064,0.459574253308686,0.554425147504634,
0.656311349123882,0.764777491716952,0.879446625041151,1.),.UNSPECIFIED.);
#138=B_SPLINE_CURVE_WITH_KNOTS('',3,(#6186,#6187,#6188,#6189,#6190,#6191,
#6192,#6193,#6194,#6195,#6196,#6197,#6198,#6199),.UNSPECIFIED.,.F.,.F.,
(4,1,1,1,1,1,1,1,1,1,1,4),(0.,0.11941280725909,0.164977786203273,0.223801848448963,
0.293403393855345,0.372324117098064,0.459574253308686,0.554425147504634,
0.656311349123882,0.764777491716952,0.879446625041151,1.),.UNSPECIFIED.);
#139=B_SPLINE_CURVE_WITH_KNOTS('',3,(#6200,#6201,#6202,#6203,#6204,#6205,
#6206,#6207,#6208,#6209,#6210,#6211,#6212,#6213),.UNSPECIFIED.,.F.,.F.,
(4,1,1,1,1,1,1,1,1,1,1,4),(0.,0.11941280725909,0.164977786203273,0.223801848448963,
0.293403393855345,0.372324117098064,0.459574253308686,0.554425147504634,
0.656311349123882,0.764777491716952,0.879446625041151,1.),.UNSPECIFIED.);
#140=B_SPLINE_CURVE_WITH_KNOTS('',3,(#6221,#6222,#6223,#6224,#6225,#6226,
#6227,#6228,#6229,#6230,#6231,#6232,#6233,#6234),.UNSPECIFIED.,.F.,.F.,
(4,1,1,1,1,1,1,1,1,1,1,4),(0.,0.11941280725909,0.164977786203273,0.223801848448963,
0.293403393855345,0.372324117098064,0.459574253308686,0.554425147504634,
0.656311349123882,0.764777491716952,0.879446625041151,1.),.UNSPECIFIED.);
#141=B_SPLINE_CURVE_WITH_KNOTS('',3,(#6235,#6236,#6237,#6238,#6239,#6240,
#6241,#6242,#6243,#6244,#6245,#6246,#6247,#6248),.UNSPECIFIED.,.F.,.F.,
(4,1,1,1,1,1,1,1,1,1,1,4),(0.,0.11941280725909,0.164977786203273,0.223801848448963,
0.293403393855345,0.372324117098064,0.459574253308686,0.554425147504634,
0.656311349123882,0.764777491716952,0.879446625041151,1.),.UNSPECIFIED.);
#142=B_SPLINE_CURVE_WITH_KNOTS('',3,(#6256,#6257,#6258,#6259,#6260,#6261,
#6262,#6263,#6264,#6265,#6266,#6267,#6268,#6269),.UNSPECIFIED.,.F.,.F.,
(4,1,1,1,1,1,1,1,1,1,1,4),(0.,0.11941280725909,0.164977786203273,0.223801848448963,
0.293403393855345,0.372324117098064,0.459574253308686,0.554425147504634,
0.656311349123882,0.764777491716952,0.879446625041151,1.),.UNSPECIFIED.);
#143=B_SPLINE_CURVE_WITH_KNOTS('',3,(#6270,#6271,#6272,#6273,#6274,#6275,
#6276,#6277,#6278,#6279,#6280,#6281,#6282,#6283),.UNSPECIFIED.,.F.,.F.,
(4,1,1,1,1,1,1,1,1,1,1,4),(0.,0.11941280725909,0.164977786203273,0.223801848448963,
0.293403393855345,0.372324117098064,0.459574253308686,0.554425147504634,
0.656311349123882,0.764777491716952,0.879446625041151,1.),.UNSPECIFIED.);
#144=B_SPLINE_CURVE_WITH_KNOTS('',3,(#6291,#6292,#6293,#6294,#6295,#6296,
#6297,#6298,#6299,#6300,#6301,#6302,#6303,#6304),.UNSPECIFIED.,.F.,.F.,
(4,1,1,1,1,1,1,1,1,1,1,4),(0.,0.11941280725909,0.164977786203273,0.223801848448963,
0.293403393855345,0.372324117098064,0.459574253308686,0.554425147504634,
0.656311349123882,0.764777491716952,0.879446625041151,1.),.UNSPECIFIED.);
#145=B_SPLINE_CURVE_WITH_KNOTS('',3,(#6305,#6306,#6307,#6308,#6309,#6310,
#6311,#6312,#6313,#6314,#6315,#6316,#6317,#6318),.UNSPECIFIED.,.F.,.F.,
(4,1,1,1,1,1,1,1,1,1,1,4),(0.,0.11941280725909,0.164977786203273,0.223801848448963,
0.293403393855345,0.372324117098064,0.459574253308686,0.554425147504634,
0.656311349123882,0.764777491716952,0.879446625041151,1.),.UNSPECIFIED.);
#146=B_SPLINE_CURVE_WITH_KNOTS('',3,(#6326,#6327,#6328,#6329,#6330,#6331,
#6332,#6333,#6334,#6335,#6336,#6337,#6338,#6339),.UNSPECIFIED.,.F.,.F.,
(4,1,1,1,1,1,1,1,1,1,1,4),(0.,0.11941280725909,0.164977786203273,0.223801848448963,
0.293403393855345,0.372324117098064,0.459574253308686,0.554425147504634,
0.656311349123882,0.764777491716952,0.879446625041151,1.),.UNSPECIFIED.);
#147=B_SPLINE_CURVE_WITH_KNOTS('',3,(#6340,#6341,#6342,#6343,#6344,#6345,
#6346,#6347,#6348,#6349,#6350,#6351,#6352,#6353),.UNSPECIFIED.,.F.,.F.,
(4,1,1,1,1,1,1,1,1,1,1,4),(0.,0.11941280725909,0.164977786203273,0.223801848448963,
0.293403393855345,0.372324117098064,0.459574253308686,0.554425147504634,
0.656311349123882,0.764777491716952,0.879446625041151,1.),.UNSPECIFIED.);
#148=B_SPLINE_CURVE_WITH_KNOTS('',3,(#6361,#6362,#6363,#6364,#6365,#6366,
#6367,#6368,#6369,#6370,#6371,#6372,#6373,#6374),.UNSPECIFIED.,.F.,.F.,
(4,1,1,1,1,1,1,1,1,1,1,4),(0.,0.11941280725909,0.164977786203273,0.223801848448963,
0.293403393855345,0.372324117098064,0.459574253308686,0.554425147504634,
0.656311349123882,0.764777491716952,0.879446625041151,1.),.UNSPECIFIED.);
#149=B_SPLINE_CURVE_WITH_KNOTS('',3,(#6375,#6376,#6377,#6378,#6379,#6380,
#6381,#6382,#6383,#6384,#6385,#6386,#6387,#6388),.UNSPECIFIED.,.F.,.F.,
(4,1,1,1,1,1,1,1,1,1,1,4),(0.,0.11941280725909,0.164977786203273,0.223801848448963,
0.293403393855345,0.372324117098064,0.459574253308686,0.554425147504634,
0.656311349123882,0.764777491716952,0.879446625041151,1.),.UNSPECIFIED.);
#150=B_SPLINE_CURVE_WITH_KNOTS('',3,(#6396,#6397,#6398,#6399,#6400,#6401,
#6402,#6403,#6404,#6405,#6406,#6407,#6408,#6409),.UNSPECIFIED.,.F.,.F.,
(4,1,1,1,1,1,1,1,1,1,1,4),(0.,0.11941280725909,0.164977786203273,0.223801848448963,
0.293403393855345,0.372324117098064,0.459574253308686,0.554425147504634,
0.656311349123882,0.764777491716952,0.879446625041151,1.),.UNSPECIFIED.);
#151=B_SPLINE_CURVE_WITH_KNOTS('',3,(#6410,#6411,#6412,#6413,#6414,#6415,
#6416,#6417,#6418,#6419,#6420,#6421,#6422,#6423),.UNSPECIFIED.,.F.,.F.,
(4,1,1,1,1,1,1,1,1,1,1,4),(0.,0.11941280725909,0.164977786203273,0.223801848448963,
0.293403393855345,0.372324117098064,0.459574253308686,0.554425147504634,
0.656311349123882,0.764777491716952,0.879446625041151,1.),.UNSPECIFIED.);
#152=B_SPLINE_CURVE_WITH_KNOTS('',3,(#6431,#6432,#6433,#6434,#6435,#6436,
#6437,#6438,#6439,#6440,#6441,#6442,#6443,#6444),.UNSPECIFIED.,.F.,.F.,
(4,1,1,1,1,1,1,1,1,1,1,4),(0.,0.11941280725909,0.164977786203273,0.223801848448963,
0.293403393855345,0.372324117098064,0.459574253308686,0.554425147504634,
0.656311349123882,0.764777491716952,0.879446625041151,1.),.UNSPECIFIED.);
#153=B_SPLINE_CURVE_WITH_KNOTS('',3,(#6445,#6446,#6447,#6448,#6449,#6450,
#6451,#6452,#6453,#6454,#6455,#6456,#6457,#6458),.UNSPECIFIED.,.F.,.F.,
(4,1,1,1,1,1,1,1,1,1,1,4),(0.,0.11941280725909,0.164977786203273,0.223801848448963,
0.293403393855345,0.372324117098064,0.459574253308686,0.554425147504634,
0.656311349123882,0.764777491716952,0.879446625041151,1.),.UNSPECIFIED.);
#154=B_SPLINE_CURVE_WITH_KNOTS('',3,(#6466,#6467,#6468,#6469,#6470,#6471,
#6472,#6473,#6474,#6475,#6476,#6477,#6478,#6479),.UNSPECIFIED.,.F.,.F.,
(4,1,1,1,1,1,1,1,1,1,1,4),(0.,0.11941280725909,0.164977786203273,0.223801848448963,
0.293403393855345,0.372324117098064,0.459574253308686,0.554425147504634,
0.656311349123882,0.764777491716952,0.879446625041151,1.),.UNSPECIFIED.);
#155=B_SPLINE_CURVE_WITH_KNOTS('',3,(#6480,#6481,#6482,#6483,#6484,#6485,
#6486,#6487,#6488,#6489,#6490,#6491,#6492,#6493),.UNSPECIFIED.,.F.,.F.,
(4,1,1,1,1,1,1,1,1,1,1,4),(0.,0.11941280725909,0.164977786203273,0.223801848448963,
0.293403393855345,0.372324117098064,0.459574253308686,0.554425147504634,
0.656311349123882,0.764777491716952,0.879446625041151,1.),.UNSPECIFIED.);
#156=B_SPLINE_CURVE_WITH_KNOTS('',3,(#6501,#6502,#6503,#6504,#6505,#6506,
#6507,#6508,#6509,#6510,#6511,#6512,#6513,#6514),.UNSPECIFIED.,.F.,.F.,
(4,1,1,1,1,1,1,1,1,1,1,4),(0.,0.11941280725909,0.164977786203273,0.223801848448963,
0.293403393855345,0.372324117098064,0.459574253308686,0.554425147504634,
0.656311349123882,0.764777491716952,0.879446625041151,1.),.UNSPECIFIED.);
#157=B_SPLINE_CURVE_WITH_KNOTS('',3,(#6515,#6516,#6517,#6518,#6519,#6520,
#6521,#6522,#6523,#6524,#6525,#6526,#6527,#6528),.UNSPECIFIED.,.F.,.F.,
(4,1,1,1,1,1,1,1,1,1,1,4),(0.,0.11941280725909,0.164977786203273,0.223801848448963,
0.293403393855345,0.372324117098064,0.459574253308686,0.554425147504634,
0.656311349123882,0.764777491716952,0.879446625041151,1.),.UNSPECIFIED.);
#158=B_SPLINE_CURVE_WITH_KNOTS('',3,(#6536,#6537,#6538,#6539,#6540,#6541,
#6542,#6543,#6544,#6545,#6546,#6547,#6548,#6549),.UNSPECIFIED.,.F.,.F.,
(4,1,1,1,1,1,1,1,1,1,1,4),(0.,0.11941280725909,0.164977786203273,0.223801848448963,
0.293403393855345,0.372324117098064,0.459574253308686,0.554425147504634,
0.656311349123882,0.764777491716952,0.879446625041151,1.),.UNSPECIFIED.);
#159=B_SPLINE_CURVE_WITH_KNOTS('',3,(#6550,#6551,#6552,#6553,#6554,#6555,
#6556,#6557,#6558,#6559,#6560,#6561,#6562,#6563),.UNSPECIFIED.,.F.,.F.,
(4,1,1,1,1,1,1,1,1,1,1,4),(0.,0.11941280725909,0.164977786203273,0.223801848448963,
0.293403393855345,0.372324117098064,0.459574253308686,0.554425147504634,
0.656311349123882,0.764777491716952,0.879446625041151,1.),.UNSPECIFIED.);
#160=B_SPLINE_CURVE_WITH_KNOTS('',3,(#6571,#6572,#6573,#6574,#6575,#6576,
#6577,#6578,#6579,#6580,#6581,#6582,#6583,#6584),.UNSPECIFIED.,.F.,.F.,
(4,1,1,1,1,1,1,1,1,1,1,4),(0.,0.11941280725909,0.164977786203273,0.223801848448963,
0.293403393855345,0.372324117098064,0.459574253308686,0.554425147504634,
0.656311349123882,0.764777491716952,0.879446625041151,1.),.UNSPECIFIED.);
#161=B_SPLINE_CURVE_WITH_KNOTS('',3,(#6585,#6586,#6587,#6588,#6589,#6590,
#6591,#6592,#6593,#6594,#6595,#6596,#6597,#6598),.UNSPECIFIED.,.F.,.F.,
(4,1,1,1,1,1,1,1,1,1,1,4),(0.,0.11941280725909,0.164977786203273,0.223801848448963,
0.293403393855345,0.372324117098064,0.459574253308686,0.554425147504634,
0.656311349123882,0.764777491716952,0.879446625041151,1.),.UNSPECIFIED.);
#162=B_SPLINE_CURVE_WITH_KNOTS('',3,(#6606,#6607,#6608,#6609,#6610,#6611,
#6612,#6613,#6614,#6615,#6616,#6617,#6618,#6619),.UNSPECIFIED.,.F.,.F.,
(4,1,1,1,1,1,1,1,1,1,1,4),(0.,0.11941280725909,0.164977786203273,0.223801848448963,
0.293403393855345,0.372324117098064,0.459574253308686,0.554425147504634,
0.656311349123882,0.764777491716952,0.879446625041151,1.),.UNSPECIFIED.);
#163=B_SPLINE_CURVE_WITH_KNOTS('',3,(#6620,#6621,#6622,#6623,#6624,#6625,
#6626,#6627,#6628,#6629,#6630,#6631,#6632,#6633),.UNSPECIFIED.,.F.,.F.,
(4,1,1,1,1,1,1,1,1,1,1,4),(0.,0.11941280725909,0.164977786203273,0.223801848448963,
0.293403393855345,0.372324117098064,0.459574253308686,0.554425147504634,
0.656311349123882,0.764777491716952,0.879446625041151,1.),.UNSPECIFIED.);
#164=B_SPLINE_CURVE_WITH_KNOTS('',3,(#6641,#6642,#6643,#6644,#6645,#6646,
#6647,#6648,#6649,#6650,#6651,#6652,#6653,#6654),.UNSPECIFIED.,.F.,.F.,
(4,1,1,1,1,1,1,1,1,1,1,4),(0.,0.11941280725909,0.164977786203273,0.223801848448963,
0.293403393855345,0.372324117098064,0.459574253308686,0.554425147504634,
0.656311349123882,0.764777491716952,0.879446625041151,1.),.UNSPECIFIED.);
#165=B_SPLINE_CURVE_WITH_KNOTS('',3,(#6655,#6656,#6657,#6658,#6659,#6660,
#6661,#6662,#6663,#6664,#6665,#6666,#6667,#6668),.UNSPECIFIED.,.F.,.F.,
(4,1,1,1,1,1,1,1,1,1,1,4),(0.,0.11941280725909,0.164977786203273,0.223801848448963,
0.293403393855345,0.372324117098064,0.459574253308686,0.554425147504634,
0.656311349123882,0.764777491716952,0.879446625041151,1.),.UNSPECIFIED.);
#166=B_SPLINE_CURVE_WITH_KNOTS('',3,(#6676,#6677,#6678,#6679,#6680,#6681,
#6682,#6683,#6684,#6685,#6686,#6687,#6688,#6689),.UNSPECIFIED.,.F.,.F.,
(4,1,1,1,1,1,1,1,1,1,1,4),(0.,0.11941280725909,0.164977786203273,0.223801848448963,
0.293403393855345,0.372324117098064,0.459574253308686,0.554425147504634,
0.656311349123882,0.764777491716952,0.879446625041151,1.),.UNSPECIFIED.);
#167=B_SPLINE_CURVE_WITH_KNOTS('',3,(#6690,#6691,#6692,#6693,#6694,#6695,
#6696,#6697,#6698,#6699,#6700,#6701,#6702,#6703),.UNSPECIFIED.,.F.,.F.,
(4,1,1,1,1,1,1,1,1,1,1,4),(0.,0.11941280725909,0.164977786203273,0.223801848448963,
0.293403393855345,0.372324117098064,0.459574253308686,0.554425147504634,
0.656311349123882,0.764777491716952,0.879446625041151,1.),.UNSPECIFIED.);
#168=B_SPLINE_CURVE_WITH_KNOTS('',3,(#6711,#6712,#6713,#6714,#6715,#6716,
#6717,#6718,#6719,#6720,#6721,#6722,#6723,#6724),.UNSPECIFIED.,.F.,.F.,
(4,1,1,1,1,1,1,1,1,1,1,4),(0.,0.11941280725909,0.164977786203273,0.223801848448963,
0.293403393855345,0.372324117098064,0.459574253308686,0.554425147504634,
0.656311349123882,0.764777491716952,0.879446625041151,1.),.UNSPECIFIED.);
#169=B_SPLINE_CURVE_WITH_KNOTS('',3,(#6725,#6726,#6727,#6728,#6729,#6730,
#6731,#6732,#6733,#6734,#6735,#6736,#6737,#6738),.UNSPECIFIED.,.F.,.F.,
(4,1,1,1,1,1,1,1,1,1,1,4),(0.,0.11941280725909,0.164977786203273,0.223801848448963,
0.293403393855345,0.372324117098064,0.459574253308686,0.554425147504634,
0.656311349123882,0.764777491716952,0.879446625041151,1.),.UNSPECIFIED.);
#170=B_SPLINE_CURVE_WITH_KNOTS('',3,(#6746,#6747,#6748,#6749,#6750,#6751,
#6752,#6753,#6754,#6755,#6756,#6757,#6758,#6759),.UNSPECIFIED.,.F.,.F.,
(4,1,1,1,1,1,1,1,1,1,1,4),(0.,0.11941280725909,0.164977786203273,0.223801848448963,
0.293403393855345,0.372324117098064,0.459574253308686,0.554425147504634,
0.656311349123882,0.764777491716952,0.879446625041151,1.),.UNSPECIFIED.);
#171=B_SPLINE_CURVE_WITH_KNOTS('',3,(#6760,#6761,#6762,#6763,#6764,#6765,
#6766,#6767,#6768,#6769,#6770,#6771,#6772,#6773),.UNSPECIFIED.,.F.,.F.,
(4,1,1,1,1,1,1,1,1,1,1,4),(0.,0.11941280725909,0.164977786203273,0.223801848448963,
0.293403393855345,0.372324117098064,0.459574253308686,0.554425147504634,
0.656311349123882,0.764777491716952,0.879446625041151,1.),.UNSPECIFIED.);
#172=B_SPLINE_CURVE_WITH_KNOTS('',3,(#6781,#6782,#6783,#6784,#6785,#6786,
#6787,#6788,#6789,#6790,#6791,#6792,#6793,#6794),.UNSPECIFIED.,.F.,.F.,
(4,1,1,1,1,1,1,1,1,1,1,4),(0.,0.11941280725909,0.164977786203273,0.223801848448963,
0.293403393855345,0.372324117098064,0.459574253308686,0.554425147504634,
0.656311349123882,0.764777491716952,0.879446625041151,1.),.UNSPECIFIED.);
#173=B_SPLINE_CURVE_WITH_KNOTS('',3,(#6795,#6796,#6797,#6798,#6799,#6800,
#6801,#6802,#6803,#6804,#6805,#6806,#6807,#6808),.UNSPECIFIED.,.F.,.F.,
(4,1,1,1,1,1,1,1,1,1,1,4),(0.,0.11941280725909,0.164977786203273,0.223801848448963,
0.293403393855345,0.372324117098064,0.459574253308686,0.554425147504634,
0.656311349123882,0.764777491716952,0.879446625041151,1.),.UNSPECIFIED.);
#174=B_SPLINE_CURVE_WITH_KNOTS('',3,(#6816,#6817,#6818,#6819,#6820,#6821,
#6822,#6823,#6824,#6825,#6826,#6827,#6828,#6829),.UNSPECIFIED.,.F.,.F.,
(4,1,1,1,1,1,1,1,1,1,1,4),(0.,0.11941280725909,0.164977786203273,0.223801848448963,
0.293403393855345,0.372324117098064,0.459574253308686,0.554425147504634,
0.656311349123882,0.764777491716952,0.879446625041151,1.),.UNSPECIFIED.);
#175=B_SPLINE_CURVE_WITH_KNOTS('',3,(#6830,#6831,#6832,#6833,#6834,#6835,
#6836,#6837,#6838,#6839,#6840,#6841,#6842,#6843),.UNSPECIFIED.,.F.,.F.,
(4,1,1,1,1,1,1,1,1,1,1,4),(0.,0.11941280725909,0.164977786203273,0.223801848448963,
0.293403393855345,0.372324117098064,0.459574253308686,0.554425147504634,
0.656311349123882,0.764777491716952,0.879446625041151,1.),.UNSPECIFIED.);
#176=B_SPLINE_CURVE_WITH_KNOTS('',3,(#6851,#6852,#6853,#6854,#6855,#6856,
#6857,#6858,#6859,#6860,#6861,#6862,#6863,#6864),.UNSPECIFIED.,.F.,.F.,
(4,1,1,1,1,1,1,1,1,1,1,4),(0.,0.11941280725909,0.164977786203273,0.223801848448963,
0.293403393855345,0.372324117098064,0.459574253308686,0.554425147504634,
0.656311349123882,0.764777491716952,0.879446625041151,1.),.UNSPECIFIED.);
#177=B_SPLINE_CURVE_WITH_KNOTS('',3,(#6865,#6866,#6867,#6868,#6869,#6870,
#6871,#6872,#6873,#6874,#6875,#6876,#6877,#6878),.UNSPECIFIED.,.F.,.F.,
(4,1,1,1,1,1,1,1,1,1,1,4),(0.,0.11941280725909,0.164977786203273,0.223801848448963,
0.293403393855345,0.372324117098064,0.459574253308686,0.554425147504634,
0.656311349123882,0.764777491716952,0.879446625041151,1.),.UNSPECIFIED.);
#178=B_SPLINE_CURVE_WITH_KNOTS('',3,(#6886,#6887,#6888,#6889,#6890,#6891,
#6892,#6893,#6894,#6895,#6896,#6897,#6898,#6899),.UNSPECIFIED.,.F.,.F.,
(4,1,1,1,1,1,1,1,1,1,1,4),(0.,0.11941280725909,0.164977786203273,0.223801848448963,
0.293403393855345,0.372324117098064,0.459574253308686,0.554425147504634,
0.656311349123882,0.764777491716952,0.879446625041151,1.),.UNSPECIFIED.);
#179=B_SPLINE_CURVE_WITH_KNOTS('',3,(#6900,#6901,#6902,#6903,#6904,#6905,
#6906,#6907,#6908,#6909,#6910,#6911,#6912,#6913),.UNSPECIFIED.,.F.,.F.,
(4,1,1,1,1,1,1,1,1,1,1,4),(0.,0.11941280725909,0.164977786203273,0.223801848448963,
0.293403393855345,0.372324117098064,0.459574253308686,0.554425147504634,
0.656311349123882,0.764777491716952,0.879446625041151,1.),.UNSPECIFIED.);
#180=B_SPLINE_CURVE_WITH_KNOTS('',3,(#6921,#6922,#6923,#6924,#6925,#6926,
#6927,#6928,#6929,#6930,#6931,#6932,#6933,#6934),.UNSPECIFIED.,.F.,.F.,
(4,1,1,1,1,1,1,1,1,1,1,4),(0.,0.11941280725909,0.164977786203273,0.223801848448963,
0.293403393855345,0.372324117098064,0.459574253308686,0.554425147504634,
0.656311349123882,0.764777491716952,0.879446625041151,1.),.UNSPECIFIED.);
#181=B_SPLINE_CURVE_WITH_KNOTS('',3,(#6935,#6936,#6937,#6938,#6939,#6940,
#6941,#6942,#6943,#6944,#6945,#6946,#6947,#6948),.UNSPECIFIED.,.F.,.F.,
(4,1,1,1,1,1,1,1,1,1,1,4),(0.,0.11941280725909,0.164977786203273,0.223801848448963,
0.293403393855345,0.372324117098064,0.459574253308686,0.554425147504634,
0.656311349123882,0.764777491716952,0.879446625041151,1.),.UNSPECIFIED.);
#182=B_SPLINE_CURVE_WITH_KNOTS('',3,(#6956,#6957,#6958,#6959,#6960,#6961,
#6962,#6963,#6964,#6965,#6966,#6967,#6968,#6969),.UNSPECIFIED.,.F.,.F.,
(4,1,1,1,1,1,1,1,1,1,1,4),(0.,0.11941280725909,0.164977786203273,0.223801848448963,
0.293403393855345,0.372324117098064,0.459574253308686,0.554425147504634,
0.656311349123882,0.764777491716952,0.879446625041151,1.),.UNSPECIFIED.);
#183=B_SPLINE_CURVE_WITH_KNOTS('',3,(#6970,#6971,#6972,#6973,#6974,#6975,
#6976,#6977,#6978,#6979,#6980,#6981,#6982,#6983),.UNSPECIFIED.,.F.,.F.,
(4,1,1,1,1,1,1,1,1,1,1,4),(0.,0.11941280725909,0.164977786203273,0.223801848448963,
0.293403393855345,0.372324117098064,0.459574253308686,0.554425147504634,
0.656311349123882,0.764777491716952,0.879446625041151,1.),.UNSPECIFIED.);
#184=B_SPLINE_CURVE_WITH_KNOTS('',3,(#6991,#6992,#6993,#6994,#6995,#6996,
#6997,#6998,#6999,#7000,#7001,#7002,#7003,#7004),.UNSPECIFIED.,.F.,.F.,
(4,1,1,1,1,1,1,1,1,1,1,4),(0.,0.11941280725909,0.164977786203273,0.223801848448963,
0.293403393855345,0.372324117098064,0.459574253308686,0.554425147504634,
0.656311349123882,0.764777491716952,0.879446625041151,1.),.UNSPECIFIED.);
#185=B_SPLINE_CURVE_WITH_KNOTS('',3,(#7005,#7006,#7007,#7008,#7009,#7010,
#7011,#7012,#7013,#7014,#7015,#7016,#7017,#7018),.UNSPECIFIED.,.F.,.F.,
(4,1,1,1,1,1,1,1,1,1,1,4),(0.,0.11941280725909,0.164977786203273,0.223801848448963,
0.293403393855345,0.372324117098064,0.459574253308686,0.554425147504634,
0.656311349123882,0.764777491716952,0.879446625041151,1.),.UNSPECIFIED.);
#186=B_SPLINE_CURVE_WITH_KNOTS('',3,(#7026,#7027,#7028,#7029,#7030,#7031,
#7032,#7033,#7034,#7035,#7036,#7037,#7038,#7039),.UNSPECIFIED.,.F.,.F.,
(4,1,1,1,1,1,1,1,1,1,1,4),(0.,0.11941280725909,0.164977786203273,0.223801848448963,
0.293403393855345,0.372324117098064,0.459574253308686,0.554425147504634,
0.656311349123882,0.764777491716952,0.879446625041151,1.),.UNSPECIFIED.);
#187=B_SPLINE_CURVE_WITH_KNOTS('',3,(#7040,#7041,#7042,#7043,#7044,#7045,
#7046,#7047,#7048,#7049,#7050,#7051,#7052,#7053),.UNSPECIFIED.,.F.,.F.,
(4,1,1,1,1,1,1,1,1,1,1,4),(0.,0.11941280725909,0.164977786203273,0.223801848448963,
0.293403393855345,0.372324117098064,0.459574253308686,0.554425147504634,
0.656311349123882,0.764777491716952,0.879446625041151,1.),.UNSPECIFIED.);
#188=B_SPLINE_CURVE_WITH_KNOTS('',3,(#7061,#7062,#7063,#7064,#7065,#7066,
#7067,#7068,#7069,#7070,#7071,#7072,#7073,#7074),.UNSPECIFIED.,.F.,.F.,
(4,1,1,1,1,1,1,1,1,1,1,4),(0.,0.11941280725909,0.164977786203273,0.223801848448963,
0.293403393855345,0.372324117098064,0.459574253308686,0.554425147504634,
0.656311349123882,0.764777491716952,0.879446625041151,1.),.UNSPECIFIED.);
#189=B_SPLINE_CURVE_WITH_KNOTS('',3,(#7075,#7076,#7077,#7078,#7079,#7080,
#7081,#7082,#7083,#7084,#7085,#7086,#7087,#7088),.UNSPECIFIED.,.F.,.F.,
(4,1,1,1,1,1,1,1,1,1,1,4),(0.,0.11941280725909,0.164977786203273,0.223801848448963,
0.293403393855345,0.372324117098064,0.459574253308686,0.554425147504634,
0.656311349123882,0.764777491716952,0.879446625041151,1.),.UNSPECIFIED.);
#190=B_SPLINE_CURVE_WITH_KNOTS('',3,(#7096,#7097,#7098,#7099,#7100,#7101,
#7102,#7103,#7104,#7105,#7106,#7107,#7108,#7109),.UNSPECIFIED.,.F.,.F.,
(4,1,1,1,1,1,1,1,1,1,1,4),(0.,0.11941280725909,0.164977786203273,0.223801848448963,
0.293403393855345,0.372324117098064,0.459574253308686,0.554425147504634,
0.656311349123882,0.764777491716952,0.879446625041151,1.),.UNSPECIFIED.);
#191=B_SPLINE_CURVE_WITH_KNOTS('',3,(#7110,#7111,#7112,#7113,#7114,#7115,
#7116,#7117,#7118,#7119,#7120,#7121,#7122,#7123),.UNSPECIFIED.,.F.,.F.,
(4,1,1,1,1,1,1,1,1,1,1,4),(0.,0.11941280725909,0.164977786203273,0.223801848448963,
0.293403393855345,0.372324117098064,0.459574253308686,0.554425147504634,
0.656311349123882,0.764777491716952,0.879446625041151,1.),.UNSPECIFIED.);
#192=PLANE('',#3560);
#193=PLANE('',#3657);
#194=CIRCLE('',#3474,0.0376);
#195=CIRCLE('',#3475,0.0376);
#196=CIRCLE('',#3477,0.0376);
#197=CIRCLE('',#3478,0.0376);
#198=CIRCLE('',#3480,0.0376);
#199=CIRCLE('',#3481,0.0376);
#200=CIRCLE('',#3483,0.0376);
#201=CIRCLE('',#3484,0.0376);
#202=CIRCLE('',#3486,0.0376);
#203=CIRCLE('',#3487,0.0376);
#204=CIRCLE('',#3489,0.0376);
#205=CIRCLE('',#3490,0.0376);
#206=CIRCLE('',#3492,0.0376);
#207=CIRCLE('',#3493,0.0376);
#208=CIRCLE('',#3495,0.0376);
#209=CIRCLE('',#3496,0.0376);
#210=CIRCLE('',#3498,0.0376);
#211=CIRCLE('',#3499,0.0376);
#212=CIRCLE('',#3501,0.0376);
#213=CIRCLE('',#3502,0.0376);
#214=CIRCLE('',#3504,0.0376);
#215=CIRCLE('',#3505,0.0376);
#216=CIRCLE('',#3507,0.0376);
#217=CIRCLE('',#3508,0.0376);
#218=CIRCLE('',#3510,0.0376);
#219=CIRCLE('',#3511,0.0376);
#220=CIRCLE('',#3513,0.0376);
#221=CIRCLE('',#3514,0.0376);
#222=CIRCLE('',#3516,0.0376);
#223=CIRCLE('',#3517,0.0376);
#224=CIRCLE('',#3519,0.0376);
#225=CIRCLE('',#3520,0.0376);
#226=CIRCLE('',#3522,0.0376);
#227=CIRCLE('',#3523,0.0376);
#228=CIRCLE('',#3525,0.0376);
#229=CIRCLE('',#3526,0.0376);
#230=CIRCLE('',#3528,0.0376);
#231=CIRCLE('',#3529,0.0376);
#232=CIRCLE('',#3531,0.0376);
#233=CIRCLE('',#3532,0.0376);
#234=CIRCLE('',#3534,0.0376);
#235=CIRCLE('',#3535,0.0376);
#236=CIRCLE('',#3537,0.0376);
#237=CIRCLE('',#3538,0.0376);
#238=CIRCLE('',#3540,0.0376);
#239=CIRCLE('',#3541,0.0376);
#240=CIRCLE('',#3543,0.0376);
#241=CIRCLE('',#3544,0.0376);
#242=CIRCLE('',#3546,0.0376);
#243=CIRCLE('',#3547,0.0376);
#244=CIRCLE('',#3549,0.0376);
#245=CIRCLE('',#3550,0.0376);
#246=CIRCLE('',#3552,0.0376);
#247=CIRCLE('',#3553,0.0376);
#248=CIRCLE('',#3555,0.0376);
#249=CIRCLE('',#3556,0.0376);
#250=CIRCLE('',#3558,0.0376);
#251=CIRCLE('',#3559,0.0376);
#252=CIRCLE('',#3561,0.0036);
#253=CIRCLE('',#3562,0.000863944219777317);
#254=CIRCLE('',#3563,0.000863944219777317);
#255=CIRCLE('',#3564,0.0323125);
#256=CIRCLE('',#3565,0.000863944219777317);
#257=CIRCLE('',#3566,0.000863944219777317);
#258=CIRCLE('',#3567,0.0323125);
#259=CIRCLE('',#3568,0.000863944219777317);
#260=CIRCLE('',#3569,0.000863944219777317);
#261=CIRCLE('',#3570,0.0323125);
#262=CIRCLE('',#3571,0.000863944219777317);
#263=CIRCLE('',#3572,0.000863944219777317);
#264=CIRCLE('',#3573,0.0323125);
#265=CIRCLE('',#3574,0.000863944219777317);
#266=CIRCLE('',#3575,0.000863944219777317);
#267=CIRCLE('',#3576,0.0323125);
#268=CIRCLE('',#3577,0.000863944219777317);
#269=CIRCLE('',#3578,0.000863944219777317);
#270=CIRCLE('',#3579,0.0323125);
#271=CIRCLE('',#3580,0.000863944219777317);
#272=CIRCLE('',#3581,0.000863944219777317);
#273=CIRCLE('',#3582,0.0323125);
#274=CIRCLE('',#3583,0.000863944219777317);
#275=CIRCLE('',#3584,0.000863944219777317);
#276=CIRCLE('',#3585,0.0323125);
#277=CIRCLE('',#3586,0.000863944219777317);
#278=CIRCLE('',#3587,0.000863944219777317);
#279=CIRCLE('',#3588,0.0323125);
#280=CIRCLE('',#3589,0.000863944219777317);
#281=CIRCLE('',#3590,0.000863944219777317);
#282=CIRCLE('',#3591,0.0323125);
#283=CIRCLE('',#3592,0.000863944219777317);
#284=CIRCLE('',#3593,0.000863944219777317);
#285=CIRCLE('',#3594,0.0323125);
#286=CIRCLE('',#3595,0.000863944219777317);
#287=CIRCLE('',#3596,0.000863944219777317);
#288=CIRCLE('',#3597,0.0323125);
#289=CIRCLE('',#3598,0.000863944219777317);
#290=CIRCLE('',#3599,0.000863944219777317);
#291=CIRCLE('',#3600,0.0323125);
#292=CIRCLE('',#3601,0.000863944219777317);
#293=CIRCLE('',#3602,0.000863944219777317);
#294=CIRCLE('',#3603,0.0323125);
#295=CIRCLE('',#3604,0.000863944219777317);
#296=CIRCLE('',#3605,0.000863944219777317);
#297=CIRCLE('',#3606,0.0323125);
#298=CIRCLE('',#3607,0.000863944219777317);
#299=CIRCLE('',#3608,0.000863944219777317);
#300=CIRCLE('',#3609,0.0323125);
#301=CIRCLE('',#3610,0.000863944219777317);
#302=CIRCLE('',#3611,0.000863944219777317);
#303=CIRCLE('',#3612,0.0323125);
#304=CIRCLE('',#3613,0.000863944219777317);
#305=CIRCLE('',#3614,0.000863944219777317);
#306=CIRCLE('',#3615,0.0323125);
#307=CIRCLE('',#3616,0.000863944219777317);
#308=CIRCLE('',#3617,0.000863944219777317);
#309=CIRCLE('',#3618,0.0323125);
#310=CIRCLE('',#3619,0.000863944219777317);
#311=CIRCLE('',#3620,0.000863944219777317);
#312=CIRCLE('',#3621,0.0323125);
#313=CIRCLE('',#3622,0.000863944219777317);
#314=CIRCLE('',#3623,0.000863944219777317);
#315=CIRCLE('',#3624,0.0323125);
#316=CIRCLE('',#3625,0.000863944219777317);
#317=CIRCLE('',#3626,0.0376);
#318=CIRCLE('',#3627,0.000863944219777317);
#319=CIRCLE('',#3628,0.0323125);
#320=CIRCLE('',#3629,0.000863944219777317);
#321=CIRCLE('',#3630,0.000863944219777317);
#322=CIRCLE('',#3631,0.0323125);
#323=CIRCLE('',#3632,0.000863944219777317);
#324=CIRCLE('',#3633,0.000863944219777317);
#325=CIRCLE('',#3634,0.0323125);
#326=CIRCLE('',#3635,0.000863944219777317);
#327=CIRCLE('',#3636,0.000863944219777317);
#328=CIRCLE('',#3637,0.0323125);
#329=CIRCLE('',#3638,0.000863944219777317);
#330=CIRCLE('',#3639,0.000863944219777317);
#331=CIRCLE('',#3640,0.0323125);
#332=CIRCLE('',#3641,0.000863944219777317);
#333=CIRCLE('',#3642,0.000863944219777317);
#334=CIRCLE('',#3643,0.0323125);
#335=CIRCLE('',#3644,0.000863944219777317);
#336=CIRCLE('',#3645,0.000863944219777317);
#337=CIRCLE('',#3646,0.0323125);
#338=CIRCLE('',#3647,0.000863944219777317);
#339=CIRCLE('',#3648,0.000863944219777317);
#340=CIRCLE('',#3649,0.0323125);
#341=CIRCLE('',#3650,0.000863944219777317);
#342=CIRCLE('',#3651,0.000863944219777317);
#343=CIRCLE('',#3652,0.0323125);
#344=CIRCLE('',#3654,0.0036);
#345=CIRCLE('',#3656,0.0376);
#346=CIRCLE('',#3658,0.000863944219777317);
#347=CIRCLE('',#3659,0.000863944219777317);
#348=CIRCLE('',#3660,0.0323125);
#349=CIRCLE('',#3661,0.000863944219777317);
#350=CIRCLE('',#3662,0.000863944219777317);
#351=CIRCLE('',#3663,0.0323125);
#352=CIRCLE('',#3664,0.000863944219777317);
#353=CIRCLE('',#3665,0.000863944219777317);
#354=CIRCLE('',#3666,0.0323125);
#355=CIRCLE('',#3667,0.000863944219777317);
#356=CIRCLE('',#3668,0.000863944219777317);
#357=CIRCLE('',#3669,0.0323125);
#358=CIRCLE('',#3670,0.000863944219777317);
#359=CIRCLE('',#3671,0.000863944219777317);
#360=CIRCLE('',#3672,0.0323125);
#361=CIRCLE('',#3673,0.000863944219777317);
#362=CIRCLE('',#3674,0.000863944219777317);
#363=CIRCLE('',#3675,0.0323125);
#364=CIRCLE('',#3676,0.000863944219777317);
#365=CIRCLE('',#3677,0.000863944219777317);
#366=CIRCLE('',#3678,0.0323125);
#367=CIRCLE('',#3679,0.000863944219777317);
#368=CIRCLE('',#3680,0.000863944219777317);
#369=CIRCLE('',#3681,0.0323125);
#370=CIRCLE('',#3682,0.000863944219777317);
#371=CIRCLE('',#3683,0.000863944219777317);
#372=CIRCLE('',#3684,0.0323125);
#373=CIRCLE('',#3685,0.000863944219777317);
#374=CIRCLE('',#3686,0.000863944219777317);
#375=CIRCLE('',#3687,0.0323125);
#376=CIRCLE('',#3688,0.000863944219777317);
#377=CIRCLE('',#3689,0.000863944219777317);
#378=CIRCLE('',#3690,0.0323125);
#379=CIRCLE('',#3691,0.000863944219777317);
#380=CIRCLE('',#3692,0.000863944219777317);
#381=CIRCLE('',#3693,0.0323125);
#382=CIRCLE('',#3694,0.000863944219777317);
#383=CIRCLE('',#3695,0.000863944219777317);
#384=CIRCLE('',#3696,0.0323125);
#385=CIRCLE('',#3697,0.000863944219777317);
#386=CIRCLE('',#3698,0.000863944219777317);
#387=CIRCLE('',#3699,0.0323125);
#388=CIRCLE('',#3700,0.000863944219777317);
#389=CIRCLE('',#3701,0.000863944219777317);
#390=CIRCLE('',#3702,0.0323125);
#391=CIRCLE('',#3703,0.000863944219777317);
#392=CIRCLE('',#3704,0.000863944219777317);
#393=CIRCLE('',#3705,0.0323125);
#394=CIRCLE('',#3706,0.000863944219777317);
#395=CIRCLE('',#3707,0.000863944219777317);
#396=CIRCLE('',#3708,0.0323125);
#397=CIRCLE('',#3709,0.000863944219777317);
#398=CIRCLE('',#3710,0.000863944219777317);
#399=CIRCLE('',#3711,0.0323125);
#400=CIRCLE('',#3712,0.000863944219777317);
#401=CIRCLE('',#3713,0.000863944219777317);
#402=CIRCLE('',#3714,0.0323125);
#403=CIRCLE('',#3715,0.000863944219777317);
#404=CIRCLE('',#3716,0.000863944219777317);
#405=CIRCLE('',#3717,0.0323125);
#406=CIRCLE('',#3718,0.000863944219777317);
#407=CIRCLE('',#3719,0.000863944219777317);
#408=CIRCLE('',#3720,0.0323125);
#409=CIRCLE('',#3721,0.000863944219777317);
#410=CIRCLE('',#3722,0.000863944219777317);
#411=CIRCLE('',#3723,0.0323125);
#412=CIRCLE('',#3724,0.000863944219777317);
#413=CIRCLE('',#3725,0.000863944219777317);
#414=CIRCLE('',#3726,0.0323125);
#415=CIRCLE('',#3727,0.000863944219777317);
#416=CIRCLE('',#3728,0.000863944219777317);
#417=CIRCLE('',#3729,0.0323125);
#418=CIRCLE('',#3730,0.000863944219777317);
#419=CIRCLE('',#3731,0.000863944219777317);
#420=CIRCLE('',#3732,0.0323125);
#421=CIRCLE('',#3733,0.000863944219777317);
#422=CIRCLE('',#3734,0.000863944219777317);
#423=CIRCLE('',#3735,0.0323125);
#424=CIRCLE('',#3736,0.000863944219777317);
#425=CIRCLE('',#3737,0.000863944219777317);
#426=CIRCLE('',#3738,0.0323125);
#427=CIRCLE('',#3739,0.000863944219777317);
#428=CIRCLE('',#3740,0.000863944219777317);
#429=CIRCLE('',#3741,0.0323125);
#430=CIRCLE('',#3742,0.000863944219777317);
#431=CIRCLE('',#3743,0.000863944219777317);
#432=CIRCLE('',#3744,0.0323125);
#433=CIRCLE('',#3745,0.000863944219777317);
#434=CIRCLE('',#3746,0.000863944219777317);
#435=CIRCLE('',#3747,0.0323125);
#436=ORIENTED_EDGE('',*,*,#1520,.F.);
#437=ORIENTED_EDGE('',*,*,#1521,.F.);
#438=ORIENTED_EDGE('',*,*,#1522,.T.);
#439=ORIENTED_EDGE('',*,*,#1523,.T.);
#440=ORIENTED_EDGE('',*,*,#1524,.F.);
#441=ORIENTED_EDGE('',*,*,#1525,.F.);
#442=ORIENTED_EDGE('',*,*,#1526,.T.);
#443=ORIENTED_EDGE('',*,*,#1527,.T.);
#444=ORIENTED_EDGE('',*,*,#1528,.F.);
#445=ORIENTED_EDGE('',*,*,#1529,.F.);
#446=ORIENTED_EDGE('',*,*,#1530,.T.);
#447=ORIENTED_EDGE('',*,*,#1531,.T.);
#448=ORIENTED_EDGE('',*,*,#1532,.F.);
#449=ORIENTED_EDGE('',*,*,#1533,.F.);
#450=ORIENTED_EDGE('',*,*,#1534,.T.);
#451=ORIENTED_EDGE('',*,*,#1535,.T.);
#452=ORIENTED_EDGE('',*,*,#1536,.F.);
#453=ORIENTED_EDGE('',*,*,#1537,.F.);
#454=ORIENTED_EDGE('',*,*,#1538,.T.);
#455=ORIENTED_EDGE('',*,*,#1539,.T.);
#456=ORIENTED_EDGE('',*,*,#1540,.F.);
#457=ORIENTED_EDGE('',*,*,#1541,.T.);
#458=ORIENTED_EDGE('',*,*,#1542,.T.);
#459=ORIENTED_EDGE('',*,*,#1543,.F.);
#460=ORIENTED_EDGE('',*,*,#1544,.F.);
#461=ORIENTED_EDGE('',*,*,#1545,.F.);
#462=ORIENTED_EDGE('',*,*,#1546,.T.);
#463=ORIENTED_EDGE('',*,*,#1547,.T.);
#464=ORIENTED_EDGE('',*,*,#1548,.F.);
#465=ORIENTED_EDGE('',*,*,#1549,.F.);
#466=ORIENTED_EDGE('',*,*,#1550,.T.);
#467=ORIENTED_EDGE('',*,*,#1551,.T.);
#468=ORIENTED_EDGE('',*,*,#1552,.F.);
#469=ORIENTED_EDGE('',*,*,#1553,.F.);
#470=ORIENTED_EDGE('',*,*,#1554,.T.);
#471=ORIENTED_EDGE('',*,*,#1555,.T.);
#472=ORIENTED_EDGE('',*,*,#1556,.F.);
#473=ORIENTED_EDGE('',*,*,#1557,.T.);
#474=ORIENTED_EDGE('',*,*,#1558,.T.);
#475=ORIENTED_EDGE('',*,*,#1559,.F.);
#476=ORIENTED_EDGE('',*,*,#1560,.F.);
#477=ORIENTED_EDGE('',*,*,#1561,.F.);
#478=ORIENTED_EDGE('',*,*,#1562,.T.);
#479=ORIENTED_EDGE('',*,*,#1563,.T.);
#480=ORIENTED_EDGE('',*,*,#1564,.F.);
#481=ORIENTED_EDGE('',*,*,#1565,.T.);
#482=ORIENTED_EDGE('',*,*,#1566,.T.);
#483=ORIENTED_EDGE('',*,*,#1567,.F.);
#484=ORIENTED_EDGE('',*,*,#1568,.F.);
#485=ORIENTED_EDGE('',*,*,#1569,.T.);
#486=ORIENTED_EDGE('',*,*,#1570,.T.);
#487=ORIENTED_EDGE('',*,*,#1571,.F.);
#488=ORIENTED_EDGE('',*,*,#1572,.F.);
#489=ORIENTED_EDGE('',*,*,#1573,.T.);
#490=ORIENTED_EDGE('',*,*,#1574,.T.);
#491=ORIENTED_EDGE('',*,*,#1575,.F.);
#492=ORIENTED_EDGE('',*,*,#1576,.F.);
#493=ORIENTED_EDGE('',*,*,#1577,.T.);
#494=ORIENTED_EDGE('',*,*,#1578,.T.);
#495=ORIENTED_EDGE('',*,*,#1579,.F.);
#496=ORIENTED_EDGE('',*,*,#1580,.F.);
#497=ORIENTED_EDGE('',*,*,#1581,.T.);
#498=ORIENTED_EDGE('',*,*,#1582,.T.);
#499=ORIENTED_EDGE('',*,*,#1583,.F.);
#500=ORIENTED_EDGE('',*,*,#1584,.F.);
#501=ORIENTED_EDGE('',*,*,#1585,.F.);
#502=ORIENTED_EDGE('',*,*,#1586,.T.);
#503=ORIENTED_EDGE('',*,*,#1587,.T.);
#504=ORIENTED_EDGE('',*,*,#1588,.F.);
#505=ORIENTED_EDGE('',*,*,#1589,.T.);
#506=ORIENTED_EDGE('',*,*,#1590,.T.);
#507=ORIENTED_EDGE('',*,*,#1591,.F.);
#508=ORIENTED_EDGE('',*,*,#1592,.F.);
#509=ORIENTED_EDGE('',*,*,#1593,.F.);
#510=ORIENTED_EDGE('',*,*,#1594,.T.);
#511=ORIENTED_EDGE('',*,*,#1595,.T.);
#512=ORIENTED_EDGE('',*,*,#1596,.F.);
#513=ORIENTED_EDGE('',*,*,#1597,.T.);
#514=ORIENTED_EDGE('',*,*,#1598,.T.);
#515=ORIENTED_EDGE('',*,*,#1599,.F.);
#516=ORIENTED_EDGE('',*,*,#1600,.F.);
#517=ORIENTED_EDGE('',*,*,#1601,.T.);
#518=ORIENTED_EDGE('',*,*,#1602,.T.);
#519=ORIENTED_EDGE('',*,*,#1603,.F.);
#520=ORIENTED_EDGE('',*,*,#1604,.F.);
#521=ORIENTED_EDGE('',*,*,#1605,.T.);
#522=ORIENTED_EDGE('',*,*,#1606,.T.);
#523=ORIENTED_EDGE('',*,*,#1607,.F.);
#524=ORIENTED_EDGE('',*,*,#1608,.F.);
#525=ORIENTED_EDGE('',*,*,#1609,.T.);
#526=ORIENTED_EDGE('',*,*,#1610,.T.);
#527=ORIENTED_EDGE('',*,*,#1611,.F.);
#528=ORIENTED_EDGE('',*,*,#1612,.F.);
#529=ORIENTED_EDGE('',*,*,#1613,.T.);
#530=ORIENTED_EDGE('',*,*,#1614,.T.);
#531=ORIENTED_EDGE('',*,*,#1615,.F.);
#532=ORIENTED_EDGE('',*,*,#1616,.F.);
#533=ORIENTED_EDGE('',*,*,#1617,.F.);
#534=ORIENTED_EDGE('',*,*,#1618,.T.);
#535=ORIENTED_EDGE('',*,*,#1619,.T.);
#536=ORIENTED_EDGE('',*,*,#1620,.F.);
#537=ORIENTED_EDGE('',*,*,#1621,.F.);
#538=ORIENTED_EDGE('',*,*,#1622,.T.);
#539=ORIENTED_EDGE('',*,*,#1623,.T.);
#540=ORIENTED_EDGE('',*,*,#1624,.F.);
#541=ORIENTED_EDGE('',*,*,#1625,.T.);
#542=ORIENTED_EDGE('',*,*,#1626,.T.);
#543=ORIENTED_EDGE('',*,*,#1627,.F.);
#544=ORIENTED_EDGE('',*,*,#1628,.F.);
#545=ORIENTED_EDGE('',*,*,#1629,.T.);
#546=ORIENTED_EDGE('',*,*,#1630,.T.);
#547=ORIENTED_EDGE('',*,*,#1631,.F.);
#548=ORIENTED_EDGE('',*,*,#1632,.F.);
#549=ORIENTED_EDGE('',*,*,#1633,.T.);
#550=ORIENTED_EDGE('',*,*,#1634,.T.);
#551=ORIENTED_EDGE('',*,*,#1635,.F.);
#552=ORIENTED_EDGE('',*,*,#1636,.F.);
#553=ORIENTED_EDGE('',*,*,#1637,.F.);
#554=ORIENTED_EDGE('',*,*,#1638,.T.);
#555=ORIENTED_EDGE('',*,*,#1564,.T.);
#556=ORIENTED_EDGE('',*,*,#1639,.F.);
#557=ORIENTED_EDGE('',*,*,#1640,.F.);
#558=ORIENTED_EDGE('',*,*,#1641,.T.);
#559=ORIENTED_EDGE('',*,*,#1642,.F.);
#560=ORIENTED_EDGE('',*,*,#1643,.T.);
#561=ORIENTED_EDGE('',*,*,#1561,.T.);
#562=ORIENTED_EDGE('',*,*,#1644,.F.);
#563=ORIENTED_EDGE('',*,*,#1645,.F.);
#564=ORIENTED_EDGE('',*,*,#1646,.T.);
#565=ORIENTED_EDGE('',*,*,#1647,.F.);
#566=ORIENTED_EDGE('',*,*,#1648,.T.);
#567=ORIENTED_EDGE('',*,*,#1553,.T.);
#568=ORIENTED_EDGE('',*,*,#1649,.F.);
#569=ORIENTED_EDGE('',*,*,#1650,.F.);
#570=ORIENTED_EDGE('',*,*,#1651,.T.);
#571=ORIENTED_EDGE('',*,*,#1652,.F.);
#572=ORIENTED_EDGE('',*,*,#1653,.T.);
#573=ORIENTED_EDGE('',*,*,#1556,.T.);
#574=ORIENTED_EDGE('',*,*,#1654,.F.);
#575=ORIENTED_EDGE('',*,*,#1655,.F.);
#576=ORIENTED_EDGE('',*,*,#1656,.T.);
#577=ORIENTED_EDGE('',*,*,#1657,.F.);
#578=ORIENTED_EDGE('',*,*,#1658,.T.);
#579=ORIENTED_EDGE('',*,*,#1568,.T.);
#580=ORIENTED_EDGE('',*,*,#1659,.F.);
#581=ORIENTED_EDGE('',*,*,#1660,.F.);
#582=ORIENTED_EDGE('',*,*,#1661,.T.);
#583=ORIENTED_EDGE('',*,*,#1662,.F.);
#584=ORIENTED_EDGE('',*,*,#1663,.T.);
#585=ORIENTED_EDGE('',*,*,#1572,.T.);
#586=ORIENTED_EDGE('',*,*,#1664,.F.);
#587=ORIENTED_EDGE('',*,*,#1665,.F.);
#588=ORIENTED_EDGE('',*,*,#1666,.T.);
#589=ORIENTED_EDGE('',*,*,#1667,.F.);
#590=ORIENTED_EDGE('',*,*,#1668,.T.);
#591=ORIENTED_EDGE('',*,*,#1576,.T.);
#592=ORIENTED_EDGE('',*,*,#1669,.F.);
#593=ORIENTED_EDGE('',*,*,#1670,.F.);
#594=ORIENTED_EDGE('',*,*,#1671,.T.);
#595=ORIENTED_EDGE('',*,*,#1672,.F.);
#596=ORIENTED_EDGE('',*,*,#1673,.T.);
#597=ORIENTED_EDGE('',*,*,#1580,.T.);
#598=ORIENTED_EDGE('',*,*,#1674,.F.);
#599=ORIENTED_EDGE('',*,*,#1675,.F.);
#600=ORIENTED_EDGE('',*,*,#1676,.T.);
#601=ORIENTED_EDGE('',*,*,#1677,.F.);
#602=ORIENTED_EDGE('',*,*,#1678,.T.);
#603=ORIENTED_EDGE('',*,*,#1596,.T.);
#604=ORIENTED_EDGE('',*,*,#1679,.F.);
#605=ORIENTED_EDGE('',*,*,#1680,.F.);
#606=ORIENTED_EDGE('',*,*,#1681,.T.);
#607=ORIENTED_EDGE('',*,*,#1682,.F.);
#608=ORIENTED_EDGE('',*,*,#1683,.T.);
#609=ORIENTED_EDGE('',*,*,#1593,.T.);
#610=ORIENTED_EDGE('',*,*,#1684,.F.);
#611=ORIENTED_EDGE('',*,*,#1685,.F.);
#612=ORIENTED_EDGE('',*,*,#1686,.T.);
#613=ORIENTED_EDGE('',*,*,#1687,.F.);
#614=ORIENTED_EDGE('',*,*,#1688,.T.);
#615=ORIENTED_EDGE('',*,*,#1585,.T.);
#616=ORIENTED_EDGE('',*,*,#1689,.F.);
#617=ORIENTED_EDGE('',*,*,#1690,.F.);
#618=ORIENTED_EDGE('',*,*,#1691,.T.);
#619=ORIENTED_EDGE('',*,*,#1692,.F.);
#620=ORIENTED_EDGE('',*,*,#1693,.T.);
#621=ORIENTED_EDGE('',*,*,#1588,.T.);
#622=ORIENTED_EDGE('',*,*,#1694,.F.);
#623=ORIENTED_EDGE('',*,*,#1695,.F.);
#624=ORIENTED_EDGE('',*,*,#1696,.T.);
#625=ORIENTED_EDGE('',*,*,#1697,.F.);
#626=ORIENTED_EDGE('',*,*,#1698,.T.);
#627=ORIENTED_EDGE('',*,*,#1600,.T.);
#628=ORIENTED_EDGE('',*,*,#1699,.F.);
#629=ORIENTED_EDGE('',*,*,#1700,.F.);
#630=ORIENTED_EDGE('',*,*,#1701,.T.);
#631=ORIENTED_EDGE('',*,*,#1702,.F.);
#632=ORIENTED_EDGE('',*,*,#1703,.T.);
#633=ORIENTED_EDGE('',*,*,#1604,.T.);
#634=ORIENTED_EDGE('',*,*,#1704,.F.);
#635=ORIENTED_EDGE('',*,*,#1705,.F.);
#636=ORIENTED_EDGE('',*,*,#1706,.T.);
#637=ORIENTED_EDGE('',*,*,#1707,.F.);
#638=ORIENTED_EDGE('',*,*,#1708,.T.);
#639=ORIENTED_EDGE('',*,*,#1608,.T.);
#640=ORIENTED_EDGE('',*,*,#1709,.F.);
#641=ORIENTED_EDGE('',*,*,#1710,.F.);
#642=ORIENTED_EDGE('',*,*,#1711,.T.);
#643=ORIENTED_EDGE('',*,*,#1712,.F.);
#644=ORIENTED_EDGE('',*,*,#1713,.T.);
#645=ORIENTED_EDGE('',*,*,#1612,.T.);
#646=ORIENTED_EDGE('',*,*,#1714,.F.);
#647=ORIENTED_EDGE('',*,*,#1715,.F.);
#648=ORIENTED_EDGE('',*,*,#1716,.T.);
#649=ORIENTED_EDGE('',*,*,#1717,.F.);
#650=ORIENTED_EDGE('',*,*,#1718,.T.);
#651=ORIENTED_EDGE('',*,*,#1624,.T.);
#652=ORIENTED_EDGE('',*,*,#1719,.F.);
#653=ORIENTED_EDGE('',*,*,#1720,.F.);
#654=ORIENTED_EDGE('',*,*,#1721,.T.);
#655=ORIENTED_EDGE('',*,*,#1722,.F.);
#656=ORIENTED_EDGE('',*,*,#1723,.T.);
#657=ORIENTED_EDGE('',*,*,#1628,.T.);
#658=ORIENTED_EDGE('',*,*,#1724,.F.);
#659=ORIENTED_EDGE('',*,*,#1725,.F.);
#660=ORIENTED_EDGE('',*,*,#1726,.T.);
#661=ORIENTED_EDGE('',*,*,#1727,.F.);
#662=ORIENTED_EDGE('',*,*,#1728,.T.);
#663=ORIENTED_EDGE('',*,*,#1621,.T.);
#664=ORIENTED_EDGE('',*,*,#1729,.F.);
#665=ORIENTED_EDGE('',*,*,#1730,.F.);
#666=ORIENTED_EDGE('',*,*,#1731,.T.);
#667=ORIENTED_EDGE('',*,*,#1732,.F.);
#668=ORIENTED_EDGE('',*,*,#1733,.T.);
#669=ORIENTED_EDGE('',*,*,#1617,.T.);
#670=ORIENTED_EDGE('',*,*,#1734,.F.);
#671=ORIENTED_EDGE('',*,*,#1735,.F.);
#672=ORIENTED_EDGE('',*,*,#1736,.T.);
#673=ORIENTED_EDGE('',*,*,#1737,.F.);
#674=ORIENTED_EDGE('',*,*,#1738,.T.);
#675=ORIENTED_EDGE('',*,*,#1632,.T.);
#676=ORIENTED_EDGE('',*,*,#1739,.F.);
#677=ORIENTED_EDGE('',*,*,#1740,.F.);
#678=ORIENTED_EDGE('',*,*,#1741,.T.);
#679=ORIENTED_EDGE('',*,*,#1742,.F.);
#680=ORIENTED_EDGE('',*,*,#1743,.T.);
#681=ORIENTED_EDGE('',*,*,#1744,.T.);
#682=ORIENTED_EDGE('',*,*,#1745,.F.);
#683=ORIENTED_EDGE('',*,*,#1746,.F.);
#684=ORIENTED_EDGE('',*,*,#1747,.T.);
#685=ORIENTED_EDGE('',*,*,#1748,.F.);
#686=ORIENTED_EDGE('',*,*,#1749,.T.);
#687=ORIENTED_EDGE('',*,*,#1549,.T.);
#688=ORIENTED_EDGE('',*,*,#1750,.F.);
#689=ORIENTED_EDGE('',*,*,#1751,.F.);
#690=ORIENTED_EDGE('',*,*,#1752,.T.);
#691=ORIENTED_EDGE('',*,*,#1753,.F.);
#692=ORIENTED_EDGE('',*,*,#1754,.T.);
#693=ORIENTED_EDGE('',*,*,#1545,.T.);
#694=ORIENTED_EDGE('',*,*,#1755,.F.);
#695=ORIENTED_EDGE('',*,*,#1756,.F.);
#696=ORIENTED_EDGE('',*,*,#1757,.T.);
#697=ORIENTED_EDGE('',*,*,#1758,.F.);
#698=ORIENTED_EDGE('',*,*,#1759,.T.);
#699=ORIENTED_EDGE('',*,*,#1537,.T.);
#700=ORIENTED_EDGE('',*,*,#1760,.F.);
#701=ORIENTED_EDGE('',*,*,#1761,.F.);
#702=ORIENTED_EDGE('',*,*,#1762,.T.);
#703=ORIENTED_EDGE('',*,*,#1763,.F.);
#704=ORIENTED_EDGE('',*,*,#1764,.T.);
#705=ORIENTED_EDGE('',*,*,#1540,.T.);
#706=ORIENTED_EDGE('',*,*,#1765,.F.);
#707=ORIENTED_EDGE('',*,*,#1766,.F.);
#708=ORIENTED_EDGE('',*,*,#1767,.T.);
#709=ORIENTED_EDGE('',*,*,#1768,.F.);
#710=ORIENTED_EDGE('',*,*,#1769,.T.);
#711=ORIENTED_EDGE('',*,*,#1533,.T.);
#712=ORIENTED_EDGE('',*,*,#1770,.F.);
#713=ORIENTED_EDGE('',*,*,#1771,.F.);
#714=ORIENTED_EDGE('',*,*,#1772,.T.);
#715=ORIENTED_EDGE('',*,*,#1773,.F.);
#716=ORIENTED_EDGE('',*,*,#1774,.T.);
#717=ORIENTED_EDGE('',*,*,#1529,.T.);
#718=ORIENTED_EDGE('',*,*,#1775,.F.);
#719=ORIENTED_EDGE('',*,*,#1776,.F.);
#720=ORIENTED_EDGE('',*,*,#1777,.T.);
#721=ORIENTED_EDGE('',*,*,#1778,.F.);
#722=ORIENTED_EDGE('',*,*,#1779,.T.);
#723=ORIENTED_EDGE('',*,*,#1525,.T.);
#724=ORIENTED_EDGE('',*,*,#1780,.F.);
#725=ORIENTED_EDGE('',*,*,#1781,.F.);
#726=ORIENTED_EDGE('',*,*,#1782,.T.);
#727=ORIENTED_EDGE('',*,*,#1783,.F.);
#728=ORIENTED_EDGE('',*,*,#1784,.T.);
#729=ORIENTED_EDGE('',*,*,#1521,.T.);
#730=ORIENTED_EDGE('',*,*,#1785,.F.);
#731=ORIENTED_EDGE('',*,*,#1786,.F.);
#732=ORIENTED_EDGE('',*,*,#1787,.T.);
#733=ORIENTED_EDGE('',*,*,#1636,.T.);
#734=ORIENTED_EDGE('',*,*,#1788,.F.);
#735=ORIENTED_EDGE('',*,*,#1744,.F.);
#736=ORIENTED_EDGE('',*,*,#1789,.T.);
#737=ORIENTED_EDGE('',*,*,#1790,.T.);
#738=ORIENTED_EDGE('',*,*,#1791,.F.);
#739=ORIENTED_EDGE('',*,*,#1792,.F.);
#740=ORIENTED_EDGE('',*,*,#1793,.T.);
#741=ORIENTED_EDGE('',*,*,#1523,.F.);
#742=ORIENTED_EDGE('',*,*,#1794,.F.);
#743=ORIENTED_EDGE('',*,*,#1795,.F.);
#744=ORIENTED_EDGE('',*,*,#1796,.F.);
#745=ORIENTED_EDGE('',*,*,#1797,.F.);
#746=ORIENTED_EDGE('',*,*,#1798,.T.);
#747=ORIENTED_EDGE('',*,*,#1527,.F.);
#748=ORIENTED_EDGE('',*,*,#1799,.F.);
#749=ORIENTED_EDGE('',*,*,#1800,.F.);
#750=ORIENTED_EDGE('',*,*,#1801,.F.);
#751=ORIENTED_EDGE('',*,*,#1802,.F.);
#752=ORIENTED_EDGE('',*,*,#1803,.T.);
#753=ORIENTED_EDGE('',*,*,#1531,.F.);
#754=ORIENTED_EDGE('',*,*,#1804,.F.);
#755=ORIENTED_EDGE('',*,*,#1805,.F.);
#756=ORIENTED_EDGE('',*,*,#1806,.F.);
#757=ORIENTED_EDGE('',*,*,#1807,.F.);
#758=ORIENTED_EDGE('',*,*,#1808,.T.);
#759=ORIENTED_EDGE('',*,*,#1535,.F.);
#760=ORIENTED_EDGE('',*,*,#1809,.F.);
#761=ORIENTED_EDGE('',*,*,#1810,.F.);
#762=ORIENTED_EDGE('',*,*,#1811,.F.);
#763=ORIENTED_EDGE('',*,*,#1812,.F.);
#764=ORIENTED_EDGE('',*,*,#1813,.T.);
#765=ORIENTED_EDGE('',*,*,#1542,.F.);
#766=ORIENTED_EDGE('',*,*,#1814,.F.);
#767=ORIENTED_EDGE('',*,*,#1815,.F.);
#768=ORIENTED_EDGE('',*,*,#1816,.F.);
#769=ORIENTED_EDGE('',*,*,#1817,.F.);
#770=ORIENTED_EDGE('',*,*,#1818,.T.);
#771=ORIENTED_EDGE('',*,*,#1539,.F.);
#772=ORIENTED_EDGE('',*,*,#1819,.F.);
#773=ORIENTED_EDGE('',*,*,#1820,.F.);
#774=ORIENTED_EDGE('',*,*,#1821,.F.);
#775=ORIENTED_EDGE('',*,*,#1822,.F.);
#776=ORIENTED_EDGE('',*,*,#1823,.T.);
#777=ORIENTED_EDGE('',*,*,#1547,.F.);
#778=ORIENTED_EDGE('',*,*,#1824,.F.);
#779=ORIENTED_EDGE('',*,*,#1825,.F.);
#780=ORIENTED_EDGE('',*,*,#1826,.F.);
#781=ORIENTED_EDGE('',*,*,#1827,.F.);
#782=ORIENTED_EDGE('',*,*,#1828,.T.);
#783=ORIENTED_EDGE('',*,*,#1551,.F.);
#784=ORIENTED_EDGE('',*,*,#1829,.F.);
#785=ORIENTED_EDGE('',*,*,#1830,.F.);
#786=ORIENTED_EDGE('',*,*,#1831,.F.);
#787=ORIENTED_EDGE('',*,*,#1832,.F.);
#788=ORIENTED_EDGE('',*,*,#1833,.T.);
#789=ORIENTED_EDGE('',*,*,#1790,.F.);
#790=ORIENTED_EDGE('',*,*,#1834,.F.);
#791=ORIENTED_EDGE('',*,*,#1835,.F.);
#792=ORIENTED_EDGE('',*,*,#1836,.F.);
#793=ORIENTED_EDGE('',*,*,#1837,.F.);
#794=ORIENTED_EDGE('',*,*,#1838,.T.);
#795=ORIENTED_EDGE('',*,*,#1634,.F.);
#796=ORIENTED_EDGE('',*,*,#1839,.F.);
#797=ORIENTED_EDGE('',*,*,#1840,.F.);
#798=ORIENTED_EDGE('',*,*,#1841,.F.);
#799=ORIENTED_EDGE('',*,*,#1842,.F.);
#800=ORIENTED_EDGE('',*,*,#1843,.T.);
#801=ORIENTED_EDGE('',*,*,#1619,.F.);
#802=ORIENTED_EDGE('',*,*,#1844,.F.);
#803=ORIENTED_EDGE('',*,*,#1845,.F.);
#804=ORIENTED_EDGE('',*,*,#1846,.F.);
#805=ORIENTED_EDGE('',*,*,#1847,.F.);
#806=ORIENTED_EDGE('',*,*,#1848,.T.);
#807=ORIENTED_EDGE('',*,*,#1623,.F.);
#808=ORIENTED_EDGE('',*,*,#1849,.F.);
#809=ORIENTED_EDGE('',*,*,#1850,.F.);
#810=ORIENTED_EDGE('',*,*,#1851,.F.);
#811=ORIENTED_EDGE('',*,*,#1852,.F.);
#812=ORIENTED_EDGE('',*,*,#1853,.T.);
#813=ORIENTED_EDGE('',*,*,#1630,.F.);
#814=ORIENTED_EDGE('',*,*,#1854,.F.);
#815=ORIENTED_EDGE('',*,*,#1855,.F.);
#816=ORIENTED_EDGE('',*,*,#1856,.F.);
#817=ORIENTED_EDGE('',*,*,#1857,.F.);
#818=ORIENTED_EDGE('',*,*,#1858,.T.);
#819=ORIENTED_EDGE('',*,*,#1626,.F.);
#820=ORIENTED_EDGE('',*,*,#1859,.F.);
#821=ORIENTED_EDGE('',*,*,#1860,.F.);
#822=ORIENTED_EDGE('',*,*,#1861,.F.);
#823=ORIENTED_EDGE('',*,*,#1862,.F.);
#824=ORIENTED_EDGE('',*,*,#1863,.T.);
#825=ORIENTED_EDGE('',*,*,#1614,.F.);
#826=ORIENTED_EDGE('',*,*,#1864,.F.);
#827=ORIENTED_EDGE('',*,*,#1865,.F.);
#828=ORIENTED_EDGE('',*,*,#1866,.F.);
#829=ORIENTED_EDGE('',*,*,#1867,.F.);
#830=ORIENTED_EDGE('',*,*,#1868,.T.);
#831=ORIENTED_EDGE('',*,*,#1610,.F.);
#832=ORIENTED_EDGE('',*,*,#1869,.F.);
#833=ORIENTED_EDGE('',*,*,#1870,.F.);
#834=ORIENTED_EDGE('',*,*,#1871,.F.);
#835=ORIENTED_EDGE('',*,*,#1872,.F.);
#836=ORIENTED_EDGE('',*,*,#1873,.T.);
#837=ORIENTED_EDGE('',*,*,#1606,.F.);
#838=ORIENTED_EDGE('',*,*,#1874,.F.);
#839=ORIENTED_EDGE('',*,*,#1875,.F.);
#840=ORIENTED_EDGE('',*,*,#1876,.F.);
#841=ORIENTED_EDGE('',*,*,#1877,.F.);
#842=ORIENTED_EDGE('',*,*,#1878,.T.);
#843=ORIENTED_EDGE('',*,*,#1602,.F.);
#844=ORIENTED_EDGE('',*,*,#1879,.F.);
#845=ORIENTED_EDGE('',*,*,#1880,.F.);
#846=ORIENTED_EDGE('',*,*,#1881,.F.);
#847=ORIENTED_EDGE('',*,*,#1882,.F.);
#848=ORIENTED_EDGE('',*,*,#1883,.T.);
#849=ORIENTED_EDGE('',*,*,#1590,.F.);
#850=ORIENTED_EDGE('',*,*,#1884,.F.);
#851=ORIENTED_EDGE('',*,*,#1885,.F.);
#852=ORIENTED_EDGE('',*,*,#1886,.F.);
#853=ORIENTED_EDGE('',*,*,#1887,.F.);
#854=ORIENTED_EDGE('',*,*,#1888,.T.);
#855=ORIENTED_EDGE('',*,*,#1587,.F.);
#856=ORIENTED_EDGE('',*,*,#1889,.F.);
#857=ORIENTED_EDGE('',*,*,#1890,.F.);
#858=ORIENTED_EDGE('',*,*,#1891,.F.);
#859=ORIENTED_EDGE('',*,*,#1892,.F.);
#860=ORIENTED_EDGE('',*,*,#1893,.T.);
#861=ORIENTED_EDGE('',*,*,#1595,.F.);
#862=ORIENTED_EDGE('',*,*,#1894,.F.);
#863=ORIENTED_EDGE('',*,*,#1895,.F.);
#864=ORIENTED_EDGE('',*,*,#1896,.F.);
#865=ORIENTED_EDGE('',*,*,#1897,.F.);
#866=ORIENTED_EDGE('',*,*,#1898,.T.);
#867=ORIENTED_EDGE('',*,*,#1598,.F.);
#868=ORIENTED_EDGE('',*,*,#1899,.F.);
#869=ORIENTED_EDGE('',*,*,#1900,.F.);
#870=ORIENTED_EDGE('',*,*,#1901,.F.);
#871=ORIENTED_EDGE('',*,*,#1902,.F.);
#872=ORIENTED_EDGE('',*,*,#1903,.T.);
#873=ORIENTED_EDGE('',*,*,#1582,.F.);
#874=ORIENTED_EDGE('',*,*,#1904,.F.);
#875=ORIENTED_EDGE('',*,*,#1905,.F.);
#876=ORIENTED_EDGE('',*,*,#1906,.F.);
#877=ORIENTED_EDGE('',*,*,#1907,.F.);
#878=ORIENTED_EDGE('',*,*,#1908,.T.);
#879=ORIENTED_EDGE('',*,*,#1578,.F.);
#880=ORIENTED_EDGE('',*,*,#1909,.F.);
#881=ORIENTED_EDGE('',*,*,#1910,.F.);
#882=ORIENTED_EDGE('',*,*,#1911,.F.);
#883=ORIENTED_EDGE('',*,*,#1912,.F.);
#884=ORIENTED_EDGE('',*,*,#1913,.T.);
#885=ORIENTED_EDGE('',*,*,#1574,.F.);
#886=ORIENTED_EDGE('',*,*,#1914,.F.);
#887=ORIENTED_EDGE('',*,*,#1915,.F.);
#888=ORIENTED_EDGE('',*,*,#1916,.F.);
#889=ORIENTED_EDGE('',*,*,#1917,.F.);
#890=ORIENTED_EDGE('',*,*,#1918,.T.);
#891=ORIENTED_EDGE('',*,*,#1570,.F.);
#892=ORIENTED_EDGE('',*,*,#1919,.F.);
#893=ORIENTED_EDGE('',*,*,#1920,.F.);
#894=ORIENTED_EDGE('',*,*,#1921,.F.);
#895=ORIENTED_EDGE('',*,*,#1922,.F.);
#896=ORIENTED_EDGE('',*,*,#1923,.T.);
#897=ORIENTED_EDGE('',*,*,#1558,.F.);
#898=ORIENTED_EDGE('',*,*,#1924,.F.);
#899=ORIENTED_EDGE('',*,*,#1925,.F.);
#900=ORIENTED_EDGE('',*,*,#1926,.F.);
#901=ORIENTED_EDGE('',*,*,#1927,.F.);
#902=ORIENTED_EDGE('',*,*,#1928,.T.);
#903=ORIENTED_EDGE('',*,*,#1555,.F.);
#904=ORIENTED_EDGE('',*,*,#1929,.F.);
#905=ORIENTED_EDGE('',*,*,#1930,.F.);
#906=ORIENTED_EDGE('',*,*,#1931,.F.);
#907=ORIENTED_EDGE('',*,*,#1932,.F.);
#908=ORIENTED_EDGE('',*,*,#1933,.T.);
#909=ORIENTED_EDGE('',*,*,#1563,.F.);
#910=ORIENTED_EDGE('',*,*,#1934,.F.);
#911=ORIENTED_EDGE('',*,*,#1935,.F.);
#912=ORIENTED_EDGE('',*,*,#1936,.F.);
#913=ORIENTED_EDGE('',*,*,#1937,.F.);
#914=ORIENTED_EDGE('',*,*,#1938,.T.);
#915=ORIENTED_EDGE('',*,*,#1566,.F.);
#916=ORIENTED_EDGE('',*,*,#1939,.F.);
#917=ORIENTED_EDGE('',*,*,#1940,.F.);
#918=ORIENTED_EDGE('',*,*,#1941,.F.);
#919=ORIENTED_EDGE('',*,*,#1788,.T.);
#920=ORIENTED_EDGE('',*,*,#1829,.T.);
#921=ORIENTED_EDGE('',*,*,#1550,.F.);
#922=ORIENTED_EDGE('',*,*,#1749,.F.);
#923=ORIENTED_EDGE('',*,*,#1942,.F.);
#924=ORIENTED_EDGE('',*,*,#1747,.F.);
#925=ORIENTED_EDGE('',*,*,#1943,.F.);
#926=ORIENTED_EDGE('',*,*,#1831,.T.);
#927=ORIENTED_EDGE('',*,*,#1944,.F.);
#928=ORIENTED_EDGE('',*,*,#1745,.T.);
#929=ORIENTED_EDGE('',*,*,#1791,.T.);
#930=ORIENTED_EDGE('',*,*,#1833,.F.);
#931=ORIENTED_EDGE('',*,*,#1945,.F.);
#932=ORIENTED_EDGE('',*,*,#1748,.T.);
#933=ORIENTED_EDGE('',*,*,#1944,.T.);
#934=ORIENTED_EDGE('',*,*,#1830,.T.);
#935=ORIENTED_EDGE('',*,*,#1942,.T.);
#936=ORIENTED_EDGE('',*,*,#1746,.T.);
#937=ORIENTED_EDGE('',*,*,#1945,.T.);
#938=ORIENTED_EDGE('',*,*,#1832,.T.);
#939=ORIENTED_EDGE('',*,*,#1943,.T.);
#940=ORIENTED_EDGE('',*,*,#1834,.T.);
#941=ORIENTED_EDGE('',*,*,#1789,.F.);
#942=ORIENTED_EDGE('',*,*,#1743,.F.);
#943=ORIENTED_EDGE('',*,*,#1946,.F.);
#944=ORIENTED_EDGE('',*,*,#1741,.F.);
#945=ORIENTED_EDGE('',*,*,#1947,.F.);
#946=ORIENTED_EDGE('',*,*,#1836,.T.);
#947=ORIENTED_EDGE('',*,*,#1948,.F.);
#948=ORIENTED_EDGE('',*,*,#1739,.T.);
#949=ORIENTED_EDGE('',*,*,#1635,.T.);
#950=ORIENTED_EDGE('',*,*,#1838,.F.);
#951=ORIENTED_EDGE('',*,*,#1949,.F.);
#952=ORIENTED_EDGE('',*,*,#1742,.T.);
#953=ORIENTED_EDGE('',*,*,#1948,.T.);
#954=ORIENTED_EDGE('',*,*,#1835,.T.);
#955=ORIENTED_EDGE('',*,*,#1946,.T.);
#956=ORIENTED_EDGE('',*,*,#1740,.T.);
#957=ORIENTED_EDGE('',*,*,#1949,.T.);
#958=ORIENTED_EDGE('',*,*,#1837,.T.);
#959=ORIENTED_EDGE('',*,*,#1947,.T.);
#960=ORIENTED_EDGE('',*,*,#1849,.T.);
#961=ORIENTED_EDGE('',*,*,#1622,.F.);
#962=ORIENTED_EDGE('',*,*,#1728,.F.);
#963=ORIENTED_EDGE('',*,*,#1950,.F.);
#964=ORIENTED_EDGE('',*,*,#1726,.F.);
#965=ORIENTED_EDGE('',*,*,#1951,.F.);
#966=ORIENTED_EDGE('',*,*,#1851,.T.);
#967=ORIENTED_EDGE('',*,*,#1952,.F.);
#968=ORIENTED_EDGE('',*,*,#1724,.T.);
#969=ORIENTED_EDGE('',*,*,#1631,.T.);
#970=ORIENTED_EDGE('',*,*,#1853,.F.);
#971=ORIENTED_EDGE('',*,*,#1953,.F.);
#972=ORIENTED_EDGE('',*,*,#1727,.T.);
#973=ORIENTED_EDGE('',*,*,#1952,.T.);
#974=ORIENTED_EDGE('',*,*,#1850,.T.);
#975=ORIENTED_EDGE('',*,*,#1950,.T.);
#976=ORIENTED_EDGE('',*,*,#1725,.T.);
#977=ORIENTED_EDGE('',*,*,#1953,.T.);
#978=ORIENTED_EDGE('',*,*,#1852,.T.);
#979=ORIENTED_EDGE('',*,*,#1951,.T.);
#980=ORIENTED_EDGE('',*,*,#1854,.T.);
#981=ORIENTED_EDGE('',*,*,#1629,.F.);
#982=ORIENTED_EDGE('',*,*,#1723,.F.);
#983=ORIENTED_EDGE('',*,*,#1954,.F.);
#984=ORIENTED_EDGE('',*,*,#1721,.F.);
#985=ORIENTED_EDGE('',*,*,#1955,.F.);
#986=ORIENTED_EDGE('',*,*,#1856,.T.);
#987=ORIENTED_EDGE('',*,*,#1956,.F.);
#988=ORIENTED_EDGE('',*,*,#1719,.T.);
#989=ORIENTED_EDGE('',*,*,#1627,.T.);
#990=ORIENTED_EDGE('',*,*,#1858,.F.);
#991=ORIENTED_EDGE('',*,*,#1957,.F.);
#992=ORIENTED_EDGE('',*,*,#1722,.T.);
#993=ORIENTED_EDGE('',*,*,#1956,.T.);
#994=ORIENTED_EDGE('',*,*,#1855,.T.);
#995=ORIENTED_EDGE('',*,*,#1954,.T.);
#996=ORIENTED_EDGE('',*,*,#1720,.T.);
#997=ORIENTED_EDGE('',*,*,#1957,.T.);
#998=ORIENTED_EDGE('',*,*,#1857,.T.);
#999=ORIENTED_EDGE('',*,*,#1955,.T.);
#1000=ORIENTED_EDGE('',*,*,#1844,.T.);
#1001=ORIENTED_EDGE('',*,*,#1618,.F.);
#1002=ORIENTED_EDGE('',*,*,#1733,.F.);
#1003=ORIENTED_EDGE('',*,*,#1958,.F.);
#1004=ORIENTED_EDGE('',*,*,#1731,.F.);
#1005=ORIENTED_EDGE('',*,*,#1959,.F.);
#1006=ORIENTED_EDGE('',*,*,#1846,.T.);
#1007=ORIENTED_EDGE('',*,*,#1960,.F.);
#1008=ORIENTED_EDGE('',*,*,#1729,.T.);
#1009=ORIENTED_EDGE('',*,*,#1620,.T.);
#1010=ORIENTED_EDGE('',*,*,#1848,.F.);
#1011=ORIENTED_EDGE('',*,*,#1961,.F.);
#1012=ORIENTED_EDGE('',*,*,#1732,.T.);
#1013=ORIENTED_EDGE('',*,*,#1960,.T.);
#1014=ORIENTED_EDGE('',*,*,#1845,.T.);
#1015=ORIENTED_EDGE('',*,*,#1958,.T.);
#1016=ORIENTED_EDGE('',*,*,#1730,.T.);
#1017=ORIENTED_EDGE('',*,*,#1961,.T.);
#1018=ORIENTED_EDGE('',*,*,#1847,.T.);
#1019=ORIENTED_EDGE('',*,*,#1959,.T.);
#1020=ORIENTED_EDGE('',*,*,#1839,.T.);
#1021=ORIENTED_EDGE('',*,*,#1633,.F.);
#1022=ORIENTED_EDGE('',*,*,#1738,.F.);
#1023=ORIENTED_EDGE('',*,*,#1962,.F.);
#1024=ORIENTED_EDGE('',*,*,#1736,.F.);
#1025=ORIENTED_EDGE('',*,*,#1963,.F.);
#1026=ORIENTED_EDGE('',*,*,#1841,.T.);
#1027=ORIENTED_EDGE('',*,*,#1964,.F.);
#1028=ORIENTED_EDGE('',*,*,#1734,.T.);
#1029=ORIENTED_EDGE('',*,*,#1616,.T.);
#1030=ORIENTED_EDGE('',*,*,#1843,.F.);
#1031=ORIENTED_EDGE('',*,*,#1965,.F.);
#1032=ORIENTED_EDGE('',*,*,#1737,.T.);
#1033=ORIENTED_EDGE('',*,*,#1964,.T.);
#1034=ORIENTED_EDGE('',*,*,#1840,.T.);
#1035=ORIENTED_EDGE('',*,*,#1962,.T.);
#1036=ORIENTED_EDGE('',*,*,#1735,.T.);
#1037=ORIENTED_EDGE('',*,*,#1965,.T.);
#1038=ORIENTED_EDGE('',*,*,#1842,.T.);
#1039=ORIENTED_EDGE('',*,*,#1963,.T.);
#1040=ORIENTED_EDGE('',*,*,#1859,.T.);
#1041=ORIENTED_EDGE('',*,*,#1625,.F.);
#1042=ORIENTED_EDGE('',*,*,#1718,.F.);
#1043=ORIENTED_EDGE('',*,*,#1966,.F.);
#1044=ORIENTED_EDGE('',*,*,#1716,.F.);
#1045=ORIENTED_EDGE('',*,*,#1967,.F.);
#1046=ORIENTED_EDGE('',*,*,#1861,.T.);
#1047=ORIENTED_EDGE('',*,*,#1968,.F.);
#1048=ORIENTED_EDGE('',*,*,#1714,.T.);
#1049=ORIENTED_EDGE('',*,*,#1615,.T.);
#1050=ORIENTED_EDGE('',*,*,#1863,.F.);
#1051=ORIENTED_EDGE('',*,*,#1969,.F.);
#1052=ORIENTED_EDGE('',*,*,#1717,.T.);
#1053=ORIENTED_EDGE('',*,*,#1968,.T.);
#1054=ORIENTED_EDGE('',*,*,#1860,.T.);
#1055=ORIENTED_EDGE('',*,*,#1966,.T.);
#1056=ORIENTED_EDGE('',*,*,#1715,.T.);
#1057=ORIENTED_EDGE('',*,*,#1969,.T.);
#1058=ORIENTED_EDGE('',*,*,#1862,.T.);
#1059=ORIENTED_EDGE('',*,*,#1967,.T.);
#1060=ORIENTED_EDGE('',*,*,#1864,.T.);
#1061=ORIENTED_EDGE('',*,*,#1613,.F.);
#1062=ORIENTED_EDGE('',*,*,#1713,.F.);
#1063=ORIENTED_EDGE('',*,*,#1970,.F.);
#1064=ORIENTED_EDGE('',*,*,#1711,.F.);
#1065=ORIENTED_EDGE('',*,*,#1971,.F.);
#1066=ORIENTED_EDGE('',*,*,#1866,.T.);
#1067=ORIENTED_EDGE('',*,*,#1972,.F.);
#1068=ORIENTED_EDGE('',*,*,#1709,.T.);
#1069=ORIENTED_EDGE('',*,*,#1611,.T.);
#1070=ORIENTED_EDGE('',*,*,#1868,.F.);
#1071=ORIENTED_EDGE('',*,*,#1973,.F.);
#1072=ORIENTED_EDGE('',*,*,#1712,.T.);
#1073=ORIENTED_EDGE('',*,*,#1972,.T.);
#1074=ORIENTED_EDGE('',*,*,#1865,.T.);
#1075=ORIENTED_EDGE('',*,*,#1970,.T.);
#1076=ORIENTED_EDGE('',*,*,#1710,.T.);
#1077=ORIENTED_EDGE('',*,*,#1973,.T.);
#1078=ORIENTED_EDGE('',*,*,#1867,.T.);
#1079=ORIENTED_EDGE('',*,*,#1971,.T.);
#1080=ORIENTED_EDGE('',*,*,#1869,.T.);
#1081=ORIENTED_EDGE('',*,*,#1609,.F.);
#1082=ORIENTED_EDGE('',*,*,#1708,.F.);
#1083=ORIENTED_EDGE('',*,*,#1974,.F.);
#1084=ORIENTED_EDGE('',*,*,#1706,.F.);
#1085=ORIENTED_EDGE('',*,*,#1975,.F.);
#1086=ORIENTED_EDGE('',*,*,#1871,.T.);
#1087=ORIENTED_EDGE('',*,*,#1976,.F.);
#1088=ORIENTED_EDGE('',*,*,#1704,.T.);
#1089=ORIENTED_EDGE('',*,*,#1607,.T.);
#1090=ORIENTED_EDGE('',*,*,#1873,.F.);
#1091=ORIENTED_EDGE('',*,*,#1977,.F.);
#1092=ORIENTED_EDGE('',*,*,#1707,.T.);
#1093=ORIENTED_EDGE('',*,*,#1976,.T.);
#1094=ORIENTED_EDGE('',*,*,#1870,.T.);
#1095=ORIENTED_EDGE('',*,*,#1974,.T.);
#1096=ORIENTED_EDGE('',*,*,#1705,.T.);
#1097=ORIENTED_EDGE('',*,*,#1977,.T.);
#1098=ORIENTED_EDGE('',*,*,#1872,.T.);
#1099=ORIENTED_EDGE('',*,*,#1975,.T.);
#1100=ORIENTED_EDGE('',*,*,#1874,.T.);
#1101=ORIENTED_EDGE('',*,*,#1605,.F.);
#1102=ORIENTED_EDGE('',*,*,#1703,.F.);
#1103=ORIENTED_EDGE('',*,*,#1978,.F.);
#1104=ORIENTED_EDGE('',*,*,#1701,.F.);
#1105=ORIENTED_EDGE('',*,*,#1979,.F.);
#1106=ORIENTED_EDGE('',*,*,#1876,.T.);
#1107=ORIENTED_EDGE('',*,*,#1980,.F.);
#1108=ORIENTED_EDGE('',*,*,#1699,.T.);
#1109=ORIENTED_EDGE('',*,*,#1603,.T.);
#1110=ORIENTED_EDGE('',*,*,#1878,.F.);
#1111=ORIENTED_EDGE('',*,*,#1981,.F.);
#1112=ORIENTED_EDGE('',*,*,#1702,.T.);
#1113=ORIENTED_EDGE('',*,*,#1980,.T.);
#1114=ORIENTED_EDGE('',*,*,#1875,.T.);
#1115=ORIENTED_EDGE('',*,*,#1978,.T.);
#1116=ORIENTED_EDGE('',*,*,#1700,.T.);
#1117=ORIENTED_EDGE('',*,*,#1981,.T.);
#1118=ORIENTED_EDGE('',*,*,#1877,.T.);
#1119=ORIENTED_EDGE('',*,*,#1979,.T.);
#1120=ORIENTED_EDGE('',*,*,#1894,.T.);
#1121=ORIENTED_EDGE('',*,*,#1594,.F.);
#1122=ORIENTED_EDGE('',*,*,#1683,.F.);
#1123=ORIENTED_EDGE('',*,*,#1982,.F.);
#1124=ORIENTED_EDGE('',*,*,#1681,.F.);
#1125=ORIENTED_EDGE('',*,*,#1983,.F.);
#1126=ORIENTED_EDGE('',*,*,#1896,.T.);
#1127=ORIENTED_EDGE('',*,*,#1984,.F.);
#1128=ORIENTED_EDGE('',*,*,#1679,.T.);
#1129=ORIENTED_EDGE('',*,*,#1599,.T.);
#1130=ORIENTED_EDGE('',*,*,#1898,.F.);
#1131=ORIENTED_EDGE('',*,*,#1985,.F.);
#1132=ORIENTED_EDGE('',*,*,#1682,.T.);
#1133=ORIENTED_EDGE('',*,*,#1984,.T.);
#1134=ORIENTED_EDGE('',*,*,#1895,.T.);
#1135=ORIENTED_EDGE('',*,*,#1982,.T.);
#1136=ORIENTED_EDGE('',*,*,#1680,.T.);
#1137=ORIENTED_EDGE('',*,*,#1985,.T.);
#1138=ORIENTED_EDGE('',*,*,#1897,.T.);
#1139=ORIENTED_EDGE('',*,*,#1983,.T.);
#1140=ORIENTED_EDGE('',*,*,#1889,.T.);
#1141=ORIENTED_EDGE('',*,*,#1586,.F.);
#1142=ORIENTED_EDGE('',*,*,#1688,.F.);
#1143=ORIENTED_EDGE('',*,*,#1986,.F.);
#1144=ORIENTED_EDGE('',*,*,#1686,.F.);
#1145=ORIENTED_EDGE('',*,*,#1987,.F.);
#1146=ORIENTED_EDGE('',*,*,#1891,.T.);
#1147=ORIENTED_EDGE('',*,*,#1988,.F.);
#1148=ORIENTED_EDGE('',*,*,#1684,.T.);
#1149=ORIENTED_EDGE('',*,*,#1592,.T.);
#1150=ORIENTED_EDGE('',*,*,#1893,.F.);
#1151=ORIENTED_EDGE('',*,*,#1989,.F.);
#1152=ORIENTED_EDGE('',*,*,#1687,.T.);
#1153=ORIENTED_EDGE('',*,*,#1988,.T.);
#1154=ORIENTED_EDGE('',*,*,#1890,.T.);
#1155=ORIENTED_EDGE('',*,*,#1986,.T.);
#1156=ORIENTED_EDGE('',*,*,#1685,.T.);
#1157=ORIENTED_EDGE('',*,*,#1989,.T.);
#1158=ORIENTED_EDGE('',*,*,#1892,.T.);
#1159=ORIENTED_EDGE('',*,*,#1987,.T.);
#1160=ORIENTED_EDGE('',*,*,#1879,.T.);
#1161=ORIENTED_EDGE('',*,*,#1601,.F.);
#1162=ORIENTED_EDGE('',*,*,#1698,.F.);
#1163=ORIENTED_EDGE('',*,*,#1990,.F.);
#1164=ORIENTED_EDGE('',*,*,#1696,.F.);
#1165=ORIENTED_EDGE('',*,*,#1991,.F.);
#1166=ORIENTED_EDGE('',*,*,#1881,.T.);
#1167=ORIENTED_EDGE('',*,*,#1992,.F.);
#1168=ORIENTED_EDGE('',*,*,#1694,.T.);
#1169=ORIENTED_EDGE('',*,*,#1591,.T.);
#1170=ORIENTED_EDGE('',*,*,#1883,.F.);
#1171=ORIENTED_EDGE('',*,*,#1993,.F.);
#1172=ORIENTED_EDGE('',*,*,#1697,.T.);
#1173=ORIENTED_EDGE('',*,*,#1992,.T.);
#1174=ORIENTED_EDGE('',*,*,#1880,.T.);
#1175=ORIENTED_EDGE('',*,*,#1990,.T.);
#1176=ORIENTED_EDGE('',*,*,#1695,.T.);
#1177=ORIENTED_EDGE('',*,*,#1993,.T.);
#1178=ORIENTED_EDGE('',*,*,#1882,.T.);
#1179=ORIENTED_EDGE('',*,*,#1991,.T.);
#1180=ORIENTED_EDGE('',*,*,#1884,.T.);
#1181=ORIENTED_EDGE('',*,*,#1589,.F.);
#1182=ORIENTED_EDGE('',*,*,#1693,.F.);
#1183=ORIENTED_EDGE('',*,*,#1994,.F.);
#1184=ORIENTED_EDGE('',*,*,#1691,.F.);
#1185=ORIENTED_EDGE('',*,*,#1995,.F.);
#1186=ORIENTED_EDGE('',*,*,#1886,.T.);
#1187=ORIENTED_EDGE('',*,*,#1996,.F.);
#1188=ORIENTED_EDGE('',*,*,#1689,.T.);
#1189=ORIENTED_EDGE('',*,*,#1584,.T.);
#1190=ORIENTED_EDGE('',*,*,#1888,.F.);
#1191=ORIENTED_EDGE('',*,*,#1997,.F.);
#1192=ORIENTED_EDGE('',*,*,#1692,.T.);
#1193=ORIENTED_EDGE('',*,*,#1996,.T.);
#1194=ORIENTED_EDGE('',*,*,#1885,.T.);
#1195=ORIENTED_EDGE('',*,*,#1994,.T.);
#1196=ORIENTED_EDGE('',*,*,#1690,.T.);
#1197=ORIENTED_EDGE('',*,*,#1997,.T.);
#1198=ORIENTED_EDGE('',*,*,#1887,.T.);
#1199=ORIENTED_EDGE('',*,*,#1995,.T.);
#1200=ORIENTED_EDGE('',*,*,#1899,.T.);
#1201=ORIENTED_EDGE('',*,*,#1597,.F.);
#1202=ORIENTED_EDGE('',*,*,#1678,.F.);
#1203=ORIENTED_EDGE('',*,*,#1998,.F.);
#1204=ORIENTED_EDGE('',*,*,#1676,.F.);
#1205=ORIENTED_EDGE('',*,*,#1999,.F.);
#1206=ORIENTED_EDGE('',*,*,#1901,.T.);
#1207=ORIENTED_EDGE('',*,*,#2000,.F.);
#1208=ORIENTED_EDGE('',*,*,#1674,.T.);
#1209=ORIENTED_EDGE('',*,*,#1583,.T.);
#1210=ORIENTED_EDGE('',*,*,#1903,.F.);
#1211=ORIENTED_EDGE('',*,*,#2001,.F.);
#1212=ORIENTED_EDGE('',*,*,#1677,.T.);
#1213=ORIENTED_EDGE('',*,*,#2000,.T.);
#1214=ORIENTED_EDGE('',*,*,#1900,.T.);
#1215=ORIENTED_EDGE('',*,*,#1998,.T.);
#1216=ORIENTED_EDGE('',*,*,#1675,.T.);
#1217=ORIENTED_EDGE('',*,*,#2001,.T.);
#1218=ORIENTED_EDGE('',*,*,#1902,.T.);
#1219=ORIENTED_EDGE('',*,*,#1999,.T.);
#1220=ORIENTED_EDGE('',*,*,#1904,.T.);
#1221=ORIENTED_EDGE('',*,*,#1581,.F.);
#1222=ORIENTED_EDGE('',*,*,#1673,.F.);
#1223=ORIENTED_EDGE('',*,*,#2002,.F.);
#1224=ORIENTED_EDGE('',*,*,#1671,.F.);
#1225=ORIENTED_EDGE('',*,*,#2003,.F.);
#1226=ORIENTED_EDGE('',*,*,#1906,.T.);
#1227=ORIENTED_EDGE('',*,*,#2004,.F.);
#1228=ORIENTED_EDGE('',*,*,#1669,.T.);
#1229=ORIENTED_EDGE('',*,*,#1579,.T.);
#1230=ORIENTED_EDGE('',*,*,#1908,.F.);
#1231=ORIENTED_EDGE('',*,*,#2005,.F.);
#1232=ORIENTED_EDGE('',*,*,#1672,.T.);
#1233=ORIENTED_EDGE('',*,*,#2004,.T.);
#1234=ORIENTED_EDGE('',*,*,#1905,.T.);
#1235=ORIENTED_EDGE('',*,*,#2002,.T.);
#1236=ORIENTED_EDGE('',*,*,#1670,.T.);
#1237=ORIENTED_EDGE('',*,*,#2005,.T.);
#1238=ORIENTED_EDGE('',*,*,#1907,.T.);
#1239=ORIENTED_EDGE('',*,*,#2003,.T.);
#1240=ORIENTED_EDGE('',*,*,#1909,.T.);
#1241=ORIENTED_EDGE('',*,*,#1577,.F.);
#1242=ORIENTED_EDGE('',*,*,#1668,.F.);
#1243=ORIENTED_EDGE('',*,*,#2006,.F.);
#1244=ORIENTED_EDGE('',*,*,#1666,.F.);
#1245=ORIENTED_EDGE('',*,*,#2007,.F.);
#1246=ORIENTED_EDGE('',*,*,#1911,.T.);
#1247=ORIENTED_EDGE('',*,*,#2008,.F.);
#1248=ORIENTED_EDGE('',*,*,#1664,.T.);
#1249=ORIENTED_EDGE('',*,*,#1575,.T.);
#1250=ORIENTED_EDGE('',*,*,#1913,.F.);
#1251=ORIENTED_EDGE('',*,*,#2009,.F.);
#1252=ORIENTED_EDGE('',*,*,#1667,.T.);
#1253=ORIENTED_EDGE('',*,*,#2008,.T.);
#1254=ORIENTED_EDGE('',*,*,#1910,.T.);
#1255=ORIENTED_EDGE('',*,*,#2006,.T.);
#1256=ORIENTED_EDGE('',*,*,#1665,.T.);
#1257=ORIENTED_EDGE('',*,*,#2009,.T.);
#1258=ORIENTED_EDGE('',*,*,#1912,.T.);
#1259=ORIENTED_EDGE('',*,*,#2007,.T.);
#1260=ORIENTED_EDGE('',*,*,#1914,.T.);
#1261=ORIENTED_EDGE('',*,*,#1573,.F.);
#1262=ORIENTED_EDGE('',*,*,#1663,.F.);
#1263=ORIENTED_EDGE('',*,*,#2010,.F.);
#1264=ORIENTED_EDGE('',*,*,#1661,.F.);
#1265=ORIENTED_EDGE('',*,*,#2011,.F.);
#1266=ORIENTED_EDGE('',*,*,#1916,.T.);
#1267=ORIENTED_EDGE('',*,*,#2012,.F.);
#1268=ORIENTED_EDGE('',*,*,#1659,.T.);
#1269=ORIENTED_EDGE('',*,*,#1571,.T.);
#1270=ORIENTED_EDGE('',*,*,#1918,.F.);
#1271=ORIENTED_EDGE('',*,*,#2013,.F.);
#1272=ORIENTED_EDGE('',*,*,#1662,.T.);
#1273=ORIENTED_EDGE('',*,*,#2012,.T.);
#1274=ORIENTED_EDGE('',*,*,#1915,.T.);
#1275=ORIENTED_EDGE('',*,*,#2010,.T.);
#1276=ORIENTED_EDGE('',*,*,#1660,.T.);
#1277=ORIENTED_EDGE('',*,*,#2013,.T.);
#1278=ORIENTED_EDGE('',*,*,#1917,.T.);
#1279=ORIENTED_EDGE('',*,*,#2011,.T.);
#1280=ORIENTED_EDGE('',*,*,#1934,.T.);
#1281=ORIENTED_EDGE('',*,*,#1562,.F.);
#1282=ORIENTED_EDGE('',*,*,#1643,.F.);
#1283=ORIENTED_EDGE('',*,*,#2014,.F.);
#1284=ORIENTED_EDGE('',*,*,#1641,.F.);
#1285=ORIENTED_EDGE('',*,*,#2015,.F.);
#1286=ORIENTED_EDGE('',*,*,#1936,.T.);
#1287=ORIENTED_EDGE('',*,*,#2016,.F.);
#1288=ORIENTED_EDGE('',*,*,#1639,.T.);
#1289=ORIENTED_EDGE('',*,*,#1567,.T.);
#1290=ORIENTED_EDGE('',*,*,#1938,.F.);
#1291=ORIENTED_EDGE('',*,*,#2017,.F.);
#1292=ORIENTED_EDGE('',*,*,#1642,.T.);
#1293=ORIENTED_EDGE('',*,*,#2016,.T.);
#1294=ORIENTED_EDGE('',*,*,#1935,.T.);
#1295=ORIENTED_EDGE('',*,*,#2014,.T.);
#1296=ORIENTED_EDGE('',*,*,#1640,.T.);
#1297=ORIENTED_EDGE('',*,*,#2017,.T.);
#1298=ORIENTED_EDGE('',*,*,#1937,.T.);
#1299=ORIENTED_EDGE('',*,*,#2015,.T.);
#1300=ORIENTED_EDGE('',*,*,#1929,.T.);
#1301=ORIENTED_EDGE('',*,*,#1554,.F.);
#1302=ORIENTED_EDGE('',*,*,#1648,.F.);
#1303=ORIENTED_EDGE('',*,*,#2018,.F.);
#1304=ORIENTED_EDGE('',*,*,#1646,.F.);
#1305=ORIENTED_EDGE('',*,*,#2019,.F.);
#1306=ORIENTED_EDGE('',*,*,#1931,.T.);
#1307=ORIENTED_EDGE('',*,*,#2020,.F.);
#1308=ORIENTED_EDGE('',*,*,#1644,.T.);
#1309=ORIENTED_EDGE('',*,*,#1560,.T.);
#1310=ORIENTED_EDGE('',*,*,#1933,.F.);
#1311=ORIENTED_EDGE('',*,*,#2021,.F.);
#1312=ORIENTED_EDGE('',*,*,#1647,.T.);
#1313=ORIENTED_EDGE('',*,*,#2020,.T.);
#1314=ORIENTED_EDGE('',*,*,#1930,.T.);
#1315=ORIENTED_EDGE('',*,*,#2018,.T.);
#1316=ORIENTED_EDGE('',*,*,#1645,.T.);
#1317=ORIENTED_EDGE('',*,*,#2021,.T.);
#1318=ORIENTED_EDGE('',*,*,#1932,.T.);
#1319=ORIENTED_EDGE('',*,*,#2019,.T.);
#1320=ORIENTED_EDGE('',*,*,#1919,.T.);
#1321=ORIENTED_EDGE('',*,*,#1569,.F.);
#1322=ORIENTED_EDGE('',*,*,#1658,.F.);
#1323=ORIENTED_EDGE('',*,*,#2022,.F.);
#1324=ORIENTED_EDGE('',*,*,#1656,.F.);
#1325=ORIENTED_EDGE('',*,*,#2023,.F.);
#1326=ORIENTED_EDGE('',*,*,#1921,.T.);
#1327=ORIENTED_EDGE('',*,*,#2024,.F.);
#1328=ORIENTED_EDGE('',*,*,#1654,.T.);
#1329=ORIENTED_EDGE('',*,*,#1559,.T.);
#1330=ORIENTED_EDGE('',*,*,#1923,.F.);
#1331=ORIENTED_EDGE('',*,*,#2025,.F.);
#1332=ORIENTED_EDGE('',*,*,#1657,.T.);
#1333=ORIENTED_EDGE('',*,*,#2024,.T.);
#1334=ORIENTED_EDGE('',*,*,#1920,.T.);
#1335=ORIENTED_EDGE('',*,*,#2022,.T.);
#1336=ORIENTED_EDGE('',*,*,#1655,.T.);
#1337=ORIENTED_EDGE('',*,*,#2025,.T.);
#1338=ORIENTED_EDGE('',*,*,#1922,.T.);
#1339=ORIENTED_EDGE('',*,*,#2023,.T.);
#1340=ORIENTED_EDGE('',*,*,#1924,.T.);
#1341=ORIENTED_EDGE('',*,*,#1557,.F.);
#1342=ORIENTED_EDGE('',*,*,#1653,.F.);
#1343=ORIENTED_EDGE('',*,*,#2026,.F.);
#1344=ORIENTED_EDGE('',*,*,#1651,.F.);
#1345=ORIENTED_EDGE('',*,*,#2027,.F.);
#1346=ORIENTED_EDGE('',*,*,#1926,.T.);
#1347=ORIENTED_EDGE('',*,*,#2028,.F.);
#1348=ORIENTED_EDGE('',*,*,#1649,.T.);
#1349=ORIENTED_EDGE('',*,*,#1552,.T.);
#1350=ORIENTED_EDGE('',*,*,#1928,.F.);
#1351=ORIENTED_EDGE('',*,*,#2029,.F.);
#1352=ORIENTED_EDGE('',*,*,#1652,.T.);
#1353=ORIENTED_EDGE('',*,*,#2028,.T.);
#1354=ORIENTED_EDGE('',*,*,#1925,.T.);
#1355=ORIENTED_EDGE('',*,*,#2026,.T.);
#1356=ORIENTED_EDGE('',*,*,#1650,.T.);
#1357=ORIENTED_EDGE('',*,*,#2029,.T.);
#1358=ORIENTED_EDGE('',*,*,#1927,.T.);
#1359=ORIENTED_EDGE('',*,*,#2027,.T.);
#1360=ORIENTED_EDGE('',*,*,#1824,.T.);
#1361=ORIENTED_EDGE('',*,*,#1546,.F.);
#1362=ORIENTED_EDGE('',*,*,#1754,.F.);
#1363=ORIENTED_EDGE('',*,*,#2030,.F.);
#1364=ORIENTED_EDGE('',*,*,#1752,.F.);
#1365=ORIENTED_EDGE('',*,*,#2031,.F.);
#1366=ORIENTED_EDGE('',*,*,#1826,.T.);
#1367=ORIENTED_EDGE('',*,*,#2032,.F.);
#1368=ORIENTED_EDGE('',*,*,#1750,.T.);
#1369=ORIENTED_EDGE('',*,*,#1548,.T.);
#1370=ORIENTED_EDGE('',*,*,#1828,.F.);
#1371=ORIENTED_EDGE('',*,*,#2033,.F.);
#1372=ORIENTED_EDGE('',*,*,#1753,.T.);
#1373=ORIENTED_EDGE('',*,*,#2032,.T.);
#1374=ORIENTED_EDGE('',*,*,#1825,.T.);
#1375=ORIENTED_EDGE('',*,*,#2030,.T.);
#1376=ORIENTED_EDGE('',*,*,#1751,.T.);
#1377=ORIENTED_EDGE('',*,*,#2033,.T.);
#1378=ORIENTED_EDGE('',*,*,#1827,.T.);
#1379=ORIENTED_EDGE('',*,*,#2031,.T.);
#1380=ORIENTED_EDGE('',*,*,#1819,.T.);
#1381=ORIENTED_EDGE('',*,*,#1538,.F.);
#1382=ORIENTED_EDGE('',*,*,#1759,.F.);
#1383=ORIENTED_EDGE('',*,*,#2034,.F.);
#1384=ORIENTED_EDGE('',*,*,#1757,.F.);
#1385=ORIENTED_EDGE('',*,*,#2035,.F.);
#1386=ORIENTED_EDGE('',*,*,#1821,.T.);
#1387=ORIENTED_EDGE('',*,*,#2036,.F.);
#1388=ORIENTED_EDGE('',*,*,#1755,.T.);
#1389=ORIENTED_EDGE('',*,*,#1544,.T.);
#1390=ORIENTED_EDGE('',*,*,#1823,.F.);
#1391=ORIENTED_EDGE('',*,*,#2037,.F.);
#1392=ORIENTED_EDGE('',*,*,#1758,.T.);
#1393=ORIENTED_EDGE('',*,*,#2036,.T.);
#1394=ORIENTED_EDGE('',*,*,#1820,.T.);
#1395=ORIENTED_EDGE('',*,*,#2034,.T.);
#1396=ORIENTED_EDGE('',*,*,#1756,.T.);
#1397=ORIENTED_EDGE('',*,*,#2037,.T.);
#1398=ORIENTED_EDGE('',*,*,#1822,.T.);
#1399=ORIENTED_EDGE('',*,*,#2035,.T.);
#1400=ORIENTED_EDGE('',*,*,#1809,.T.);
#1401=ORIENTED_EDGE('',*,*,#1534,.F.);
#1402=ORIENTED_EDGE('',*,*,#1769,.F.);
#1403=ORIENTED_EDGE('',*,*,#2038,.F.);
#1404=ORIENTED_EDGE('',*,*,#1767,.F.);
#1405=ORIENTED_EDGE('',*,*,#2039,.F.);
#1406=ORIENTED_EDGE('',*,*,#1811,.T.);
#1407=ORIENTED_EDGE('',*,*,#2040,.F.);
#1408=ORIENTED_EDGE('',*,*,#1765,.T.);
#1409=ORIENTED_EDGE('',*,*,#1543,.T.);
#1410=ORIENTED_EDGE('',*,*,#1813,.F.);
#1411=ORIENTED_EDGE('',*,*,#2041,.F.);
#1412=ORIENTED_EDGE('',*,*,#1768,.T.);
#1413=ORIENTED_EDGE('',*,*,#2040,.T.);
#1414=ORIENTED_EDGE('',*,*,#1810,.T.);
#1415=ORIENTED_EDGE('',*,*,#2038,.T.);
#1416=ORIENTED_EDGE('',*,*,#1766,.T.);
#1417=ORIENTED_EDGE('',*,*,#2041,.T.);
#1418=ORIENTED_EDGE('',*,*,#1812,.T.);
#1419=ORIENTED_EDGE('',*,*,#2039,.T.);
#1420=ORIENTED_EDGE('',*,*,#1814,.T.);
#1421=ORIENTED_EDGE('',*,*,#1541,.F.);
#1422=ORIENTED_EDGE('',*,*,#1764,.F.);
#1423=ORIENTED_EDGE('',*,*,#2042,.F.);
#1424=ORIENTED_EDGE('',*,*,#1762,.F.);
#1425=ORIENTED_EDGE('',*,*,#2043,.F.);
#1426=ORIENTED_EDGE('',*,*,#1816,.T.);
#1427=ORIENTED_EDGE('',*,*,#2044,.F.);
#1428=ORIENTED_EDGE('',*,*,#1760,.T.);
#1429=ORIENTED_EDGE('',*,*,#1536,.T.);
#1430=ORIENTED_EDGE('',*,*,#1818,.F.);
#1431=ORIENTED_EDGE('',*,*,#2045,.F.);
#1432=ORIENTED_EDGE('',*,*,#1763,.T.);
#1433=ORIENTED_EDGE('',*,*,#2044,.T.);
#1434=ORIENTED_EDGE('',*,*,#1815,.T.);
#1435=ORIENTED_EDGE('',*,*,#2042,.T.);
#1436=ORIENTED_EDGE('',*,*,#1761,.T.);
#1437=ORIENTED_EDGE('',*,*,#2045,.T.);
#1438=ORIENTED_EDGE('',*,*,#1817,.T.);
#1439=ORIENTED_EDGE('',*,*,#2043,.T.);
#1440=ORIENTED_EDGE('',*,*,#1804,.T.);
#1441=ORIENTED_EDGE('',*,*,#1530,.F.);
#1442=ORIENTED_EDGE('',*,*,#1774,.F.);
#1443=ORIENTED_EDGE('',*,*,#2046,.F.);
#1444=ORIENTED_EDGE('',*,*,#1772,.F.);
#1445=ORIENTED_EDGE('',*,*,#2047,.F.);
#1446=ORIENTED_EDGE('',*,*,#1806,.T.);
#1447=ORIENTED_EDGE('',*,*,#2048,.F.);
#1448=ORIENTED_EDGE('',*,*,#1770,.T.);
#1449=ORIENTED_EDGE('',*,*,#1532,.T.);
#1450=ORIENTED_EDGE('',*,*,#1808,.F.);
#1451=ORIENTED_EDGE('',*,*,#2049,.F.);
#1452=ORIENTED_EDGE('',*,*,#1773,.T.);
#1453=ORIENTED_EDGE('',*,*,#2048,.T.);
#1454=ORIENTED_EDGE('',*,*,#1805,.T.);
#1455=ORIENTED_EDGE('',*,*,#2046,.T.);
#1456=ORIENTED_EDGE('',*,*,#1771,.T.);
#1457=ORIENTED_EDGE('',*,*,#2049,.T.);
#1458=ORIENTED_EDGE('',*,*,#1807,.T.);
#1459=ORIENTED_EDGE('',*,*,#2047,.T.);
#1460=ORIENTED_EDGE('',*,*,#1799,.T.);
#1461=ORIENTED_EDGE('',*,*,#1526,.F.);
#1462=ORIENTED_EDGE('',*,*,#1779,.F.);
#1463=ORIENTED_EDGE('',*,*,#2050,.F.);
#1464=ORIENTED_EDGE('',*,*,#1777,.F.);
#1465=ORIENTED_EDGE('',*,*,#2051,.F.);
#1466=ORIENTED_EDGE('',*,*,#1801,.T.);
#1467=ORIENTED_EDGE('',*,*,#2052,.F.);
#1468=ORIENTED_EDGE('',*,*,#1775,.T.);
#1469=ORIENTED_EDGE('',*,*,#1528,.T.);
#1470=ORIENTED_EDGE('',*,*,#1803,.F.);
#1471=ORIENTED_EDGE('',*,*,#2053,.F.);
#1472=ORIENTED_EDGE('',*,*,#1778,.T.);
#1473=ORIENTED_EDGE('',*,*,#2052,.T.);
#1474=ORIENTED_EDGE('',*,*,#1800,.T.);
#1475=ORIENTED_EDGE('',*,*,#2050,.T.);
#1476=ORIENTED_EDGE('',*,*,#1776,.T.);
#1477=ORIENTED_EDGE('',*,*,#2053,.T.);
#1478=ORIENTED_EDGE('',*,*,#1802,.T.);
#1479=ORIENTED_EDGE('',*,*,#2051,.T.);
#1480=ORIENTED_EDGE('',*,*,#1794,.T.);
#1481=ORIENTED_EDGE('',*,*,#1522,.F.);
#1482=ORIENTED_EDGE('',*,*,#1784,.F.);
#1483=ORIENTED_EDGE('',*,*,#2054,.F.);
#1484=ORIENTED_EDGE('',*,*,#1782,.F.);
#1485=ORIENTED_EDGE('',*,*,#2055,.F.);
#1486=ORIENTED_EDGE('',*,*,#1796,.T.);
#1487=ORIENTED_EDGE('',*,*,#2056,.F.);
#1488=ORIENTED_EDGE('',*,*,#1780,.T.);
#1489=ORIENTED_EDGE('',*,*,#1524,.T.);
#1490=ORIENTED_EDGE('',*,*,#1798,.F.);
#1491=ORIENTED_EDGE('',*,*,#2057,.F.);
#1492=ORIENTED_EDGE('',*,*,#1783,.T.);
#1493=ORIENTED_EDGE('',*,*,#2056,.T.);
#1494=ORIENTED_EDGE('',*,*,#1795,.T.);
#1495=ORIENTED_EDGE('',*,*,#2054,.T.);
#1496=ORIENTED_EDGE('',*,*,#1781,.T.);
#1497=ORIENTED_EDGE('',*,*,#2057,.T.);
#1498=ORIENTED_EDGE('',*,*,#1797,.T.);
#1499=ORIENTED_EDGE('',*,*,#2055,.T.);
#1500=ORIENTED_EDGE('',*,*,#1939,.T.);
#1501=ORIENTED_EDGE('',*,*,#1565,.F.);
#1502=ORIENTED_EDGE('',*,*,#1638,.F.);
#1503=ORIENTED_EDGE('',*,*,#2058,.F.);
#1504=ORIENTED_EDGE('',*,*,#1787,.F.);
#1505=ORIENTED_EDGE('',*,*,#2059,.F.);
#1506=ORIENTED_EDGE('',*,*,#1941,.T.);
#1507=ORIENTED_EDGE('',*,*,#2060,.F.);
#1508=ORIENTED_EDGE('',*,*,#1785,.T.);
#1509=ORIENTED_EDGE('',*,*,#1520,.T.);
#1510=ORIENTED_EDGE('',*,*,#1793,.F.);
#1511=ORIENTED_EDGE('',*,*,#2061,.F.);
#1512=ORIENTED_EDGE('',*,*,#1637,.T.);
#1513=ORIENTED_EDGE('',*,*,#2060,.T.);
#1514=ORIENTED_EDGE('',*,*,#1940,.T.);
#1515=ORIENTED_EDGE('',*,*,#2058,.T.);
#1516=ORIENTED_EDGE('',*,*,#1786,.T.);
#1517=ORIENTED_EDGE('',*,*,#2061,.T.);
#1518=ORIENTED_EDGE('',*,*,#1792,.T.);
#1519=ORIENTED_EDGE('',*,*,#2059,.T.);
#1520=EDGE_CURVE('',#2062,#2063,#2424,.T.);
#1521=EDGE_CURVE('',#2064,#2062,#194,.T.);
#1522=EDGE_CURVE('',#2064,#2065,#2425,.T.);
#1523=EDGE_CURVE('',#2065,#2063,#195,.T.);
#1524=EDGE_CURVE('',#2066,#2067,#2426,.T.);
#1525=EDGE_CURVE('',#2068,#2066,#196,.T.);
#1526=EDGE_CURVE('',#2068,#2069,#2427,.T.);
#1527=EDGE_CURVE('',#2069,#2067,#197,.T.);
#1528=EDGE_CURVE('',#2070,#2071,#2428,.T.);
#1529=EDGE_CURVE('',#2072,#2070,#198,.T.);
#1530=EDGE_CURVE('',#2072,#2073,#2429,.T.);
#1531=EDGE_CURVE('',#2073,#2071,#199,.T.);
#1532=EDGE_CURVE('',#2074,#2075,#2430,.T.);
#1533=EDGE_CURVE('',#2076,#2074,#200,.T.);
#1534=EDGE_CURVE('',#2076,#2077,#2431,.T.);
#1535=EDGE_CURVE('',#2077,#2075,#201,.T.);
#1536=EDGE_CURVE('',#2078,#2079,#2432,.T.);
#1537=EDGE_CURVE('',#2080,#2078,#202,.T.);
#1538=EDGE_CURVE('',#2080,#2081,#2433,.T.);
#1539=EDGE_CURVE('',#2081,#2079,#203,.T.);
#1540=EDGE_CURVE('',#2082,#2083,#204,.T.);
#1541=EDGE_CURVE('',#2082,#2084,#2434,.T.);
#1542=EDGE_CURVE('',#2084,#2085,#205,.T.);
#1543=EDGE_CURVE('',#2083,#2085,#2435,.T.);
#1544=EDGE_CURVE('',#2086,#2087,#2436,.T.);
#1545=EDGE_CURVE('',#2088,#2086,#206,.T.);
#1546=EDGE_CURVE('',#2088,#2089,#2437,.T.);
#1547=EDGE_CURVE('',#2089,#2087,#207,.T.);
#1548=EDGE_CURVE('',#2090,#2091,#2438,.T.);
#1549=EDGE_CURVE('',#2092,#2090,#208,.T.);
#1550=EDGE_CURVE('',#2092,#2093,#2439,.T.);
#1551=EDGE_CURVE('',#2093,#2091,#209,.T.);
#1552=EDGE_CURVE('',#2094,#2095,#2440,.T.);
#1553=EDGE_CURVE('',#2096,#2094,#210,.T.);
#1554=EDGE_CURVE('',#2096,#2097,#2441,.T.);
#1555=EDGE_CURVE('',#2097,#2095,#211,.T.);
#1556=EDGE_CURVE('',#2098,#2099,#212,.T.);
#1557=EDGE_CURVE('',#2098,#2100,#2442,.T.);
#1558=EDGE_CURVE('',#2100,#2101,#213,.T.);
#1559=EDGE_CURVE('',#2099,#2101,#2443,.T.);
#1560=EDGE_CURVE('',#2102,#2103,#2444,.T.);
#1561=EDGE_CURVE('',#2104,#2102,#214,.T.);
#1562=EDGE_CURVE('',#2104,#2105,#2445,.T.);
#1563=EDGE_CURVE('',#2105,#2103,#215,.T.);
#1564=EDGE_CURVE('',#2106,#2107,#216,.T.);
#1565=EDGE_CURVE('',#2106,#2108,#2446,.T.);
#1566=EDGE_CURVE('',#2108,#2109,#217,.T.);
#1567=EDGE_CURVE('',#2107,#2109,#2447,.T.);
#1568=EDGE_CURVE('',#2110,#2111,#218,.T.);
#1569=EDGE_CURVE('',#2110,#2112,#2448,.T.);
#1570=EDGE_CURVE('',#2112,#2113,#219,.T.);
#1571=EDGE_CURVE('',#2111,#2113,#2449,.T.);
#1572=EDGE_CURVE('',#2114,#2115,#220,.T.);
#1573=EDGE_CURVE('',#2114,#2116,#2450,.T.);
#1574=EDGE_CURVE('',#2116,#2117,#221,.T.);
#1575=EDGE_CURVE('',#2115,#2117,#2451,.T.);
#1576=EDGE_CURVE('',#2118,#2119,#222,.T.);
#1577=EDGE_CURVE('',#2118,#2120,#2452,.T.);
#1578=EDGE_CURVE('',#2120,#2121,#223,.T.);
#1579=EDGE_CURVE('',#2119,#2121,#2453,.T.);
#1580=EDGE_CURVE('',#2122,#2123,#224,.T.);
#1581=EDGE_CURVE('',#2122,#2124,#2454,.T.);
#1582=EDGE_CURVE('',#2124,#2125,#225,.T.);
#1583=EDGE_CURVE('',#2123,#2125,#2455,.T.);
#1584=EDGE_CURVE('',#2126,#2127,#2456,.T.);
#1585=EDGE_CURVE('',#2128,#2126,#226,.T.);
#1586=EDGE_CURVE('',#2128,#2129,#2457,.T.);
#1587=EDGE_CURVE('',#2129,#2127,#227,.T.);
#1588=EDGE_CURVE('',#2130,#2131,#228,.T.);
#1589=EDGE_CURVE('',#2130,#2132,#2458,.T.);
#1590=EDGE_CURVE('',#2132,#2133,#229,.T.);
#1591=EDGE_CURVE('',#2131,#2133,#2459,.T.);
#1592=EDGE_CURVE('',#2134,#2135,#2460,.T.);
#1593=EDGE_CURVE('',#2136,#2134,#230,.T.);
#1594=EDGE_CURVE('',#2136,#2137,#2461,.T.);
#1595=EDGE_CURVE('',#2137,#2135,#231,.T.);
#1596=EDGE_CURVE('',#2138,#2139,#232,.T.);
#1597=EDGE_CURVE('',#2138,#2140,#2462,.T.);
#1598=EDGE_CURVE('',#2140,#2141,#233,.T.);
#1599=EDGE_CURVE('',#2139,#2141,#2463,.T.);
#1600=EDGE_CURVE('',#2142,#2143,#234,.T.);
#1601=EDGE_CURVE('',#2142,#2144,#2464,.T.);
#1602=EDGE_CURVE('',#2144,#2145,#235,.T.);
#1603=EDGE_CURVE('',#2143,#2145,#2465,.T.);
#1604=EDGE_CURVE('',#2146,#2147,#236,.T.);
#1605=EDGE_CURVE('',#2146,#2148,#2466,.T.);
#1606=EDGE_CURVE('',#2148,#2149,#237,.T.);
#1607=EDGE_CURVE('',#2147,#2149,#2467,.T.);
#1608=EDGE_CURVE('',#2150,#2151,#238,.T.);
#1609=EDGE_CURVE('',#2150,#2152,#2468,.T.);
#1610=EDGE_CURVE('',#2152,#2153,#239,.T.);
#1611=EDGE_CURVE('',#2151,#2153,#2469,.T.);
#1612=EDGE_CURVE('',#2154,#2155,#240,.T.);
#1613=EDGE_CURVE('',#2154,#2156,#2470,.T.);
#1614=EDGE_CURVE('',#2156,#2157,#241,.T.);
#1615=EDGE_CURVE('',#2155,#2157,#2471,.T.);
#1616=EDGE_CURVE('',#2158,#2159,#2472,.T.);
#1617=EDGE_CURVE('',#2160,#2158,#242,.T.);
#1618=EDGE_CURVE('',#2160,#2161,#2473,.T.);
#1619=EDGE_CURVE('',#2161,#2159,#243,.T.);
#1620=EDGE_CURVE('',#2162,#2163,#2474,.T.);
#1621=EDGE_CURVE('',#2164,#2162,#244,.T.);
#1622=EDGE_CURVE('',#2164,#2165,#2475,.T.);
#1623=EDGE_CURVE('',#2165,#2163,#245,.T.);
#1624=EDGE_CURVE('',#2166,#2167,#246,.T.);
#1625=EDGE_CURVE('',#2166,#2168,#2476,.T.);
#1626=EDGE_CURVE('',#2168,#2169,#247,.T.);
#1627=EDGE_CURVE('',#2167,#2169,#2477,.T.);
#1628=EDGE_CURVE('',#2170,#2171,#248,.T.);
#1629=EDGE_CURVE('',#2170,#2172,#2478,.T.);
#1630=EDGE_CURVE('',#2172,#2173,#249,.T.);
#1631=EDGE_CURVE('',#2171,#2173,#2479,.T.);
#1632=EDGE_CURVE('',#2174,#2175,#250,.T.);
#1633=EDGE_CURVE('',#2174,#2176,#2480,.T.);
#1634=EDGE_CURVE('',#2176,#2177,#251,.T.);
#1635=EDGE_CURVE('',#2175,#2177,#2481,.T.);
#1636=EDGE_CURVE('',#2178,#2178,#252,.T.);
#1637=EDGE_CURVE('',#2179,#2180,#253,.T.);
#1638=EDGE_CURVE('',#2179,#2106,#72,.T.);
#1639=EDGE_CURVE('',#2181,#2107,#73,.T.);
#1640=EDGE_CURVE('',#2182,#2181,#254,.T.);
#1641=EDGE_CURVE('',#2182,#2183,#255,.T.);
#1642=EDGE_CURVE('',#2184,#2183,#256,.T.);
#1643=EDGE_CURVE('',#2184,#2104,#74,.T.);
#1644=EDGE_CURVE('',#2185,#2102,#75,.T.);
#1645=EDGE_CURVE('',#2186,#2185,#257,.T.);
#1646=EDGE_CURVE('',#2186,#2187,#258,.T.);
#1647=EDGE_CURVE('',#2188,#2187,#259,.T.);
#1648=EDGE_CURVE('',#2188,#2096,#76,.T.);
#1649=EDGE_CURVE('',#2189,#2094,#77,.T.);
#1650=EDGE_CURVE('',#2190,#2189,#260,.T.);
#1651=EDGE_CURVE('',#2190,#2191,#261,.T.);
#1652=EDGE_CURVE('',#2192,#2191,#262,.T.);
#1653=EDGE_CURVE('',#2192,#2098,#78,.T.);
#1654=EDGE_CURVE('',#2193,#2099,#79,.T.);
#1655=EDGE_CURVE('',#2194,#2193,#263,.T.);
#1656=EDGE_CURVE('',#2194,#2195,#264,.T.);
#1657=EDGE_CURVE('',#2196,#2195,#265,.T.);
#1658=EDGE_CURVE('',#2196,#2110,#80,.T.);
#1659=EDGE_CURVE('',#2197,#2111,#81,.T.);
#1660=EDGE_CURVE('',#2198,#2197,#266,.T.);
#1661=EDGE_CURVE('',#2198,#2199,#267,.T.);
#1662=EDGE_CURVE('',#2200,#2199,#268,.T.);
#1663=EDGE_CURVE('',#2200,#2114,#82,.T.);
#1664=EDGE_CURVE('',#2201,#2115,#83,.T.);
#1665=EDGE_CURVE('',#2202,#2201,#269,.T.);
#1666=EDGE_CURVE('',#2202,#2203,#270,.T.);
#1667=EDGE_CURVE('',#2204,#2203,#271,.T.);
#1668=EDGE_CURVE('',#2204,#2118,#84,.T.);
#1669=EDGE_CURVE('',#2205,#2119,#85,.T.);
#1670=EDGE_CURVE('',#2206,#2205,#272,.T.);
#1671=EDGE_CURVE('',#2206,#2207,#273,.T.);
#1672=EDGE_CURVE('',#2208,#2207,#274,.T.);
#1673=EDGE_CURVE('',#2208,#2122,#86,.T.);
#1674=EDGE_CURVE('',#2209,#2123,#87,.T.);
#1675=EDGE_CURVE('',#2210,#2209,#275,.T.);
#1676=EDGE_CURVE('',#2210,#2211,#276,.T.);
#1677=EDGE_CURVE('',#2212,#2211,#277,.T.);
#1678=EDGE_CURVE('',#2212,#2138,#88,.T.);
#1679=EDGE_CURVE('',#2213,#2139,#89,.T.);
#1680=EDGE_CURVE('',#2214,#2213,#278,.T.);
#1681=EDGE_CURVE('',#2214,#2215,#279,.T.);
#1682=EDGE_CURVE('',#2216,#2215,#280,.T.);
#1683=EDGE_CURVE('',#2216,#2136,#90,.T.);
#1684=EDGE_CURVE('',#2217,#2134,#91,.T.);
#1685=EDGE_CURVE('',#2218,#2217,#281,.T.);
#1686=EDGE_CURVE('',#2218,#2219,#282,.T.);
#1687=EDGE_CURVE('',#2220,#2219,#283,.T.);
#1688=EDGE_CURVE('',#2220,#2128,#92,.T.);
#1689=EDGE_CURVE('',#2221,#2126,#93,.T.);
#1690=EDGE_CURVE('',#2222,#2221,#284,.T.);
#1691=EDGE_CURVE('',#2222,#2223,#285,.T.);
#1692=EDGE_CURVE('',#2224,#2223,#286,.T.);
#1693=EDGE_CURVE('',#2224,#2130,#94,.T.);
#1694=EDGE_CURVE('',#2225,#2131,#95,.T.);
#1695=EDGE_CURVE('',#2226,#2225,#287,.T.);
#1696=EDGE_CURVE('',#2226,#2227,#288,.T.);
#1697=EDGE_CURVE('',#2228,#2227,#289,.T.);
#1698=EDGE_CURVE('',#2228,#2142,#96,.T.);
#1699=EDGE_CURVE('',#2229,#2143,#97,.T.);
#1700=EDGE_CURVE('',#2230,#2229,#290,.T.);
#1701=EDGE_CURVE('',#2230,#2231,#291,.T.);
#1702=EDGE_CURVE('',#2232,#2231,#292,.T.);
#1703=EDGE_CURVE('',#2232,#2146,#98,.T.);
#1704=EDGE_CURVE('',#2233,#2147,#99,.T.);
#1705=EDGE_CURVE('',#2234,#2233,#293,.T.);
#1706=EDGE_CURVE('',#2234,#2235,#294,.T.);
#1707=EDGE_CURVE('',#2236,#2235,#295,.T.);
#1708=EDGE_CURVE('',#2236,#2150,#100,.T.);
#1709=EDGE_CURVE('',#2237,#2151,#101,.T.);
#1710=EDGE_CURVE('',#2238,#2237,#296,.T.);
#1711=EDGE_CURVE('',#2238,#2239,#297,.T.);
#1712=EDGE_CURVE('',#2240,#2239,#298,.T.);
#1713=EDGE_CURVE('',#2240,#2154,#102,.T.);
#1714=EDGE_CURVE('',#2241,#2155,#103,.T.);
#1715=EDGE_CURVE('',#2242,#2241,#299,.T.);
#1716=EDGE_CURVE('',#2242,#2243,#300,.T.);
#1717=EDGE_CURVE('',#2244,#2243,#301,.T.);
#1718=EDGE_CURVE('',#2244,#2166,#104,.T.);
#1719=EDGE_CURVE('',#2245,#2167,#105,.T.);
#1720=EDGE_CURVE('',#2246,#2245,#302,.T.);
#1721=EDGE_CURVE('',#2246,#2247,#303,.T.);
#1722=EDGE_CURVE('',#2248,#2247,#304,.T.);
#1723=EDGE_CURVE('',#2248,#2170,#106,.T.);
#1724=EDGE_CURVE('',#2249,#2171,#107,.T.);
#1725=EDGE_CURVE('',#2250,#2249,#305,.T.);
#1726=EDGE_CURVE('',#2250,#2251,#306,.T.);
#1727=EDGE_CURVE('',#2252,#2251,#307,.T.);
#1728=EDGE_CURVE('',#2252,#2164,#108,.T.);
#1729=EDGE_CURVE('',#2253,#2162,#109,.T.);
#1730=EDGE_CURVE('',#2254,#2253,#308,.T.);
#1731=EDGE_CURVE('',#2254,#2255,#309,.T.);
#1732=EDGE_CURVE('',#2256,#2255,#310,.T.);
#1733=EDGE_CURVE('',#2256,#2160,#110,.T.);
#1734=EDGE_CURVE('',#2257,#2158,#111,.T.);
#1735=EDGE_CURVE('',#2258,#2257,#311,.T.);
#1736=EDGE_CURVE('',#2258,#2259,#312,.T.);
#1737=EDGE_CURVE('',#2260,#2259,#313,.T.);
#1738=EDGE_CURVE('',#2260,#2174,#112,.T.);
#1739=EDGE_CURVE('',#2261,#2175,#113,.T.);
#1740=EDGE_CURVE('',#2262,#2261,#314,.T.);
#1741=EDGE_CURVE('',#2262,#2263,#315,.T.);
#1742=EDGE_CURVE('',#2264,#2263,#316,.T.);
#1743=EDGE_CURVE('',#2264,#2265,#114,.T.);
#1744=EDGE_CURVE('',#2265,#2266,#317,.T.);
#1745=EDGE_CURVE('',#2267,#2266,#115,.T.);
#1746=EDGE_CURVE('',#2268,#2267,#318,.T.);
#1747=EDGE_CURVE('',#2268,#2269,#319,.T.);
#1748=EDGE_CURVE('',#2270,#2269,#320,.T.);
#1749=EDGE_CURVE('',#2270,#2092,#116,.T.);
#1750=EDGE_CURVE('',#2271,#2090,#117,.T.);
#1751=EDGE_CURVE('',#2272,#2271,#321,.T.);
#1752=EDGE_CURVE('',#2272,#2273,#322,.T.);
#1753=EDGE_CURVE('',#2274,#2273,#323,.T.);
#1754=EDGE_CURVE('',#2274,#2088,#118,.T.);
#1755=EDGE_CURVE('',#2275,#2086,#119,.T.);
#1756=EDGE_CURVE('',#2276,#2275,#324,.T.);
#1757=EDGE_CURVE('',#2276,#2277,#325,.T.);
#1758=EDGE_CURVE('',#2278,#2277,#326,.T.);
#1759=EDGE_CURVE('',#2278,#2080,#120,.T.);
#1760=EDGE_CURVE('',#2279,#2078,#121,.T.);
#1761=EDGE_CURVE('',#2280,#2279,#327,.T.);
#1762=EDGE_CURVE('',#2280,#2281,#328,.T.);
#1763=EDGE_CURVE('',#2282,#2281,#329,.T.);
#1764=EDGE_CURVE('',#2282,#2082,#122,.T.);
#1765=EDGE_CURVE('',#2283,#2083,#123,.T.);
#1766=EDGE_CURVE('',#2284,#2283,#330,.T.);
#1767=EDGE_CURVE('',#2284,#2285,#331,.T.);
#1768=EDGE_CURVE('',#2286,#2285,#332,.T.);
#1769=EDGE_CURVE('',#2286,#2076,#124,.T.);
#1770=EDGE_CURVE('',#2287,#2074,#125,.T.);
#1771=EDGE_CURVE('',#2288,#2287,#333,.T.);
#1772=EDGE_CURVE('',#2288,#2289,#334,.T.);
#1773=EDGE_CURVE('',#2290,#2289,#335,.T.);
#1774=EDGE_CURVE('',#2290,#2072,#126,.T.);
#1775=EDGE_CURVE('',#2291,#2070,#127,.T.);
#1776=EDGE_CURVE('',#2292,#2291,#336,.T.);
#1777=EDGE_CURVE('',#2292,#2293,#337,.T.);
#1778=EDGE_CURVE('',#2294,#2293,#338,.T.);
#1779=EDGE_CURVE('',#2294,#2068,#128,.T.);
#1780=EDGE_CURVE('',#2295,#2066,#129,.T.);
#1781=EDGE_CURVE('',#2296,#2295,#339,.T.);
#1782=EDGE_CURVE('',#2296,#2297,#340,.T.);
#1783=EDGE_CURVE('',#2298,#2297,#341,.T.);
#1784=EDGE_CURVE('',#2298,#2064,#130,.T.);
#1785=EDGE_CURVE('',#2299,#2062,#131,.T.);
#1786=EDGE_CURVE('',#2300,#2299,#342,.T.);
#1787=EDGE_CURVE('',#2300,#2180,#343,.T.);
#1788=EDGE_CURVE('',#2301,#2301,#344,.T.);
#1789=EDGE_CURVE('',#2265,#2302,#2482,.T.);
#1790=EDGE_CURVE('',#2302,#2303,#345,.T.);
#1791=EDGE_CURVE('',#2266,#2303,#2483,.T.);
#1792=EDGE_CURVE('',#2304,#2305,#346,.F.);
#1793=EDGE_CURVE('',#2304,#2063,#132,.T.);
#1794=EDGE_CURVE('',#2306,#2065,#133,.T.);
#1795=EDGE_CURVE('',#2307,#2306,#347,.F.);
#1796=EDGE_CURVE('',#2308,#2307,#348,.T.);
#1797=EDGE_CURVE('',#2309,#2308,#349,.F.);
#1798=EDGE_CURVE('',#2309,#2067,#134,.T.);
#1799=EDGE_CURVE('',#2310,#2069,#135,.T.);
#1800=EDGE_CURVE('',#2311,#2310,#350,.F.);
#1801=EDGE_CURVE('',#2312,#2311,#351,.T.);
#1802=EDGE_CURVE('',#2313,#2312,#352,.F.);
#1803=EDGE_CURVE('',#2313,#2071,#136,.T.);
#1804=EDGE_CURVE('',#2314,#2073,#137,.T.);
#1805=EDGE_CURVE('',#2315,#2314,#353,.F.);
#1806=EDGE_CURVE('',#2316,#2315,#354,.T.);
#1807=EDGE_CURVE('',#2317,#2316,#355,.F.);
#1808=EDGE_CURVE('',#2317,#2075,#138,.T.);
#1809=EDGE_CURVE('',#2318,#2077,#139,.T.);
#1810=EDGE_CURVE('',#2319,#2318,#356,.F.);
#1811=EDGE_CURVE('',#2320,#2319,#357,.T.);
#1812=EDGE_CURVE('',#2321,#2320,#358,.F.);
#1813=EDGE_CURVE('',#2321,#2085,#140,.T.);
#1814=EDGE_CURVE('',#2322,#2084,#141,.T.);
#1815=EDGE_CURVE('',#2323,#2322,#359,.F.);
#1816=EDGE_CURVE('',#2324,#2323,#360,.T.);
#1817=EDGE_CURVE('',#2325,#2324,#361,.F.);
#1818=EDGE_CURVE('',#2325,#2079,#142,.T.);
#1819=EDGE_CURVE('',#2326,#2081,#143,.T.);
#1820=EDGE_CURVE('',#2327,#2326,#362,.F.);
#1821=EDGE_CURVE('',#2328,#2327,#363,.T.);
#1822=EDGE_CURVE('',#2329,#2328,#364,.F.);
#1823=EDGE_CURVE('',#2329,#2087,#144,.T.);
#1824=EDGE_CURVE('',#2330,#2089,#145,.T.);
#1825=EDGE_CURVE('',#2331,#2330,#365,.F.);
#1826=EDGE_CURVE('',#2332,#2331,#366,.T.);
#1827=EDGE_CURVE('',#2333,#2332,#367,.F.);
#1828=EDGE_CURVE('',#2333,#2091,#146,.T.);
#1829=EDGE_CURVE('',#2334,#2093,#147,.T.);
#1830=EDGE_CURVE('',#2335,#2334,#368,.F.);
#1831=EDGE_CURVE('',#2336,#2335,#369,.T.);
#1832=EDGE_CURVE('',#2337,#2336,#370,.F.);
#1833=EDGE_CURVE('',#2337,#2303,#148,.T.);
#1834=EDGE_CURVE('',#2338,#2302,#149,.T.);
#1835=EDGE_CURVE('',#2339,#2338,#371,.F.);
#1836=EDGE_CURVE('',#2340,#2339,#372,.T.);
#1837=EDGE_CURVE('',#2341,#2340,#373,.F.);
#1838=EDGE_CURVE('',#2341,#2177,#150,.T.);
#1839=EDGE_CURVE('',#2342,#2176,#151,.T.);
#1840=EDGE_CURVE('',#2343,#2342,#374,.F.);
#1841=EDGE_CURVE('',#2344,#2343,#375,.T.);
#1842=EDGE_CURVE('',#2345,#2344,#376,.F.);
#1843=EDGE_CURVE('',#2345,#2159,#152,.T.);
#1844=EDGE_CURVE('',#2346,#2161,#153,.T.);
#1845=EDGE_CURVE('',#2347,#2346,#377,.F.);
#1846=EDGE_CURVE('',#2348,#2347,#378,.T.);
#1847=EDGE_CURVE('',#2349,#2348,#379,.F.);
#1848=EDGE_CURVE('',#2349,#2163,#154,.T.);
#1849=EDGE_CURVE('',#2350,#2165,#155,.T.);
#1850=EDGE_CURVE('',#2351,#2350,#380,.F.);
#1851=EDGE_CURVE('',#2352,#2351,#381,.T.);
#1852=EDGE_CURVE('',#2353,#2352,#382,.F.);
#1853=EDGE_CURVE('',#2353,#2173,#156,.T.);
#1854=EDGE_CURVE('',#2354,#2172,#157,.T.);
#1855=EDGE_CURVE('',#2355,#2354,#383,.F.);
#1856=EDGE_CURVE('',#2356,#2355,#384,.T.);
#1857=EDGE_CURVE('',#2357,#2356,#385,.F.);
#1858=EDGE_CURVE('',#2357,#2169,#158,.T.);
#1859=EDGE_CURVE('',#2358,#2168,#159,.T.);
#1860=EDGE_CURVE('',#2359,#2358,#386,.F.);
#1861=EDGE_CURVE('',#2360,#2359,#387,.T.);
#1862=EDGE_CURVE('',#2361,#2360,#388,.F.);
#1863=EDGE_CURVE('',#2361,#2157,#160,.T.);
#1864=EDGE_CURVE('',#2362,#2156,#161,.T.);
#1865=EDGE_CURVE('',#2363,#2362,#389,.F.);
#1866=EDGE_CURVE('',#2364,#2363,#390,.T.);
#1867=EDGE_CURVE('',#2365,#2364,#391,.F.);
#1868=EDGE_CURVE('',#2365,#2153,#162,.T.);
#1869=EDGE_CURVE('',#2366,#2152,#163,.T.);
#1870=EDGE_CURVE('',#2367,#2366,#392,.F.);
#1871=EDGE_CURVE('',#2368,#2367,#393,.T.);
#1872=EDGE_CURVE('',#2369,#2368,#394,.F.);
#1873=EDGE_CURVE('',#2369,#2149,#164,.T.);
#1874=EDGE_CURVE('',#2370,#2148,#165,.T.);
#1875=EDGE_CURVE('',#2371,#2370,#395,.F.);
#1876=EDGE_CURVE('',#2372,#2371,#396,.T.);
#1877=EDGE_CURVE('',#2373,#2372,#397,.F.);
#1878=EDGE_CURVE('',#2373,#2145,#166,.T.);
#1879=EDGE_CURVE('',#2374,#2144,#167,.T.);
#1880=EDGE_CURVE('',#2375,#2374,#398,.F.);
#1881=EDGE_CURVE('',#2376,#2375,#399,.T.);
#1882=EDGE_CURVE('',#2377,#2376,#400,.F.);
#1883=EDGE_CURVE('',#2377,#2133,#168,.T.);
#1884=EDGE_CURVE('',#2378,#2132,#169,.T.);
#1885=EDGE_CURVE('',#2379,#2378,#401,.F.);
#1886=EDGE_CURVE('',#2380,#2379,#402,.T.);
#1887=EDGE_CURVE('',#2381,#2380,#403,.F.);
#1888=EDGE_CURVE('',#2381,#2127,#170,.T.);
#1889=EDGE_CURVE('',#2382,#2129,#171,.T.);
#1890=EDGE_CURVE('',#2383,#2382,#404,.F.);
#1891=EDGE_CURVE('',#2384,#2383,#405,.T.);
#1892=EDGE_CURVE('',#2385,#2384,#406,.F.);
#1893=EDGE_CURVE('',#2385,#2135,#172,.T.);
#1894=EDGE_CURVE('',#2386,#2137,#173,.T.);
#1895=EDGE_CURVE('',#2387,#2386,#407,.F.);
#1896=EDGE_CURVE('',#2388,#2387,#408,.T.);
#1897=EDGE_CURVE('',#2389,#2388,#409,.F.);
#1898=EDGE_CURVE('',#2389,#2141,#174,.T.);
#1899=EDGE_CURVE('',#2390,#2140,#175,.T.);
#1900=EDGE_CURVE('',#2391,#2390,#410,.F.);
#1901=EDGE_CURVE('',#2392,#2391,#411,.T.);
#1902=EDGE_CURVE('',#2393,#2392,#412,.F.);
#1903=EDGE_CURVE('',#2393,#2125,#176,.T.);
#1904=EDGE_CURVE('',#2394,#2124,#177,.T.);
#1905=EDGE_CURVE('',#2395,#2394,#413,.F.);
#1906=EDGE_CURVE('',#2396,#2395,#414,.T.);
#1907=EDGE_CURVE('',#2397,#2396,#415,.F.);
#1908=EDGE_CURVE('',#2397,#2121,#178,.T.);
#1909=EDGE_CURVE('',#2398,#2120,#179,.T.);
#1910=EDGE_CURVE('',#2399,#2398,#416,.F.);
#1911=EDGE_CURVE('',#2400,#2399,#417,.T.);
#1912=EDGE_CURVE('',#2401,#2400,#418,.F.);
#1913=EDGE_CURVE('',#2401,#2117,#180,.T.);
#1914=EDGE_CURVE('',#2402,#2116,#181,.T.);
#1915=EDGE_CURVE('',#2403,#2402,#419,.F.);
#1916=EDGE_CURVE('',#2404,#2403,#420,.T.);
#1917=EDGE_CURVE('',#2405,#2404,#421,.F.);
#1918=EDGE_CURVE('',#2405,#2113,#182,.T.);
#1919=EDGE_CURVE('',#2406,#2112,#183,.T.);
#1920=EDGE_CURVE('',#2407,#2406,#422,.F.);
#1921=EDGE_CURVE('',#2408,#2407,#423,.T.);
#1922=EDGE_CURVE('',#2409,#2408,#424,.F.);
#1923=EDGE_CURVE('',#2409,#2101,#184,.T.);
#1924=EDGE_CURVE('',#2410,#2100,#185,.T.);
#1925=EDGE_CURVE('',#2411,#2410,#425,.F.);
#1926=EDGE_CURVE('',#2412,#2411,#426,.T.);
#1927=EDGE_CURVE('',#2413,#2412,#427,.F.);
#1928=EDGE_CURVE('',#2413,#2095,#186,.T.);
#1929=EDGE_CURVE('',#2414,#2097,#187,.T.);
#1930=EDGE_CURVE('',#2415,#2414,#428,.F.);
#1931=EDGE_CURVE('',#2416,#2415,#429,.T.);
#1932=EDGE_CURVE('',#2417,#2416,#430,.F.);
#1933=EDGE_CURVE('',#2417,#2103,#188,.T.);
#1934=EDGE_CURVE('',#2418,#2105,#189,.T.);
#1935=EDGE_CURVE('',#2419,#2418,#431,.F.);
#1936=EDGE_CURVE('',#2420,#2419,#432,.T.);
#1937=EDGE_CURVE('',#2421,#2420,#433,.F.);
#1938=EDGE_CURVE('',#2421,#2109,#190,.T.);
#1939=EDGE_CURVE('',#2422,#2108,#191,.T.);
#1940=EDGE_CURVE('',#2423,#2422,#434,.F.);
#1941=EDGE_CURVE('',#2305,#2423,#435,.T.);
#1942=EDGE_CURVE('',#2334,#2270,#2484,.F.);
#1943=EDGE_CURVE('',#2336,#2268,#2485,.F.);
#1944=EDGE_CURVE('',#2269,#2335,#2486,.T.);
#1945=EDGE_CURVE('',#2267,#2337,#2487,.T.);
#1946=EDGE_CURVE('',#2338,#2264,#2488,.F.);
#1947=EDGE_CURVE('',#2340,#2262,#2489,.F.);
#1948=EDGE_CURVE('',#2263,#2339,#2490,.T.);
#1949=EDGE_CURVE('',#2261,#2341,#2491,.T.);
#1950=EDGE_CURVE('',#2350,#2252,#2492,.F.);
#1951=EDGE_CURVE('',#2352,#2250,#2493,.F.);
#1952=EDGE_CURVE('',#2251,#2351,#2494,.T.);
#1953=EDGE_CURVE('',#2249,#2353,#2495,.T.);
#1954=EDGE_CURVE('',#2354,#2248,#2496,.F.);
#1955=EDGE_CURVE('',#2356,#2246,#2497,.F.);
#1956=EDGE_CURVE('',#2247,#2355,#2498,.T.);
#1957=EDGE_CURVE('',#2245,#2357,#2499,.T.);
#1958=EDGE_CURVE('',#2346,#2256,#2500,.F.);
#1959=EDGE_CURVE('',#2348,#2254,#2501,.F.);
#1960=EDGE_CURVE('',#2255,#2347,#2502,.T.);
#1961=EDGE_CURVE('',#2253,#2349,#2503,.T.);
#1962=EDGE_CURVE('',#2342,#2260,#2504,.F.);
#1963=EDGE_CURVE('',#2344,#2258,#2505,.F.);
#1964=EDGE_CURVE('',#2259,#2343,#2506,.T.);
#1965=EDGE_CURVE('',#2257,#2345,#2507,.T.);
#1966=EDGE_CURVE('',#2358,#2244,#2508,.F.);
#1967=EDGE_CURVE('',#2360,#2242,#2509,.F.);
#1968=EDGE_CURVE('',#2243,#2359,#2510,.T.);
#1969=EDGE_CURVE('',#2241,#2361,#2511,.T.);
#1970=EDGE_CURVE('',#2362,#2240,#2512,.F.);
#1971=EDGE_CURVE('',#2364,#2238,#2513,.F.);
#1972=EDGE_CURVE('',#2239,#2363,#2514,.T.);
#1973=EDGE_CURVE('',#2237,#2365,#2515,.T.);
#1974=EDGE_CURVE('',#2366,#2236,#2516,.F.);
#1975=EDGE_CURVE('',#2368,#2234,#2517,.F.);
#1976=EDGE_CURVE('',#2235,#2367,#2518,.T.);
#1977=EDGE_CURVE('',#2233,#2369,#2519,.T.);
#1978=EDGE_CURVE('',#2370,#2232,#2520,.F.);
#1979=EDGE_CURVE('',#2372,#2230,#2521,.F.);
#1980=EDGE_CURVE('',#2231,#2371,#2522,.T.);
#1981=EDGE_CURVE('',#2229,#2373,#2523,.T.);
#1982=EDGE_CURVE('',#2386,#2216,#2524,.F.);
#1983=EDGE_CURVE('',#2388,#2214,#2525,.F.);
#1984=EDGE_CURVE('',#2215,#2387,#2526,.T.);
#1985=EDGE_CURVE('',#2213,#2389,#2527,.T.);
#1986=EDGE_CURVE('',#2382,#2220,#2528,.F.);
#1987=EDGE_CURVE('',#2384,#2218,#2529,.F.);
#1988=EDGE_CURVE('',#2219,#2383,#2530,.T.);
#1989=EDGE_CURVE('',#2217,#2385,#2531,.T.);
#1990=EDGE_CURVE('',#2374,#2228,#2532,.F.);
#1991=EDGE_CURVE('',#2376,#2226,#2533,.F.);
#1992=EDGE_CURVE('',#2227,#2375,#2534,.T.);
#1993=EDGE_CURVE('',#2225,#2377,#2535,.T.);
#1994=EDGE_CURVE('',#2378,#2224,#2536,.F.);
#1995=EDGE_CURVE('',#2380,#2222,#2537,.F.);
#1996=EDGE_CURVE('',#2223,#2379,#2538,.T.);
#1997=EDGE_CURVE('',#2221,#2381,#2539,.T.);
#1998=EDGE_CURVE('',#2390,#2212,#2540,.F.);
#1999=EDGE_CURVE('',#2392,#2210,#2541,.F.);
#2000=EDGE_CURVE('',#2211,#2391,#2542,.T.);
#2001=EDGE_CURVE('',#2209,#2393,#2543,.T.);
#2002=EDGE_CURVE('',#2394,#2208,#2544,.F.);
#2003=EDGE_CURVE('',#2396,#2206,#2545,.F.);
#2004=EDGE_CURVE('',#2207,#2395,#2546,.T.);
#2005=EDGE_CURVE('',#2205,#2397,#2547,.T.);
#2006=EDGE_CURVE('',#2398,#2204,#2548,.F.);
#2007=EDGE_CURVE('',#2400,#2202,#2549,.F.);
#2008=EDGE_CURVE('',#2203,#2399,#2550,.T.);
#2009=EDGE_CURVE('',#2201,#2401,#2551,.T.);
#2010=EDGE_CURVE('',#2402,#2200,#2552,.F.);
#2011=EDGE_CURVE('',#2404,#2198,#2553,.F.);
#2012=EDGE_CURVE('',#2199,#2403,#2554,.T.);
#2013=EDGE_CURVE('',#2197,#2405,#2555,.T.);
#2014=EDGE_CURVE('',#2418,#2184,#2556,.F.);
#2015=EDGE_CURVE('',#2420,#2182,#2557,.F.);
#2016=EDGE_CURVE('',#2183,#2419,#2558,.T.);
#2017=EDGE_CURVE('',#2181,#2421,#2559,.T.);
#2018=EDGE_CURVE('',#2414,#2188,#2560,.F.);
#2019=EDGE_CURVE('',#2416,#2186,#2561,.F.);
#2020=EDGE_CURVE('',#2187,#2415,#2562,.T.);
#2021=EDGE_CURVE('',#2185,#2417,#2563,.T.);
#2022=EDGE_CURVE('',#2406,#2196,#2564,.F.);
#2023=EDGE_CURVE('',#2408,#2194,#2565,.F.);
#2024=EDGE_CURVE('',#2195,#2407,#2566,.T.);
#2025=EDGE_CURVE('',#2193,#2409,#2567,.T.);
#2026=EDGE_CURVE('',#2410,#2192,#2568,.F.);
#2027=EDGE_CURVE('',#2412,#2190,#2569,.F.);
#2028=EDGE_CURVE('',#2191,#2411,#2570,.T.);
#2029=EDGE_CURVE('',#2189,#2413,#2571,.T.);
#2030=EDGE_CURVE('',#2330,#2274,#2572,.F.);
#2031=EDGE_CURVE('',#2332,#2272,#2573,.F.);
#2032=EDGE_CURVE('',#2273,#2331,#2574,.T.);
#2033=EDGE_CURVE('',#2271,#2333,#2575,.T.);
#2034=EDGE_CURVE('',#2326,#2278,#2576,.F.);
#2035=EDGE_CURVE('',#2328,#2276,#2577,.F.);
#2036=EDGE_CURVE('',#2277,#2327,#2578,.T.);
#2037=EDGE_CURVE('',#2275,#2329,#2579,.T.);
#2038=EDGE_CURVE('',#2318,#2286,#2580,.F.);
#2039=EDGE_CURVE('',#2320,#2284,#2581,.F.);
#2040=EDGE_CURVE('',#2285,#2319,#2582,.T.);
#2041=EDGE_CURVE('',#2283,#2321,#2583,.T.);
#2042=EDGE_CURVE('',#2322,#2282,#2584,.F.);
#2043=EDGE_CURVE('',#2324,#2280,#2585,.F.);
#2044=EDGE_CURVE('',#2281,#2323,#2586,.T.);
#2045=EDGE_CURVE('',#2279,#2325,#2587,.T.);
#2046=EDGE_CURVE('',#2314,#2290,#2588,.F.);
#2047=EDGE_CURVE('',#2316,#2288,#2589,.F.);
#2048=EDGE_CURVE('',#2289,#2315,#2590,.T.);
#2049=EDGE_CURVE('',#2287,#2317,#2591,.T.);
#2050=EDGE_CURVE('',#2310,#2294,#2592,.F.);
#2051=EDGE_CURVE('',#2312,#2292,#2593,.F.);
#2052=EDGE_CURVE('',#2293,#2311,#2594,.T.);
#2053=EDGE_CURVE('',#2291,#2313,#2595,.T.);
#2054=EDGE_CURVE('',#2306,#2298,#2596,.F.);
#2055=EDGE_CURVE('',#2308,#2296,#2597,.F.);
#2056=EDGE_CURVE('',#2297,#2307,#2598,.T.);
#2057=EDGE_CURVE('',#2295,#2309,#2599,.T.);
#2058=EDGE_CURVE('',#2422,#2179,#2600,.F.);
#2059=EDGE_CURVE('',#2305,#2300,#2601,.F.);
#2060=EDGE_CURVE('',#2180,#2423,#2602,.T.);
#2061=EDGE_CURVE('',#2299,#2304,#2603,.T.);
#2062=VERTEX_POINT('',#4753);
#2063=VERTEX_POINT('',#4754);
#2064=VERTEX_POINT('',#4756);
#2065=VERTEX_POINT('',#4758);
#2066=VERTEX_POINT('',#4762);
#2067=VERTEX_POINT('',#4763);
#2068=VERTEX_POINT('',#4765);
#2069=VERTEX_POINT('',#4767);
#2070=VERTEX_POINT('',#4771);
#2071=VERTEX_POINT('',#4772);
#2072=VERTEX_POINT('',#4774);
#2073=VERTEX_POINT('',#4776);
#2074=VERTEX_POINT('',#4780);
#2075=VERTEX_POINT('',#4781);
#2076=VERTEX_POINT('',#4783);
#2077=VERTEX_POINT('',#4785);
#2078=VERTEX_POINT('',#4789);
#2079=VERTEX_POINT('',#4790);
#2080=VERTEX_POINT('',#4792);
#2081=VERTEX_POINT('',#4794);
#2082=VERTEX_POINT('',#4798);
#2083=VERTEX_POINT('',#4799);
#2084=VERTEX_POINT('',#4801);
#2085=VERTEX_POINT('',#4803);
#2086=VERTEX_POINT('',#4807);
#2087=VERTEX_POINT('',#4808);
#2088=VERTEX_POINT('',#4810);
#2089=VERTEX_POINT('',#4812);
#2090=VERTEX_POINT('',#4816);
#2091=VERTEX_POINT('',#4817);
#2092=VERTEX_POINT('',#4819);
#2093=VERTEX_POINT('',#4821);
#2094=VERTEX_POINT('',#4825);
#2095=VERTEX_POINT('',#4826);
#2096=VERTEX_POINT('',#4828);
#2097=VERTEX_POINT('',#4830);
#2098=VERTEX_POINT('',#4834);
#2099=VERTEX_POINT('',#4835);
#2100=VERTEX_POINT('',#4837);
#2101=VERTEX_POINT('',#4839);
#2102=VERTEX_POINT('',#4843);
#2103=VERTEX_POINT('',#4844);
#2104=VERTEX_POINT('',#4846);
#2105=VERTEX_POINT('',#4848);
#2106=VERTEX_POINT('',#4852);
#2107=VERTEX_POINT('',#4853);
#2108=VERTEX_POINT('',#4855);
#2109=VERTEX_POINT('',#4857);
#2110=VERTEX_POINT('',#4861);
#2111=VERTEX_POINT('',#4862);
#2112=VERTEX_POINT('',#4864);
#2113=VERTEX_POINT('',#4866);
#2114=VERTEX_POINT('',#4870);
#2115=VERTEX_POINT('',#4871);
#2116=VERTEX_POINT('',#4873);
#2117=VERTEX_POINT('',#4875);
#2118=VERTEX_POINT('',#4879);
#2119=VERTEX_POINT('',#4880);
#2120=VERTEX_POINT('',#4882);
#2121=VERTEX_POINT('',#4884);
#2122=VERTEX_POINT('',#4888);
#2123=VERTEX_POINT('',#4889);
#2124=VERTEX_POINT('',#4891);
#2125=VERTEX_POINT('',#4893);
#2126=VERTEX_POINT('',#4897);
#2127=VERTEX_POINT('',#4898);
#2128=VERTEX_POINT('',#4900);
#2129=VERTEX_POINT('',#4902);
#2130=VERTEX_POINT('',#4906);
#2131=VERTEX_POINT('',#4907);
#2132=VERTEX_POINT('',#4909);
#2133=VERTEX_POINT('',#4911);
#2134=VERTEX_POINT('',#4915);
#2135=VERTEX_POINT('',#4916);
#2136=VERTEX_POINT('',#4918);
#2137=VERTEX_POINT('',#4920);
#2138=VERTEX_POINT('',#4924);
#2139=VERTEX_POINT('',#4925);
#2140=VERTEX_POINT('',#4927);
#2141=VERTEX_POINT('',#4929);
#2142=VERTEX_POINT('',#4933);
#2143=VERTEX_POINT('',#4934);
#2144=VERTEX_POINT('',#4936);
#2145=VERTEX_POINT('',#4938);
#2146=VERTEX_POINT('',#4942);
#2147=VERTEX_POINT('',#4943);
#2148=VERTEX_POINT('',#4945);
#2149=VERTEX_POINT('',#4947);
#2150=VERTEX_POINT('',#4951);
#2151=VERTEX_POINT('',#4952);
#2152=VERTEX_POINT('',#4954);
#2153=VERTEX_POINT('',#4956);
#2154=VERTEX_POINT('',#4960);
#2155=VERTEX_POINT('',#4961);
#2156=VERTEX_POINT('',#4963);
#2157=VERTEX_POINT('',#4965);
#2158=VERTEX_POINT('',#4969);
#2159=VERTEX_POINT('',#4970);
#2160=VERTEX_POINT('',#4972);
#2161=VERTEX_POINT('',#4974);
#2162=VERTEX_POINT('',#4978);
#2163=VERTEX_POINT('',#4979);
#2164=VERTEX_POINT('',#4981);
#2165=VERTEX_POINT('',#4983);
#2166=VERTEX_POINT('',#4987);
#2167=VERTEX_POINT('',#4988);
#2168=VERTEX_POINT('',#4990);
#2169=VERTEX_POINT('',#4992);
#2170=VERTEX_POINT('',#4996);
#2171=VERTEX_POINT('',#4997);
#2172=VERTEX_POINT('',#4999);
#2173=VERTEX_POINT('',#5001);
#2174=VERTEX_POINT('',#5005);
#2175=VERTEX_POINT('',#5006);
#2176=VERTEX_POINT('',#5008);
#2177=VERTEX_POINT('',#5010);
#2178=VERTEX_POINT('',#5014);
#2179=VERTEX_POINT('',#5016);
#2180=VERTEX_POINT('',#5017);
#2181=VERTEX_POINT('',#5046);
#2182=VERTEX_POINT('',#5048);
#2183=VERTEX_POINT('',#5050);
#2184=VERTEX_POINT('',#5052);
#2185=VERTEX_POINT('',#5081);
#2186=VERTEX_POINT('',#5083);
#2187=VERTEX_POINT('',#5085);
#2188=VERTEX_POINT('',#5087);
#2189=VERTEX_POINT('',#5116);
#2190=VERTEX_POINT('',#5118);
#2191=VERTEX_POINT('',#5120);
#2192=VERTEX_POINT('',#5122);
#2193=VERTEX_POINT('',#5151);
#2194=VERTEX_POINT('',#5153);
#2195=VERTEX_POINT('',#5155);
#2196=VERTEX_POINT('',#5157);
#2197=VERTEX_POINT('',#5186);
#2198=VERTEX_POINT('',#5188);
#2199=VERTEX_POINT('',#5190);
#2200=VERTEX_POINT('',#5192);
#2201=VERTEX_POINT('',#5221);
#2202=VERTEX_POINT('',#5223);
#2203=VERTEX_POINT('',#5225);
#2204=VERTEX_POINT('',#5227);
#2205=VERTEX_POINT('',#5256);
#2206=VERTEX_POINT('',#5258);
#2207=VERTEX_POINT('',#5260);
#2208=VERTEX_POINT('',#5262);
#2209=VERTEX_POINT('',#5291);
#2210=VERTEX_POINT('',#5293);
#2211=VERTEX_POINT('',#5295);
#2212=VERTEX_POINT('',#5297);
#2213=VERTEX_POINT('',#5326);
#2214=VERTEX_POINT('',#5328);
#2215=VERTEX_POINT('',#5330);
#2216=VERTEX_POINT('',#5332);
#2217=VERTEX_POINT('',#5361);
#2218=VERTEX_POINT('',#5363);
#2219=VERTEX_POINT('',#5365);
#2220=VERTEX_POINT('',#5367);
#2221=VERTEX_POINT('',#5396);
#2222=VERTEX_POINT('',#5398);
#2223=VERTEX_POINT('',#5400);
#2224=VERTEX_POINT('',#5402);
#2225=VERTEX_POINT('',#5431);
#2226=VERTEX_POINT('',#5433);
#2227=VERTEX_POINT('',#5435);
#2228=VERTEX_POINT('',#5437);
#2229=VERTEX_POINT('',#5466);
#2230=VERTEX_POINT('',#5468);
#2231=VERTEX_POINT('',#5470);
#2232=VERTEX_POINT('',#5472);
#2233=VERTEX_POINT('',#5501);
#2234=VERTEX_POINT('',#5503);
#2235=VERTEX_POINT('',#5505);
#2236=VERTEX_POINT('',#5507);
#2237=VERTEX_POINT('',#5536);
#2238=VERTEX_POINT('',#5538);
#2239=VERTEX_POINT('',#5540);
#2240=VERTEX_POINT('',#5542);
#2241=VERTEX_POINT('',#5571);
#2242=VERTEX_POINT('',#5573);
#2243=VERTEX_POINT('',#5575);
#2244=VERTEX_POINT('',#5577);
#2245=VERTEX_POINT('',#5606);
#2246=VERTEX_POINT('',#5608);
#2247=VERTEX_POINT('',#5610);
#2248=VERTEX_POINT('',#5612);
#2249=VERTEX_POINT('',#5641);
#2250=VERTEX_POINT('',#5643);
#2251=VERTEX_POINT('',#5645);
#2252=VERTEX_POINT('',#5647);
#2253=VERTEX_POINT('',#5676);
#2254=VERTEX_POINT('',#5678);
#2255=VERTEX_POINT('',#5680);
#2256=VERTEX_POINT('',#5682);
#2257=VERTEX_POINT('',#5711);
#2258=VERTEX_POINT('',#5713);
#2259=VERTEX_POINT('',#5715);
#2260=VERTEX_POINT('',#5717);
#2261=VERTEX_POINT('',#5746);
#2262=VERTEX_POINT('',#5748);
#2263=VERTEX_POINT('',#5750);
#2264=VERTEX_POINT('',#5752);
#2265=VERTEX_POINT('',#5767);
#2266=VERTEX_POINT('',#5769);
#2267=VERTEX_POINT('',#5784);
#2268=VERTEX_POINT('',#5786);
#2269=VERTEX_POINT('',#5788);
#2270=VERTEX_POINT('',#5790);
#2271=VERTEX_POINT('',#5819);
#2272=VERTEX_POINT('',#5821);
#2273=VERTEX_POINT('',#5823);
#2274=VERTEX_POINT('',#5825);
#2275=VERTEX_POINT('',#5854);
#2276=VERTEX_POINT('',#5856);
#2277=VERTEX_POINT('',#5858);
#2278=VERTEX_POINT('',#5860);
#2279=VERTEX_POINT('',#5889);
#2280=VERTEX_POINT('',#5891);
#2281=VERTEX_POINT('',#5893);
#2282=VERTEX_POINT('',#5895);
#2283=VERTEX_POINT('',#5924);
#2284=VERTEX_POINT('',#5926);
#2285=VERTEX_POINT('',#5928);
#2286=VERTEX_POINT('',#5930);
#2287=VERTEX_POINT('',#5959);
#2288=VERTEX_POINT('',#5961);
#2289=VERTEX_POINT('',#5963);
#2290=VERTEX_POINT('',#5965);
#2291=VERTEX_POINT('',#5994);
#2292=VERTEX_POINT('',#5996);
#2293=VERTEX_POINT('',#5998);
#2294=VERTEX_POINT('',#6000);
#2295=VERTEX_POINT('',#6029);
#2296=VERTEX_POINT('',#6031);
#2297=VERTEX_POINT('',#6033);
#2298=VERTEX_POINT('',#6035);
#2299=VERTEX_POINT('',#6064);
#2300=VERTEX_POINT('',#6066);
#2301=VERTEX_POINT('',#6070);
#2302=VERTEX_POINT('',#6073);
#2303=VERTEX_POINT('',#6075);
#2304=VERTEX_POINT('',#6079);
#2305=VERTEX_POINT('',#6080);
#2306=VERTEX_POINT('',#6109);
#2307=VERTEX_POINT('',#6111);
#2308=VERTEX_POINT('',#6113);
#2309=VERTEX_POINT('',#6115);
#2310=VERTEX_POINT('',#6144);
#2311=VERTEX_POINT('',#6146);
#2312=VERTEX_POINT('',#6148);
#2313=VERTEX_POINT('',#6150);
#2314=VERTEX_POINT('',#6179);
#2315=VERTEX_POINT('',#6181);
#2316=VERTEX_POINT('',#6183);
#2317=VERTEX_POINT('',#6185);
#2318=VERTEX_POINT('',#6214);
#2319=VERTEX_POINT('',#6216);
#2320=VERTEX_POINT('',#6218);
#2321=VERTEX_POINT('',#6220);
#2322=VERTEX_POINT('',#6249);
#2323=VERTEX_POINT('',#6251);
#2324=VERTEX_POINT('',#6253);
#2325=VERTEX_POINT('',#6255);
#2326=VERTEX_POINT('',#6284);
#2327=VERTEX_POINT('',#6286);
#2328=VERTEX_POINT('',#6288);
#2329=VERTEX_POINT('',#6290);
#2330=VERTEX_POINT('',#6319);
#2331=VERTEX_POINT('',#6321);
#2332=VERTEX_POINT('',#6323);
#2333=VERTEX_POINT('',#6325);
#2334=VERTEX_POINT('',#6354);
#2335=VERTEX_POINT('',#6356);
#2336=VERTEX_POINT('',#6358);
#2337=VERTEX_POINT('',#6360);
#2338=VERTEX_POINT('',#6389);
#2339=VERTEX_POINT('',#6391);
#2340=VERTEX_POINT('',#6393);
#2341=VERTEX_POINT('',#6395);
#2342=VERTEX_POINT('',#6424);
#2343=VERTEX_POINT('',#6426);
#2344=VERTEX_POINT('',#6428);
#2345=VERTEX_POINT('',#6430);
#2346=VERTEX_POINT('',#6459);
#2347=VERTEX_POINT('',#6461);
#2348=VERTEX_POINT('',#6463);
#2349=VERTEX_POINT('',#6465);
#2350=VERTEX_POINT('',#6494);
#2351=VERTEX_POINT('',#6496);
#2352=VERTEX_POINT('',#6498);
#2353=VERTEX_POINT('',#6500);
#2354=VERTEX_POINT('',#6529);
#2355=VERTEX_POINT('',#6531);
#2356=VERTEX_POINT('',#6533);
#2357=VERTEX_POINT('',#6535);
#2358=VERTEX_POINT('',#6564);
#2359=VERTEX_POINT('',#6566);
#2360=VERTEX_POINT('',#6568);
#2361=VERTEX_POINT('',#6570);
#2362=VERTEX_POINT('',#6599);
#2363=VERTEX_POINT('',#6601);
#2364=VERTEX_POINT('',#6603);
#2365=VERTEX_POINT('',#6605);
#2366=VERTEX_POINT('',#6634);
#2367=VERTEX_POINT('',#6636);
#2368=VERTEX_POINT('',#6638);
#2369=VERTEX_POINT('',#6640);
#2370=VERTEX_POINT('',#6669);
#2371=VERTEX_POINT('',#6671);
#2372=VERTEX_POINT('',#6673);
#2373=VERTEX_POINT('',#6675);
#2374=VERTEX_POINT('',#6704);
#2375=VERTEX_POINT('',#6706);
#2376=VERTEX_POINT('',#6708);
#2377=VERTEX_POINT('',#6710);
#2378=VERTEX_POINT('',#6739);
#2379=VERTEX_POINT('',#6741);
#2380=VERTEX_POINT('',#6743);
#2381=VERTEX_POINT('',#6745);
#2382=VERTEX_POINT('',#6774);
#2383=VERTEX_POINT('',#6776);
#2384=VERTEX_POINT('',#6778);
#2385=VERTEX_POINT('',#6780);
#2386=VERTEX_POINT('',#6809);
#2387=VERTEX_POINT('',#6811);
#2388=VERTEX_POINT('',#6813);
#2389=VERTEX_POINT('',#6815);
#2390=VERTEX_POINT('',#6844);
#2391=VERTEX_POINT('',#6846);
#2392=VERTEX_POINT('',#6848);
#2393=VERTEX_POINT('',#6850);
#2394=VERTEX_POINT('',#6879);
#2395=VERTEX_POINT('',#6881);
#2396=VERTEX_POINT('',#6883);
#2397=VERTEX_POINT('',#6885);
#2398=VERTEX_POINT('',#6914);
#2399=VERTEX_POINT('',#6916);
#2400=VERTEX_POINT('',#6918);
#2401=VERTEX_POINT('',#6920);
#2402=VERTEX_POINT('',#6949);
#2403=VERTEX_POINT('',#6951);
#2404=VERTEX_POINT('',#6953);
#2405=VERTEX_POINT('',#6955);
#2406=VERTEX_POINT('',#6984);
#2407=VERTEX_POINT('',#6986);
#2408=VERTEX_POINT('',#6988);
#2409=VERTEX_POINT('',#6990);
#2410=VERTEX_POINT('',#7019);
#2411=VERTEX_POINT('',#7021);
#2412=VERTEX_POINT('',#7023);
#2413=VERTEX_POINT('',#7025);
#2414=VERTEX_POINT('',#7054);
#2415=VERTEX_POINT('',#7056);
#2416=VERTEX_POINT('',#7058);
#2417=VERTEX_POINT('',#7060);
#2418=VERTEX_POINT('',#7089);
#2419=VERTEX_POINT('',#7091);
#2420=VERTEX_POINT('',#7093);
#2421=VERTEX_POINT('',#7095);
#2422=VERTEX_POINT('',#7124);
#2423=VERTEX_POINT('',#7126);
#2424=LINE('',#4752,#2604);
#2425=LINE('',#4757,#2605);
#2426=LINE('',#4761,#2606);
#2427=LINE('',#4766,#2607);
#2428=LINE('',#4770,#2608);
#2429=LINE('',#4775,#2609);
#2430=LINE('',#4779,#2610);
#2431=LINE('',#4784,#2611);
#2432=LINE('',#4788,#2612);
#2433=LINE('',#4793,#2613);
#2434=LINE('',#4800,#2614);
#2435=LINE('',#4804,#2615);
#2436=LINE('',#4806,#2616);
#2437=LINE('',#4811,#2617);
#2438=LINE('',#4815,#2618);
#2439=LINE('',#4820,#2619);
#2440=LINE('',#4824,#2620);
#2441=LINE('',#4829,#2621);
#2442=LINE('',#4836,#2622);
#2443=LINE('',#4840,#2623);
#2444=LINE('',#4842,#2624);
#2445=LINE('',#4847,#2625);
#2446=LINE('',#4854,#2626);
#2447=LINE('',#4858,#2627);
#2448=LINE('',#4863,#2628);
#2449=LINE('',#4867,#2629);
#2450=LINE('',#4872,#2630);
#2451=LINE('',#4876,#2631);
#2452=LINE('',#4881,#2632);
#2453=LINE('',#4885,#2633);
#2454=LINE('',#4890,#2634);
#2455=LINE('',#4894,#2635);
#2456=LINE('',#4896,#2636);
#2457=LINE('',#4901,#2637);
#2458=LINE('',#4908,#2638);
#2459=LINE('',#4912,#2639);
#2460=LINE('',#4914,#2640);
#2461=LINE('',#4919,#2641);
#2462=LINE('',#4926,#2642);
#2463=LINE('',#4930,#2643);
#2464=LINE('',#4935,#2644);
#2465=LINE('',#4939,#2645);
#2466=LINE('',#4944,#2646);
#2467=LINE('',#4948,#2647);
#2468=LINE('',#4953,#2648);
#2469=LINE('',#4957,#2649);
#2470=LINE('',#4962,#2650);
#2471=LINE('',#4966,#2651);
#2472=LINE('',#4968,#2652);
#2473=LINE('',#4973,#2653);
#2474=LINE('',#4977,#2654);
#2475=LINE('',#4982,#2655);
#2476=LINE('',#4989,#2656);
#2477=LINE('',#4993,#2657);
#2478=LINE('',#4998,#2658);
#2479=LINE('',#5002,#2659);
#2480=LINE('',#5007,#2660);
#2481=LINE('',#5011,#2661);
#2482=LINE('',#6072,#2662);
#2483=LINE('',#6076,#2663);
#2484=LINE('',#7150,#2664);
#2485=LINE('',#7152,#2665);
#2486=LINE('',#7153,#2666);
#2487=LINE('',#7176,#2667);
#2488=LINE('',#7201,#2668);
#2489=LINE('',#7203,#2669);
#2490=LINE('',#7204,#2670);
#2491=LINE('',#7227,#2671);
#2492=LINE('',#7252,#2672);
#2493=LINE('',#7254,#2673);
#2494=LINE('',#7255,#2674);
#2495=LINE('',#7278,#2675);
#2496=LINE('',#7303,#2676);
#2497=LINE('',#7305,#2677);
#2498=LINE('',#7306,#2678);
#2499=LINE('',#7329,#2679);
#2500=LINE('',#7354,#2680);
#2501=LINE('',#7356,#2681);
#2502=LINE('',#7357,#2682);
#2503=LINE('',#7380,#2683);
#2504=LINE('',#7405,#2684);
#2505=LINE('',#7407,#2685);
#2506=LINE('',#7408,#2686);
#2507=LINE('',#7431,#2687);
#2508=LINE('',#7456,#2688);
#2509=LINE('',#7458,#2689);
#2510=LINE('',#7459,#2690);
#2511=LINE('',#7482,#2691);
#2512=LINE('',#7507,#2692);
#2513=LINE('',#7509,#2693);
#2514=LINE('',#7510,#2694);
#2515=LINE('',#7533,#2695);
#2516=LINE('',#7558,#2696);
#2517=LINE('',#7560,#2697);
#2518=LINE('',#7561,#2698);
#2519=LINE('',#7584,#2699);
#2520=LINE('',#7609,#2700);
#2521=LINE('',#7611,#2701);
#2522=LINE('',#7612,#2702);
#2523=LINE('',#7635,#2703);
#2524=LINE('',#7660,#2704);
#2525=LINE('',#7662,#2705);
#2526=LINE('',#7663,#2706);
#2527=LINE('',#7686,#2707);
#2528=LINE('',#7711,#2708);
#2529=LINE('',#7713,#2709);
#2530=LINE('',#7714,#2710);
#2531=LINE('',#7737,#2711);
#2532=LINE('',#7762,#2712);
#2533=LINE('',#7764,#2713);
#2534=LINE('',#7765,#2714);
#2535=LINE('',#7788,#2715);
#2536=LINE('',#7813,#2716);
#2537=LINE('',#7815,#2717);
#2538=LINE('',#7816,#2718);
#2539=LINE('',#7839,#2719);
#2540=LINE('',#7864,#2720);
#2541=LINE('',#7866,#2721);
#2542=LINE('',#7867,#2722);
#2543=LINE('',#7890,#2723);
#2544=LINE('',#7915,#2724);
#2545=LINE('',#7917,#2725);
#2546=LINE('',#7918,#2726);
#2547=LINE('',#7941,#2727);
#2548=LINE('',#7966,#2728);
#2549=LINE('',#7968,#2729);
#2550=LINE('',#7969,#2730);
#2551=LINE('',#7992,#2731);
#2552=LINE('',#8017,#2732);
#2553=LINE('',#8019,#2733);
#2554=LINE('',#8020,#2734);
#2555=LINE('',#8043,#2735);
#2556=LINE('',#8068,#2736);
#2557=LINE('',#8070,#2737);
#2558=LINE('',#8071,#2738);
#2559=LINE('',#8094,#2739);
#2560=LINE('',#8119,#2740);
#2561=LINE('',#8121,#2741);
#2562=LINE('',#8122,#2742);
#2563=LINE('',#8145,#2743);
#2564=LINE('',#8170,#2744);
#2565=LINE('',#8172,#2745);
#2566=LINE('',#8173,#2746);
#2567=LINE('',#8196,#2747);
#2568=LINE('',#8221,#2748);
#2569=LINE('',#8223,#2749);
#2570=LINE('',#8224,#2750);
#2571=LINE('',#8247,#2751);
#2572=LINE('',#8272,#2752);
#2573=LINE('',#8274,#2753);
#2574=LINE('',#8275,#2754);
#2575=LINE('',#8298,#2755);
#2576=LINE('',#8323,#2756);
#2577=LINE('',#8325,#2757);
#2578=LINE('',#8326,#2758);
#2579=LINE('',#8349,#2759);
#2580=LINE('',#8374,#2760);
#2581=LINE('',#8376,#2761);
#2582=LINE('',#8377,#2762);
#2583=LINE('',#8400,#2763);
#2584=LINE('',#8425,#2764);
#2585=LINE('',#8427,#2765);
#2586=LINE('',#8428,#2766);
#2587=LINE('',#8451,#2767);
#2588=LINE('',#8476,#2768);
#2589=LINE('',#8478,#2769);
#2590=LINE('',#8479,#2770);
#2591=LINE('',#8502,#2771);
#2592=LINE('',#8527,#2772);
#2593=LINE('',#8529,#2773);
#2594=LINE('',#8530,#2774);
#2595=LINE('',#8553,#2775);
#2596=LINE('',#8578,#2776);
#2597=LINE('',#8580,#2777);
#2598=LINE('',#8581,#2778);
#2599=LINE('',#8604,#2779);
#2600=LINE('',#8629,#2780);
#2601=LINE('',#8631,#2781);
#2602=LINE('',#8632,#2782);
#2603=LINE('',#8655,#2783);
#2604=VECTOR('',#3842,1.);
#2605=VECTOR('',#3845,1.);
#2606=VECTOR('',#3850,1.);
#2607=VECTOR('',#3853,1.);
#2608=VECTOR('',#3858,1.);
#2609=VECTOR('',#3861,1.);
#2610=VECTOR('',#3866,1.);
#2611=VECTOR('',#3869,1.);
#2612=VECTOR('',#3874,1.);
#2613=VECTOR('',#3877,1.);
#2614=VECTOR('',#3884,1.);
#2615=VECTOR('',#3887,1.);
#2616=VECTOR('',#3890,1.);
#2617=VECTOR('',#3893,1.);
#2618=VECTOR('',#3898,1.);
#2619=VECTOR('',#3901,1.);
#2620=VECTOR('',#3906,1.);
#2621=VECTOR('',#3909,1.);
#2622=VECTOR('',#3916,1.);
#2623=VECTOR('',#3919,1.);
#2624=VECTOR('',#3922,1.);
#2625=VECTOR('',#3925,1.);
#2626=VECTOR('',#3932,1.);
#2627=VECTOR('',#3935,1.);
#2628=VECTOR('',#3940,1.);
#2629=VECTOR('',#3943,1.);
#2630=VECTOR('',#3948,1.);
#2631=VECTOR('',#3951,1.);
#2632=VECTOR('',#3956,1.);
#2633=VECTOR('',#3959,1.);
#2634=VECTOR('',#3964,1.);
#2635=VECTOR('',#3967,1.);
#2636=VECTOR('',#3970,1.);
#2637=VECTOR('',#3973,1.);
#2638=VECTOR('',#3980,1.);
#2639=VECTOR('',#3983,1.);
#2640=VECTOR('',#3986,1.);
#2641=VECTOR('',#3989,1.);
#2642=VECTOR('',#3996,1.);
#2643=VECTOR('',#3999,1.);
#2644=VECTOR('',#4004,1.);
#2645=VECTOR('',#4007,1.);
#2646=VECTOR('',#4012,1.);
#2647=VECTOR('',#4015,1.);
#2648=VECTOR('',#4020,1.);
#2649=VECTOR('',#4023,1.);
#2650=VECTOR('',#4028,1.);
#2651=VECTOR('',#4031,1.);
#2652=VECTOR('',#4034,1.);
#2653=VECTOR('',#4037,1.);
#2654=VECTOR('',#4042,1.);
#2655=VECTOR('',#4045,1.);
#2656=VECTOR('',#4052,1.);
#2657=VECTOR('',#4055,1.);
#2658=VECTOR('',#4060,1.);
#2659=VECTOR('',#4063,1.);
#2660=VECTOR('',#4068,1.);
#2661=VECTOR('',#4071,1.);
#2662=VECTOR('',#4264,1.);
#2663=VECTOR('',#4267,1.);
#2664=VECTOR('',#4450,1.);
#2665=VECTOR('',#4453,1.);
#2666=VECTOR('',#4454,1.);
#2667=VECTOR('',#4455,1.);
#2668=VECTOR('',#4460,1.);
#2669=VECTOR('',#4463,1.);
#2670=VECTOR('',#4464,1.);
#2671=VECTOR('',#4465,1.);
#2672=VECTOR('',#4470,1.);
#2673=VECTOR('',#4473,1.);
#2674=VECTOR('',#4474,1.);
#2675=VECTOR('',#4475,1.);
#2676=VECTOR('',#4480,1.);
#2677=VECTOR('',#4483,1.);
#2678=VECTOR('',#4484,1.);
#2679=VECTOR('',#4485,1.);
#2680=VECTOR('',#4490,1.);
#2681=VECTOR('',#4493,1.);
#2682=VECTOR('',#4494,1.);
#2683=VECTOR('',#4495,1.);
#2684=VECTOR('',#4500,1.);
#2685=VECTOR('',#4503,1.);
#2686=VECTOR('',#4504,1.);
#2687=VECTOR('',#4505,1.);
#2688=VECTOR('',#4510,1.);
#2689=VECTOR('',#4513,1.);
#2690=VECTOR('',#4514,1.);
#2691=VECTOR('',#4515,1.);
#2692=VECTOR('',#4520,1.);
#2693=VECTOR('',#4523,1.);
#2694=VECTOR('',#4524,1.);
#2695=VECTOR('',#4525,1.);
#2696=VECTOR('',#4530,1.);
#2697=VECTOR('',#4533,1.);
#2698=VECTOR('',#4534,1.);
#2699=VECTOR('',#4535,1.);
#2700=VECTOR('',#4540,1.);
#2701=VECTOR('',#4543,1.);
#2702=VECTOR('',#4544,1.);
#2703=VECTOR('',#4545,1.);
#2704=VECTOR('',#4550,1.);
#2705=VECTOR('',#4553,1.);
#2706=VECTOR('',#4554,1.);
#2707=VECTOR('',#4555,1.);
#2708=VECTOR('',#4560,1.);
#2709=VECTOR('',#4563,1.);
#2710=VECTOR('',#4564,1.);
#2711=VECTOR('',#4565,1.);
#2712=VECTOR('',#4570,1.);
#2713=VECTOR('',#4573,1.);
#2714=VECTOR('',#4574,1.);
#2715=VECTOR('',#4575,1.);
#2716=VECTOR('',#4580,1.);
#2717=VECTOR('',#4583,1.);
#2718=VECTOR('',#4584,1.);
#2719=VECTOR('',#4585,1.);
#2720=VECTOR('',#4590,1.);
#2721=VECTOR('',#4593,1.);
#2722=VECTOR('',#4594,1.);
#2723=VECTOR('',#4595,1.);
#2724=VECTOR('',#4600,1.);
#2725=VECTOR('',#4603,1.);
#2726=VECTOR('',#4604,1.);
#2727=VECTOR('',#4605,1.);
#2728=VECTOR('',#4610,1.);
#2729=VECTOR('',#4613,1.);
#2730=VECTOR('',#4614,1.);
#2731=VECTOR('',#4615,1.);
#2732=VECTOR('',#4620,1.);
#2733=VECTOR('',#4623,1.);
#2734=VECTOR('',#4624,1.);
#2735=VECTOR('',#4625,1.);
#2736=VECTOR('',#4630,1.);
#2737=VECTOR('',#4633,1.);
#2738=VECTOR('',#4634,1.);
#2739=VECTOR('',#4635,1.);
#2740=VECTOR('',#4640,1.);
#2741=VECTOR('',#4643,1.);
#2742=VECTOR('',#4644,1.);
#2743=VECTOR('',#4645,1.);
#2744=VECTOR('',#4650,1.);
#2745=VECTOR('',#4653,1.);
#2746=VECTOR('',#4654,1.);
#2747=VECTOR('',#4655,1.);
#2748=VECTOR('',#4660,1.);
#2749=VECTOR('',#4663,1.);
#2750=VECTOR('',#4664,1.);
#2751=VECTOR('',#4665,1.);
#2752=VECTOR('',#4670,1.);
#2753=VECTOR('',#4673,1.);
#2754=VECTOR('',#4674,1.);
#2755=VECTOR('',#4675,1.);
#2756=VECTOR('',#4680,1.);
#2757=VECTOR('',#4683,1.);
#2758=VECTOR('',#4684,1.);
#2759=VECTOR('',#4685,1.);
#2760=VECTOR('',#4690,1.);
#2761=VECTOR('',#4693,1.);
#2762=VECTOR('',#4694,1.);
#2763=VECTOR('',#4695,1.);
#2764=VECTOR('',#4700,1.);
#2765=VECTOR('',#4703,1.);
#2766=VECTOR('',#4704,1.);
#2767=VECTOR('',#4705,1.);
#2768=VECTOR('',#4710,1.);
#2769=VECTOR('',#4713,1.);
#2770=VECTOR('',#4714,1.);
#2771=VECTOR('',#4715,1.);
#2772=VECTOR('',#4720,1.);
#2773=VECTOR('',#4723,1.);
#2774=VECTOR('',#4724,1.);
#2775=VECTOR('',#4725,1.);
#2776=VECTOR('',#4730,1.);
#2777=VECTOR('',#4733,1.);
#2778=VECTOR('',#4734,1.);
#2779=VECTOR('',#4735,1.);
#2780=VECTOR('',#4740,1.);
#2781=VECTOR('',#4743,1.);
#2782=VECTOR('',#4744,1.);
#2783=VECTOR('',#4745,1.);
#2784=EDGE_LOOP('',(#436,#437,#438,#439));
#2785=EDGE_LOOP('',(#440,#441,#442,#443));
#2786=EDGE_LOOP('',(#444,#445,#446,#447));
#2787=EDGE_LOOP('',(#448,#449,#450,#451));
#2788=EDGE_LOOP('',(#452,#453,#454,#455));
#2789=EDGE_LOOP('',(#456,#457,#458,#459));
#2790=EDGE_LOOP('',(#460,#461,#462,#463));
#2791=EDGE_LOOP('',(#464,#465,#466,#467));
#2792=EDGE_LOOP('',(#468,#469,#470,#471));
#2793=EDGE_LOOP('',(#472,#473,#474,#475));
#2794=EDGE_LOOP('',(#476,#477,#478,#479));
#2795=EDGE_LOOP('',(#480,#481,#482,#483));
#2796=EDGE_LOOP('',(#484,#485,#486,#487));
#2797=EDGE_LOOP('',(#488,#489,#490,#491));
#2798=EDGE_LOOP('',(#492,#493,#494,#495));
#2799=EDGE_LOOP('',(#496,#497,#498,#499));
#2800=EDGE_LOOP('',(#500,#501,#502,#503));
#2801=EDGE_LOOP('',(#504,#505,#506,#507));
#2802=EDGE_LOOP('',(#508,#509,#510,#511));
#2803=EDGE_LOOP('',(#512,#513,#514,#515));
#2804=EDGE_LOOP('',(#516,#517,#518,#519));
#2805=EDGE_LOOP('',(#520,#521,#522,#523));
#2806=EDGE_LOOP('',(#524,#525,#526,#527));
#2807=EDGE_LOOP('',(#528,#529,#530,#531));
#2808=EDGE_LOOP('',(#532,#533,#534,#535));
#2809=EDGE_LOOP('',(#536,#537,#538,#539));
#2810=EDGE_LOOP('',(#540,#541,#542,#543));
#2811=EDGE_LOOP('',(#544,#545,#546,#547));
#2812=EDGE_LOOP('',(#548,#549,#550,#551));
#2813=EDGE_LOOP('',(#552));
#2814=EDGE_LOOP('',(#553,#554,#555,#556,#557,#558,#559,#560,#561,#562,#563,
#564,#565,#566,#567,#568,#569,#570,#571,#572,#573,#574,#575,#576,#577,#578,
#579,#580,#581,#582,#583,#584,#585,#586,#587,#588,#589,#590,#591,#592,#593,
#594,#595,#596,#597,#598,#599,#600,#601,#602,#603,#604,#605,#606,#607,#608,
#609,#610,#611,#612,#613,#614,#615,#616,#617,#618,#619,#620,#621,#622,#623,
#624,#625,#626,#627,#628,#629,#630,#631,#632,#633,#634,#635,#636,#637,#638,
#639,#640,#641,#642,#643,#644,#645,#646,#647,#648,#649,#650,#651,#652,#653,
#654,#655,#656,#657,#658,#659,#660,#661,#662,#663,#664,#665,#666,#667,#668,
#669,#670,#671,#672,#673,#674,#675,#676,#677,#678,#679,#680,#681,#682,#683,
#684,#685,#686,#687,#688,#689,#690,#691,#692,#693,#694,#695,#696,#697,#698,
#699,#700,#701,#702,#703,#704,#705,#706,#707,#708,#709,#710,#711,#712,#713,
#714,#715,#716,#717,#718,#719,#720,#721,#722,#723,#724,#725,#726,#727,#728,
#729,#730,#731,#732));
#2815=EDGE_LOOP('',(#733));
#2816=EDGE_LOOP('',(#734));
#2817=EDGE_LOOP('',(#735,#736,#737,#738));
#2818=EDGE_LOOP('',(#739,#740,#741,#742,#743,#744,#745,#746,#747,#748,#749,
#750,#751,#752,#753,#754,#755,#756,#757,#758,#759,#760,#761,#762,#763,#764,
#765,#766,#767,#768,#769,#770,#771,#772,#773,#774,#775,#776,#777,#778,#779,
#780,#781,#782,#783,#784,#785,#786,#787,#788,#789,#790,#791,#792,#793,#794,
#795,#796,#797,#798,#799,#800,#801,#802,#803,#804,#805,#806,#807,#808,#809,
#810,#811,#812,#813,#814,#815,#816,#817,#818,#819,#820,#821,#822,#823,#824,
#825,#826,#827,#828,#829,#830,#831,#832,#833,#834,#835,#836,#837,#838,#839,
#840,#841,#842,#843,#844,#845,#846,#847,#848,#849,#850,#851,#852,#853,#854,
#855,#856,#857,#858,#859,#860,#861,#862,#863,#864,#865,#866,#867,#868,#869,
#870,#871,#872,#873,#874,#875,#876,#877,#878,#879,#880,#881,#882,#883,#884,
#885,#886,#887,#888,#889,#890,#891,#892,#893,#894,#895,#896,#897,#898,#899,
#900,#901,#902,#903,#904,#905,#906,#907,#908,#909,#910,#911,#912,#913,#914,
#915,#916,#917,#918));
#2819=EDGE_LOOP('',(#919));
#2820=EDGE_LOOP('',(#920,#921,#922,#923));
#2821=EDGE_LOOP('',(#924,#925,#926,#927));
#2822=EDGE_LOOP('',(#928,#929,#930,#931));
#2823=EDGE_LOOP('',(#932,#933,#934,#935));
#2824=EDGE_LOOP('',(#936,#937,#938,#939));
#2825=EDGE_LOOP('',(#940,#941,#942,#943));
#2826=EDGE_LOOP('',(#944,#945,#946,#947));
#2827=EDGE_LOOP('',(#948,#949,#950,#951));
#2828=EDGE_LOOP('',(#952,#953,#954,#955));
#2829=EDGE_LOOP('',(#956,#957,#958,#959));
#2830=EDGE_LOOP('',(#960,#961,#962,#963));
#2831=EDGE_LOOP('',(#964,#965,#966,#967));
#2832=EDGE_LOOP('',(#968,#969,#970,#971));
#2833=EDGE_LOOP('',(#972,#973,#974,#975));
#2834=EDGE_LOOP('',(#976,#977,#978,#979));
#2835=EDGE_LOOP('',(#980,#981,#982,#983));
#2836=EDGE_LOOP('',(#984,#985,#986,#987));
#2837=EDGE_LOOP('',(#988,#989,#990,#991));
#2838=EDGE_LOOP('',(#992,#993,#994,#995));
#2839=EDGE_LOOP('',(#996,#997,#998,#999));
#2840=EDGE_LOOP('',(#1000,#1001,#1002,#1003));
#2841=EDGE_LOOP('',(#1004,#1005,#1006,#1007));
#2842=EDGE_LOOP('',(#1008,#1009,#1010,#1011));
#2843=EDGE_LOOP('',(#1012,#1013,#1014,#1015));
#2844=EDGE_LOOP('',(#1016,#1017,#1018,#1019));
#2845=EDGE_LOOP('',(#1020,#1021,#1022,#1023));
#2846=EDGE_LOOP('',(#1024,#1025,#1026,#1027));
#2847=EDGE_LOOP('',(#1028,#1029,#1030,#1031));
#2848=EDGE_LOOP('',(#1032,#1033,#1034,#1035));
#2849=EDGE_LOOP('',(#1036,#1037,#1038,#1039));
#2850=EDGE_LOOP('',(#1040,#1041,#1042,#1043));
#2851=EDGE_LOOP('',(#1044,#1045,#1046,#1047));
#2852=EDGE_LOOP('',(#1048,#1049,#1050,#1051));
#2853=EDGE_LOOP('',(#1052,#1053,#1054,#1055));
#2854=EDGE_LOOP('',(#1056,#1057,#1058,#1059));
#2855=EDGE_LOOP('',(#1060,#1061,#1062,#1063));
#2856=EDGE_LOOP('',(#1064,#1065,#1066,#1067));
#2857=EDGE_LOOP('',(#1068,#1069,#1070,#1071));
#2858=EDGE_LOOP('',(#1072,#1073,#1074,#1075));
#2859=EDGE_LOOP('',(#1076,#1077,#1078,#1079));
#2860=EDGE_LOOP('',(#1080,#1081,#1082,#1083));
#2861=EDGE_LOOP('',(#1084,#1085,#1086,#1087));
#2862=EDGE_LOOP('',(#1088,#1089,#1090,#1091));
#2863=EDGE_LOOP('',(#1092,#1093,#1094,#1095));
#2864=EDGE_LOOP('',(#1096,#1097,#1098,#1099));
#2865=EDGE_LOOP('',(#1100,#1101,#1102,#1103));
#2866=EDGE_LOOP('',(#1104,#1105,#1106,#1107));
#2867=EDGE_LOOP('',(#1108,#1109,#1110,#1111));
#2868=EDGE_LOOP('',(#1112,#1113,#1114,#1115));
#2869=EDGE_LOOP('',(#1116,#1117,#1118,#1119));
#2870=EDGE_LOOP('',(#1120,#1121,#1122,#1123));
#2871=EDGE_LOOP('',(#1124,#1125,#1126,#1127));
#2872=EDGE_LOOP('',(#1128,#1129,#1130,#1131));
#2873=EDGE_LOOP('',(#1132,#1133,#1134,#1135));
#2874=EDGE_LOOP('',(#1136,#1137,#1138,#1139));
#2875=EDGE_LOOP('',(#1140,#1141,#1142,#1143));
#2876=EDGE_LOOP('',(#1144,#1145,#1146,#1147));
#2877=EDGE_LOOP('',(#1148,#1149,#1150,#1151));
#2878=EDGE_LOOP('',(#1152,#1153,#1154,#1155));
#2879=EDGE_LOOP('',(#1156,#1157,#1158,#1159));
#2880=EDGE_LOOP('',(#1160,#1161,#1162,#1163));
#2881=EDGE_LOOP('',(#1164,#1165,#1166,#1167));
#2882=EDGE_LOOP('',(#1168,#1169,#1170,#1171));
#2883=EDGE_LOOP('',(#1172,#1173,#1174,#1175));
#2884=EDGE_LOOP('',(#1176,#1177,#1178,#1179));
#2885=EDGE_LOOP('',(#1180,#1181,#1182,#1183));
#2886=EDGE_LOOP('',(#1184,#1185,#1186,#1187));
#2887=EDGE_LOOP('',(#1188,#1189,#1190,#1191));
#2888=EDGE_LOOP('',(#1192,#1193,#1194,#1195));
#2889=EDGE_LOOP('',(#1196,#1197,#1198,#1199));
#2890=EDGE_LOOP('',(#1200,#1201,#1202,#1203));
#2891=EDGE_LOOP('',(#1204,#1205,#1206,#1207));
#2892=EDGE_LOOP('',(#1208,#1209,#1210,#1211));
#2893=EDGE_LOOP('',(#1212,#1213,#1214,#1215));
#2894=EDGE_LOOP('',(#1216,#1217,#1218,#1219));
#2895=EDGE_LOOP('',(#1220,#1221,#1222,#1223));
#2896=EDGE_LOOP('',(#1224,#1225,#1226,#1227));
#2897=EDGE_LOOP('',(#1228,#1229,#1230,#1231));
#2898=EDGE_LOOP('',(#1232,#1233,#1234,#1235));
#2899=EDGE_LOOP('',(#1236,#1237,#1238,#1239));
#2900=EDGE_LOOP('',(#1240,#1241,#1242,#1243));
#2901=EDGE_LOOP('',(#1244,#1245,#1246,#1247));
#2902=EDGE_LOOP('',(#1248,#1249,#1250,#1251));
#2903=EDGE_LOOP('',(#1252,#1253,#1254,#1255));
#2904=EDGE_LOOP('',(#1256,#1257,#1258,#1259));
#2905=EDGE_LOOP('',(#1260,#1261,#1262,#1263));
#2906=EDGE_LOOP('',(#1264,#1265,#1266,#1267));
#2907=EDGE_LOOP('',(#1268,#1269,#1270,#1271));
#2908=EDGE_LOOP('',(#1272,#1273,#1274,#1275));
#2909=EDGE_LOOP('',(#1276,#1277,#1278,#1279));
#2910=EDGE_LOOP('',(#1280,#1281,#1282,#1283));
#2911=EDGE_LOOP('',(#1284,#1285,#1286,#1287));
#2912=EDGE_LOOP('',(#1288,#1289,#1290,#1291));
#2913=EDGE_LOOP('',(#1292,#1293,#1294,#1295));
#2914=EDGE_LOOP('',(#1296,#1297,#1298,#1299));
#2915=EDGE_LOOP('',(#1300,#1301,#1302,#1303));
#2916=EDGE_LOOP('',(#1304,#1305,#1306,#1307));
#2917=EDGE_LOOP('',(#1308,#1309,#1310,#1311));
#2918=EDGE_LOOP('',(#1312,#1313,#1314,#1315));
#2919=EDGE_LOOP('',(#1316,#1317,#1318,#1319));
#2920=EDGE_LOOP('',(#1320,#1321,#1322,#1323));
#2921=EDGE_LOOP('',(#1324,#1325,#1326,#1327));
#2922=EDGE_LOOP('',(#1328,#1329,#1330,#1331));
#2923=EDGE_LOOP('',(#1332,#1333,#1334,#1335));
#2924=EDGE_LOOP('',(#1336,#1337,#1338,#1339));
#2925=EDGE_LOOP('',(#1340,#1341,#1342,#1343));
#2926=EDGE_LOOP('',(#1344,#1345,#1346,#1347));
#2927=EDGE_LOOP('',(#1348,#1349,#1350,#1351));
#2928=EDGE_LOOP('',(#1352,#1353,#1354,#1355));
#2929=EDGE_LOOP('',(#1356,#1357,#1358,#1359));
#2930=EDGE_LOOP('',(#1360,#1361,#1362,#1363));
#2931=EDGE_LOOP('',(#1364,#1365,#1366,#1367));
#2932=EDGE_LOOP('',(#1368,#1369,#1370,#1371));
#2933=EDGE_LOOP('',(#1372,#1373,#1374,#1375));
#2934=EDGE_LOOP('',(#1376,#1377,#1378,#1379));
#2935=EDGE_LOOP('',(#1380,#1381,#1382,#1383));
#2936=EDGE_LOOP('',(#1384,#1385,#1386,#1387));
#2937=EDGE_LOOP('',(#1388,#1389,#1390,#1391));
#2938=EDGE_LOOP('',(#1392,#1393,#1394,#1395));
#2939=EDGE_LOOP('',(#1396,#1397,#1398,#1399));
#2940=EDGE_LOOP('',(#1400,#1401,#1402,#1403));
#2941=EDGE_LOOP('',(#1404,#1405,#1406,#1407));
#2942=EDGE_LOOP('',(#1408,#1409,#1410,#1411));
#2943=EDGE_LOOP('',(#1412,#1413,#1414,#1415));
#2944=EDGE_LOOP('',(#1416,#1417,#1418,#1419));
#2945=EDGE_LOOP('',(#1420,#1421,#1422,#1423));
#2946=EDGE_LOOP('',(#1424,#1425,#1426,#1427));
#2947=EDGE_LOOP('',(#1428,#1429,#1430,#1431));
#2948=EDGE_LOOP('',(#1432,#1433,#1434,#1435));
#2949=EDGE_LOOP('',(#1436,#1437,#1438,#1439));
#2950=EDGE_LOOP('',(#1440,#1441,#1442,#1443));
#2951=EDGE_LOOP('',(#1444,#1445,#1446,#1447));
#2952=EDGE_LOOP('',(#1448,#1449,#1450,#1451));
#2953=EDGE_LOOP('',(#1452,#1453,#1454,#1455));
#2954=EDGE_LOOP('',(#1456,#1457,#1458,#1459));
#2955=EDGE_LOOP('',(#1460,#1461,#1462,#1463));
#2956=EDGE_LOOP('',(#1464,#1465,#1466,#1467));
#2957=EDGE_LOOP('',(#1468,#1469,#1470,#1471));
#2958=EDGE_LOOP('',(#1472,#1473,#1474,#1475));
#2959=EDGE_LOOP('',(#1476,#1477,#1478,#1479));
#2960=EDGE_LOOP('',(#1480,#1481,#1482,#1483));
#2961=EDGE_LOOP('',(#1484,#1485,#1486,#1487));
#2962=EDGE_LOOP('',(#1488,#1489,#1490,#1491));
#2963=EDGE_LOOP('',(#1492,#1493,#1494,#1495));
#2964=EDGE_LOOP('',(#1496,#1497,#1498,#1499));
#2965=EDGE_LOOP('',(#1500,#1501,#1502,#1503));
#2966=EDGE_LOOP('',(#1504,#1505,#1506,#1507));
#2967=EDGE_LOOP('',(#1508,#1509,#1510,#1511));
#2968=EDGE_LOOP('',(#1512,#1513,#1514,#1515));
#2969=EDGE_LOOP('',(#1516,#1517,#1518,#1519));
#2970=FACE_BOUND('',#2784,.T.);
#2971=FACE_BOUND('',#2785,.T.);
#2972=FACE_BOUND('',#2786,.T.);
#2973=FACE_BOUND('',#2787,.T.);
#2974=FACE_BOUND('',#2788,.T.);
#2975=FACE_BOUND('',#2789,.T.);
#2976=FACE_BOUND('',#2790,.T.);
#2977=FACE_BOUND('',#2791,.T.);
#2978=FACE_BOUND('',#2792,.T.);
#2979=FACE_BOUND('',#2793,.T.);
#2980=FACE_BOUND('',#2794,.T.);
#2981=FACE_BOUND('',#2795,.T.);
#2982=FACE_BOUND('',#2796,.T.);
#2983=FACE_BOUND('',#2797,.T.);
#2984=FACE_BOUND('',#2798,.T.);
#2985=FACE_BOUND('',#2799,.T.);
#2986=FACE_BOUND('',#2800,.T.);
#2987=FACE_BOUND('',#2801,.T.);
#2988=FACE_BOUND('',#2802,.T.);
#2989=FACE_BOUND('',#2803,.T.);
#2990=FACE_BOUND('',#2804,.T.);
#2991=FACE_BOUND('',#2805,.T.);
#2992=FACE_BOUND('',#2806,.T.);
#2993=FACE_BOUND('',#2807,.T.);
#2994=FACE_BOUND('',#2808,.T.);
#2995=FACE_BOUND('',#2809,.T.);
#2996=FACE_BOUND('',#2810,.T.);
#2997=FACE_BOUND('',#2811,.T.);
#2998=FACE_BOUND('',#2812,.T.);
#2999=FACE_BOUND('',#2813,.T.);
#3000=FACE_BOUND('',#2814,.T.);
#3001=FACE_BOUND('',#2815,.T.);
#3002=FACE_BOUND('',#2816,.T.);
#3003=FACE_BOUND('',#2817,.T.);
#3004=FACE_BOUND('',#2818,.T.);
#3005=FACE_BOUND('',#2819,.T.);
#3006=FACE_BOUND('',#2820,.T.);
#3007=FACE_BOUND('',#2821,.T.);
#3008=FACE_BOUND('',#2822,.T.);
#3009=FACE_BOUND('',#2823,.T.);
#3010=FACE_BOUND('',#2824,.T.);
#3011=FACE_BOUND('',#2825,.T.);
#3012=FACE_BOUND('',#2826,.T.);
#3013=FACE_BOUND('',#2827,.T.);
#3014=FACE_BOUND('',#2828,.T.);
#3015=FACE_BOUND('',#2829,.T.);
#3016=FACE_BOUND('',#2830,.T.);
#3017=FACE_BOUND('',#2831,.T.);
#3018=FACE_BOUND('',#2832,.T.);
#3019=FACE_BOUND('',#2833,.T.);
#3020=FACE_BOUND('',#2834,.T.);
#3021=FACE_BOUND('',#2835,.T.);
#3022=FACE_BOUND('',#2836,.T.);
#3023=FACE_BOUND('',#2837,.T.);
#3024=FACE_BOUND('',#2838,.T.);
#3025=FACE_BOUND('',#2839,.T.);
#3026=FACE_BOUND('',#2840,.T.);
#3027=FACE_BOUND('',#2841,.T.);
#3028=FACE_BOUND('',#2842,.T.);
#3029=FACE_BOUND('',#2843,.T.);
#3030=FACE_BOUND('',#2844,.T.);
#3031=FACE_BOUND('',#2845,.T.);
#3032=FACE_BOUND('',#2846,.T.);
#3033=FACE_BOUND('',#2847,.T.);
#3034=FACE_BOUND('',#2848,.T.);
#3035=FACE_BOUND('',#2849,.T.);
#3036=FACE_BOUND('',#2850,.T.);
#3037=FACE_BOUND('',#2851,.T.);
#3038=FACE_BOUND('',#2852,.T.);
#3039=FACE_BOUND('',#2853,.T.);
#3040=FACE_BOUND('',#2854,.T.);
#3041=FACE_BOUND('',#2855,.T.);
#3042=FACE_BOUND('',#2856,.T.);
#3043=FACE_BOUND('',#2857,.T.);
#3044=FACE_BOUND('',#2858,.T.);
#3045=FACE_BOUND('',#2859,.T.);
#3046=FACE_BOUND('',#2860,.T.);
#3047=FACE_BOUND('',#2861,.T.);
#3048=FACE_BOUND('',#2862,.T.);
#3049=FACE_BOUND('',#2863,.T.);
#3050=FACE_BOUND('',#2864,.T.);
#3051=FACE_BOUND('',#2865,.T.);
#3052=FACE_BOUND('',#2866,.T.);
#3053=FACE_BOUND('',#2867,.T.);
#3054=FACE_BOUND('',#2868,.T.);
#3055=FACE_BOUND('',#2869,.T.);
#3056=FACE_BOUND('',#2870,.T.);
#3057=FACE_BOUND('',#2871,.T.);
#3058=FACE_BOUND('',#2872,.T.);
#3059=FACE_BOUND('',#2873,.T.);
#3060=FACE_BOUND('',#2874,.T.);
#3061=FACE_BOUND('',#2875,.T.);
#3062=FACE_BOUND('',#2876,.T.);
#3063=FACE_BOUND('',#2877,.T.);
#3064=FACE_BOUND('',#2878,.T.);
#3065=FACE_BOUND('',#2879,.T.);
#3066=FACE_BOUND('',#2880,.T.);
#3067=FACE_BOUND('',#2881,.T.);
#3068=FACE_BOUND('',#2882,.T.);
#3069=FACE_BOUND('',#2883,.T.);
#3070=FACE_BOUND('',#2884,.T.);
#3071=FACE_BOUND('',#2885,.T.);
#3072=FACE_BOUND('',#2886,.T.);
#3073=FACE_BOUND('',#2887,.T.);
#3074=FACE_BOUND('',#2888,.T.);
#3075=FACE_BOUND('',#2889,.T.);
#3076=FACE_BOUND('',#2890,.T.);
#3077=FACE_BOUND('',#2891,.T.);
#3078=FACE_BOUND('',#2892,.T.);
#3079=FACE_BOUND('',#2893,.T.);
#3080=FACE_BOUND('',#2894,.T.);
#3081=FACE_BOUND('',#2895,.T.);
#3082=FACE_BOUND('',#2896,.T.);
#3083=FACE_BOUND('',#2897,.T.);
#3084=FACE_BOUND('',#2898,.T.);
#3085=FACE_BOUND('',#2899,.T.);
#3086=FACE_BOUND('',#2900,.T.);
#3087=FACE_BOUND('',#2901,.T.);
#3088=FACE_BOUND('',#2902,.T.);
#3089=FACE_BOUND('',#2903,.T.);
#3090=FACE_BOUND('',#2904,.T.);
#3091=FACE_BOUND('',#2905,.T.);
#3092=FACE_BOUND('',#2906,.T.);
#3093=FACE_BOUND('',#2907,.T.);
#3094=FACE_BOUND('',#2908,.T.);
#3095=FACE_BOUND('',#2909,.T.);
#3096=FACE_BOUND('',#2910,.T.);
#3097=FACE_BOUND('',#2911,.T.);
#3098=FACE_BOUND('',#2912,.T.);
#3099=FACE_BOUND('',#2913,.T.);
#3100=FACE_BOUND('',#2914,.T.);
#3101=FACE_BOUND('',#2915,.T.);
#3102=FACE_BOUND('',#2916,.T.);
#3103=FACE_BOUND('',#2917,.T.);
#3104=FACE_BOUND('',#2918,.T.);
#3105=FACE_BOUND('',#2919,.T.);
#3106=FACE_BOUND('',#2920,.T.);
#3107=FACE_BOUND('',#2921,.T.);
#3108=FACE_BOUND('',#2922,.T.);
#3109=FACE_BOUND('',#2923,.T.);
#3110=FACE_BOUND('',#2924,.T.);
#3111=FACE_BOUND('',#2925,.T.);
#3112=FACE_BOUND('',#2926,.T.);
#3113=FACE_BOUND('',#2927,.T.);
#3114=FACE_BOUND('',#2928,.T.);
#3115=FACE_BOUND('',#2929,.T.);
#3116=FACE_BOUND('',#2930,.T.);
#3117=FACE_BOUND('',#2931,.T.);
#3118=FACE_BOUND('',#2932,.T.);
#3119=FACE_BOUND('',#2933,.T.);
#3120=FACE_BOUND('',#2934,.T.);
#3121=FACE_BOUND('',#2935,.T.);
#3122=FACE_BOUND('',#2936,.T.);
#3123=FACE_BOUND('',#2937,.T.);
#3124=FACE_BOUND('',#2938,.T.);
#3125=FACE_BOUND('',#2939,.T.);
#3126=FACE_BOUND('',#2940,.T.);
#3127=FACE_BOUND('',#2941,.T.);
#3128=FACE_BOUND('',#2942,.T.);
#3129=FACE_BOUND('',#2943,.T.);
#3130=FACE_BOUND('',#2944,.T.);
#3131=FACE_BOUND('',#2945,.T.);
#3132=FACE_BOUND('',#2946,.T.);
#3133=FACE_BOUND('',#2947,.T.);
#3134=FACE_BOUND('',#2948,.T.);
#3135=FACE_BOUND('',#2949,.T.);
#3136=FACE_BOUND('',#2950,.T.);
#3137=FACE_BOUND('',#2951,.T.);
#3138=FACE_BOUND('',#2952,.T.);
#3139=FACE_BOUND('',#2953,.T.);
#3140=FACE_BOUND('',#2954,.T.);
#3141=FACE_BOUND('',#2955,.T.);
#3142=FACE_BOUND('',#2956,.T.);
#3143=FACE_BOUND('',#2957,.T.);
#3144=FACE_BOUND('',#2958,.T.);
#3145=FACE_BOUND('',#2959,.T.);
#3146=FACE_BOUND('',#2960,.T.);
#3147=FACE_BOUND('',#2961,.T.);
#3148=FACE_BOUND('',#2962,.T.);
#3149=FACE_BOUND('',#2963,.T.);
#3150=FACE_BOUND('',#2964,.T.);
#3151=FACE_BOUND('',#2965,.T.);
#3152=FACE_BOUND('',#2966,.T.);
#3153=FACE_BOUND('',#2967,.T.);
#3154=FACE_BOUND('',#2968,.T.);
#3155=FACE_BOUND('',#2969,.T.);
#3156=CYLINDRICAL_SURFACE('',#3473,0.0376);
#3157=CYLINDRICAL_SURFACE('',#3476,0.0376);
#3158=CYLINDRICAL_SURFACE('',#3479,0.0376);
#3159=CYLINDRICAL_SURFACE('',#3482,0.0376);
#3160=CYLINDRICAL_SURFACE('',#3485,0.0376);
#3161=CYLINDRICAL_SURFACE('',#3488,0.0376);
#3162=CYLINDRICAL_SURFACE('',#3491,0.0376);
#3163=CYLINDRICAL_SURFACE('',#3494,0.0376);
#3164=CYLINDRICAL_SURFACE('',#3497,0.0376);
#3165=CYLINDRICAL_SURFACE('',#3500,0.0376);
#3166=CYLINDRICAL_SURFACE('',#3503,0.0376);
#3167=CYLINDRICAL_SURFACE('',#3506,0.0376);
#3168=CYLINDRICAL_SURFACE('',#3509,0.0376);
#3169=CYLINDRICAL_SURFACE('',#3512,0.0376);
#3170=CYLINDRICAL_SURFACE('',#3515,0.0376);
#3171=CYLINDRICAL_SURFACE('',#3518,0.0376);
#3172=CYLINDRICAL_SURFACE('',#3521,0.0376);
#3173=CYLINDRICAL_SURFACE('',#3524,0.0376);
#3174=CYLINDRICAL_SURFACE('',#3527,0.0376);
#3175=CYLINDRICAL_SURFACE('',#3530,0.0376);
#3176=CYLINDRICAL_SURFACE('',#3533,0.0376);
#3177=CYLINDRICAL_SURFACE('',#3536,0.0376);
#3178=CYLINDRICAL_SURFACE('',#3539,0.0376);
#3179=CYLINDRICAL_SURFACE('',#3542,0.0376);
#3180=CYLINDRICAL_SURFACE('',#3545,0.0376);
#3181=CYLINDRICAL_SURFACE('',#3548,0.0376);
#3182=CYLINDRICAL_SURFACE('',#3551,0.0376);
#3183=CYLINDRICAL_SURFACE('',#3554,0.0376);
#3184=CYLINDRICAL_SURFACE('',#3557,0.0376);
#3185=CYLINDRICAL_SURFACE('',#3653,0.0036);
#3186=CYLINDRICAL_SURFACE('',#3655,0.0376);
#3187=CYLINDRICAL_SURFACE('',#3748,0.0323125);
#3188=CYLINDRICAL_SURFACE('',#3749,0.000863944219777317);
#3189=CYLINDRICAL_SURFACE('',#3750,0.000863944219777317);
#3190=CYLINDRICAL_SURFACE('',#3751,0.0323125);
#3191=CYLINDRICAL_SURFACE('',#3752,0.000863944219777317);
#3192=CYLINDRICAL_SURFACE('',#3753,0.000863944219777317);
#3193=CYLINDRICAL_SURFACE('',#3754,0.0323125);
#3194=CYLINDRICAL_SURFACE('',#3755,0.000863944219777317);
#3195=CYLINDRICAL_SURFACE('',#3756,0.000863944219777317);
#3196=CYLINDRICAL_SURFACE('',#3757,0.0323125);
#3197=CYLINDRICAL_SURFACE('',#3758,0.000863944219777317);
#3198=CYLINDRICAL_SURFACE('',#3759,0.000863944219777317);
#3199=CYLINDRICAL_SURFACE('',#3760,0.0323125);
#3200=CYLINDRICAL_SURFACE('',#3761,0.000863944219777317);
#3201=CYLINDRICAL_SURFACE('',#3762,0.000863944219777317);
#3202=CYLINDRICAL_SURFACE('',#3763,0.0323125);
#3203=CYLINDRICAL_SURFACE('',#3764,0.000863944219777317);
#3204=CYLINDRICAL_SURFACE('',#3765,0.000863944219777317);
#3205=CYLINDRICAL_SURFACE('',#3766,0.0323125);
#3206=CYLINDRICAL_SURFACE('',#3767,0.000863944219777317);
#3207=CYLINDRICAL_SURFACE('',#3768,0.000863944219777317);
#3208=CYLINDRICAL_SURFACE('',#3769,0.0323125);
#3209=CYLINDRICAL_SURFACE('',#3770,0.000863944219777317);
#3210=CYLINDRICAL_SURFACE('',#3771,0.000863944219777317);
#3211=CYLINDRICAL_SURFACE('',#3772,0.0323125);
#3212=CYLINDRICAL_SURFACE('',#3773,0.000863944219777317);
#3213=CYLINDRICAL_SURFACE('',#3774,0.000863944219777317);
#3214=CYLINDRICAL_SURFACE('',#3775,0.0323125);
#3215=CYLINDRICAL_SURFACE('',#3776,0.000863944219777317);
#3216=CYLINDRICAL_SURFACE('',#3777,0.000863944219777317);
#3217=CYLINDRICAL_SURFACE('',#3778,0.0323125);
#3218=CYLINDRICAL_SURFACE('',#3779,0.000863944219777317);
#3219=CYLINDRICAL_SURFACE('',#3780,0.000863944219777317);
#3220=CYLINDRICAL_SURFACE('',#3781,0.0323125);
#3221=CYLINDRICAL_SURFACE('',#3782,0.000863944219777317);
#3222=CYLINDRICAL_SURFACE('',#3783,0.000863944219777317);
#3223=CYLINDRICAL_SURFACE('',#3784,0.0323125);
#3224=CYLINDRICAL_SURFACE('',#3785,0.000863944219777317);
#3225=CYLINDRICAL_SURFACE('',#3786,0.000863944219777317);
#3226=CYLINDRICAL_SURFACE('',#3787,0.0323125);
#3227=CYLINDRICAL_SURFACE('',#3788,0.000863944219777317);
#3228=CYLINDRICAL_SURFACE('',#3789,0.000863944219777317);
#3229=CYLINDRICAL_SURFACE('',#3790,0.0323125);
#3230=CYLINDRICAL_SURFACE('',#3791,0.000863944219777317);
#3231=CYLINDRICAL_SURFACE('',#3792,0.000863944219777317);
#3232=CYLINDRICAL_SURFACE('',#3793,0.0323125);
#3233=CYLINDRICAL_SURFACE('',#3794,0.000863944219777317);
#3234=CYLINDRICAL_SURFACE('',#3795,0.000863944219777317);
#3235=CYLINDRICAL_SURFACE('',#3796,0.0323125);
#3236=CYLINDRICAL_SURFACE('',#3797,0.000863944219777317);
#3237=CYLINDRICAL_SURFACE('',#3798,0.000863944219777317);
#3238=CYLINDRICAL_SURFACE('',#3799,0.0323125);
#3239=CYLINDRICAL_SURFACE('',#3800,0.000863944219777317);
#3240=CYLINDRICAL_SURFACE('',#3801,0.000863944219777317);
#3241=CYLINDRICAL_SURFACE('',#3802,0.0323125);
#3242=CYLINDRICAL_SURFACE('',#3803,0.000863944219777317);
#3243=CYLINDRICAL_SURFACE('',#3804,0.000863944219777317);
#3244=CYLINDRICAL_SURFACE('',#3805,0.0323125);
#3245=CYLINDRICAL_SURFACE('',#3806,0.000863944219777317);
#3246=CYLINDRICAL_SURFACE('',#3807,0.000863944219777317);
#3247=CYLINDRICAL_SURFACE('',#3808,0.0323125);
#3248=CYLINDRICAL_SURFACE('',#3809,0.000863944219777317);
#3249=CYLINDRICAL_SURFACE('',#3810,0.000863944219777317);
#3250=CYLINDRICAL_SURFACE('',#3811,0.0323125);
#3251=CYLINDRICAL_SURFACE('',#3812,0.000863944219777317);
#3252=CYLINDRICAL_SURFACE('',#3813,0.000863944219777317);
#3253=CYLINDRICAL_SURFACE('',#3814,0.0323125);
#3254=CYLINDRICAL_SURFACE('',#3815,0.000863944219777317);
#3255=CYLINDRICAL_SURFACE('',#3816,0.000863944219777317);
#3256=CYLINDRICAL_SURFACE('',#3817,0.0323125);
#3257=CYLINDRICAL_SURFACE('',#3818,0.000863944219777317);
#3258=CYLINDRICAL_SURFACE('',#3819,0.000863944219777317);
#3259=CYLINDRICAL_SURFACE('',#3820,0.0323125);
#3260=CYLINDRICAL_SURFACE('',#3821,0.000863944219777317);
#3261=CYLINDRICAL_SURFACE('',#3822,0.000863944219777317);
#3262=CYLINDRICAL_SURFACE('',#3823,0.0323125);
#3263=CYLINDRICAL_SURFACE('',#3824,0.000863944219777317);
#3264=CYLINDRICAL_SURFACE('',#3825,0.000863944219777317);
#3265=CYLINDRICAL_SURFACE('',#3826,0.0323125);
#3266=CYLINDRICAL_SURFACE('',#3827,0.000863944219777317);
#3267=CYLINDRICAL_SURFACE('',#3828,0.000863944219777317);
#3268=CYLINDRICAL_SURFACE('',#3829,0.0323125);
#3269=CYLINDRICAL_SURFACE('',#3830,0.000863944219777317);
#3270=CYLINDRICAL_SURFACE('',#3831,0.000863944219777317);
#3271=CYLINDRICAL_SURFACE('',#3832,0.0323125);
#3272=CYLINDRICAL_SURFACE('',#3833,0.000863944219777317);
#3273=CYLINDRICAL_SURFACE('',#3834,0.000863944219777317);
#3274=CYLINDRICAL_SURFACE('',#3835,0.0323125);
#3275=CYLINDRICAL_SURFACE('',#3836,0.000863944219777317);
#3276=CYLINDRICAL_SURFACE('',#3837,0.000863944219777317);
#3277=ADVANCED_FACE('',(#2970),#3156,.T.);
#3278=ADVANCED_FACE('',(#2971),#3157,.T.);
#3279=ADVANCED_FACE('',(#2972),#3158,.T.);
#3280=ADVANCED_FACE('',(#2973),#3159,.T.);
#3281=ADVANCED_FACE('',(#2974),#3160,.T.);
#3282=ADVANCED_FACE('',(#2975),#3161,.T.);
#3283=ADVANCED_FACE('',(#2976),#3162,.T.);
#3284=ADVANCED_FACE('',(#2977),#3163,.T.);
#3285=ADVANCED_FACE('',(#2978),#3164,.T.);
#3286=ADVANCED_FACE('',(#2979),#3165,.T.);
#3287=ADVANCED_FACE('',(#2980),#3166,.T.);
#3288=ADVANCED_FACE('',(#2981),#3167,.T.);
#3289=ADVANCED_FACE('',(#2982),#3168,.T.);
#3290=ADVANCED_FACE('',(#2983),#3169,.T.);
#3291=ADVANCED_FACE('',(#2984),#3170,.T.);
#3292=ADVANCED_FACE('',(#2985),#3171,.T.);
#3293=ADVANCED_FACE('',(#2986),#3172,.T.);
#3294=ADVANCED_FACE('',(#2987),#3173,.T.);
#3295=ADVANCED_FACE('',(#2988),#3174,.T.);
#3296=ADVANCED_FACE('',(#2989),#3175,.T.);
#3297=ADVANCED_FACE('',(#2990),#3176,.T.);
#3298=ADVANCED_FACE('',(#2991),#3177,.T.);
#3299=ADVANCED_FACE('',(#2992),#3178,.T.);
#3300=ADVANCED_FACE('',(#2993),#3179,.T.);
#3301=ADVANCED_FACE('',(#2994),#3180,.T.);
#3302=ADVANCED_FACE('',(#2995),#3181,.T.);
#3303=ADVANCED_FACE('',(#2996),#3182,.T.);
#3304=ADVANCED_FACE('',(#2997),#3183,.T.);
#3305=ADVANCED_FACE('',(#2998),#3184,.T.);
#3306=ADVANCED_FACE('',(#2999,#3000),#192,.T.);
#3307=ADVANCED_FACE('',(#3001,#3002),#3185,.F.);
#3308=ADVANCED_FACE('',(#3003),#3186,.T.);
#3309=ADVANCED_FACE('',(#3004,#3005),#193,.F.);
#3310=ADVANCED_FACE('',(#3006),#12,.F.);
#3311=ADVANCED_FACE('',(#3007),#3187,.T.);
#3312=ADVANCED_FACE('',(#3008),#13,.T.);
#3313=ADVANCED_FACE('',(#3009),#3188,.F.);
#3314=ADVANCED_FACE('',(#3010),#3189,.F.);
#3315=ADVANCED_FACE('',(#3011),#14,.F.);
#3316=ADVANCED_FACE('',(#3012),#3190,.T.);
#3317=ADVANCED_FACE('',(#3013),#15,.T.);
#3318=ADVANCED_FACE('',(#3014),#3191,.F.);
#3319=ADVANCED_FACE('',(#3015),#3192,.F.);
#3320=ADVANCED_FACE('',(#3016),#16,.F.);
#3321=ADVANCED_FACE('',(#3017),#3193,.T.);
#3322=ADVANCED_FACE('',(#3018),#17,.T.);
#3323=ADVANCED_FACE('',(#3019),#3194,.F.);
#3324=ADVANCED_FACE('',(#3020),#3195,.F.);
#3325=ADVANCED_FACE('',(#3021),#18,.F.);
#3326=ADVANCED_FACE('',(#3022),#3196,.T.);
#3327=ADVANCED_FACE('',(#3023),#19,.T.);
#3328=ADVANCED_FACE('',(#3024),#3197,.F.);
#3329=ADVANCED_FACE('',(#3025),#3198,.F.);
#3330=ADVANCED_FACE('',(#3026),#20,.F.);
#3331=ADVANCED_FACE('',(#3027),#3199,.T.);
#3332=ADVANCED_FACE('',(#3028),#21,.T.);
#3333=ADVANCED_FACE('',(#3029),#3200,.F.);
#3334=ADVANCED_FACE('',(#3030),#3201,.F.);
#3335=ADVANCED_FACE('',(#3031),#22,.F.);
#3336=ADVANCED_FACE('',(#3032),#3202,.T.);
#3337=ADVANCED_FACE('',(#3033),#23,.T.);
#3338=ADVANCED_FACE('',(#3034),#3203,.F.);
#3339=ADVANCED_FACE('',(#3035),#3204,.F.);
#3340=ADVANCED_FACE('',(#3036),#24,.F.);
#3341=ADVANCED_FACE('',(#3037),#3205,.T.);
#3342=ADVANCED_FACE('',(#3038),#25,.T.);
#3343=ADVANCED_FACE('',(#3039),#3206,.F.);
#3344=ADVANCED_FACE('',(#3040),#3207,.F.);
#3345=ADVANCED_FACE('',(#3041),#26,.F.);
#3346=ADVANCED_FACE('',(#3042),#3208,.T.);
#3347=ADVANCED_FACE('',(#3043),#27,.T.);
#3348=ADVANCED_FACE('',(#3044),#3209,.F.);
#3349=ADVANCED_FACE('',(#3045),#3210,.F.);
#3350=ADVANCED_FACE('',(#3046),#28,.F.);
#3351=ADVANCED_FACE('',(#3047),#3211,.T.);
#3352=ADVANCED_FACE('',(#3048),#29,.T.);
#3353=ADVANCED_FACE('',(#3049),#3212,.F.);
#3354=ADVANCED_FACE('',(#3050),#3213,.F.);
#3355=ADVANCED_FACE('',(#3051),#30,.F.);
#3356=ADVANCED_FACE('',(#3052),#3214,.T.);
#3357=ADVANCED_FACE('',(#3053),#31,.T.);
#3358=ADVANCED_FACE('',(#3054),#3215,.F.);
#3359=ADVANCED_FACE('',(#3055),#3216,.F.);
#3360=ADVANCED_FACE('',(#3056),#32,.F.);
#3361=ADVANCED_FACE('',(#3057),#3217,.T.);
#3362=ADVANCED_FACE('',(#3058),#33,.T.);
#3363=ADVANCED_FACE('',(#3059),#3218,.F.);
#3364=ADVANCED_FACE('',(#3060),#3219,.F.);
#3365=ADVANCED_FACE('',(#3061),#34,.F.);
#3366=ADVANCED_FACE('',(#3062),#3220,.T.);
#3367=ADVANCED_FACE('',(#3063),#35,.T.);
#3368=ADVANCED_FACE('',(#3064),#3221,.F.);
#3369=ADVANCED_FACE('',(#3065),#3222,.F.);
#3370=ADVANCED_FACE('',(#3066),#36,.F.);
#3371=ADVANCED_FACE('',(#3067),#3223,.T.);
#3372=ADVANCED_FACE('',(#3068),#37,.T.);
#3373=ADVANCED_FACE('',(#3069),#3224,.F.);
#3374=ADVANCED_FACE('',(#3070),#3225,.F.);
#3375=ADVANCED_FACE('',(#3071),#38,.F.);
#3376=ADVANCED_FACE('',(#3072),#3226,.T.);
#3377=ADVANCED_FACE('',(#3073),#39,.T.);
#3378=ADVANCED_FACE('',(#3074),#3227,.F.);
#3379=ADVANCED_FACE('',(#3075),#3228,.F.);
#3380=ADVANCED_FACE('',(#3076),#40,.F.);
#3381=ADVANCED_FACE('',(#3077),#3229,.T.);
#3382=ADVANCED_FACE('',(#3078),#41,.T.);
#3383=ADVANCED_FACE('',(#3079),#3230,.F.);
#3384=ADVANCED_FACE('',(#3080),#3231,.F.);
#3385=ADVANCED_FACE('',(#3081),#42,.F.);
#3386=ADVANCED_FACE('',(#3082),#3232,.T.);
#3387=ADVANCED_FACE('',(#3083),#43,.T.);
#3388=ADVANCED_FACE('',(#3084),#3233,.F.);
#3389=ADVANCED_FACE('',(#3085),#3234,.F.);
#3390=ADVANCED_FACE('',(#3086),#44,.F.);
#3391=ADVANCED_FACE('',(#3087),#3235,.T.);
#3392=ADVANCED_FACE('',(#3088),#45,.T.);
#3393=ADVANCED_FACE('',(#3089),#3236,.F.);
#3394=ADVANCED_FACE('',(#3090),#3237,.F.);
#3395=ADVANCED_FACE('',(#3091),#46,.F.);
#3396=ADVANCED_FACE('',(#3092),#3238,.T.);
#3397=ADVANCED_FACE('',(#3093),#47,.T.);
#3398=ADVANCED_FACE('',(#3094),#3239,.F.);
#3399=ADVANCED_FACE('',(#3095),#3240,.F.);
#3400=ADVANCED_FACE('',(#3096),#48,.F.);
#3401=ADVANCED_FACE('',(#3097),#3241,.T.);
#3402=ADVANCED_FACE('',(#3098),#49,.T.);
#3403=ADVANCED_FACE('',(#3099),#3242,.F.);
#3404=ADVANCED_FACE('',(#3100),#3243,.F.);
#3405=ADVANCED_FACE('',(#3101),#50,.F.);
#3406=ADVANCED_FACE('',(#3102),#3244,.T.);
#3407=ADVANCED_FACE('',(#3103),#51,.T.);
#3408=ADVANCED_FACE('',(#3104),#3245,.F.);
#3409=ADVANCED_FACE('',(#3105),#3246,.F.);
#3410=ADVANCED_FACE('',(#3106),#52,.F.);
#3411=ADVANCED_FACE('',(#3107),#3247,.T.);
#3412=ADVANCED_FACE('',(#3108),#53,.T.);
#3413=ADVANCED_FACE('',(#3109),#3248,.F.);
#3414=ADVANCED_FACE('',(#3110),#3249,.F.);
#3415=ADVANCED_FACE('',(#3111),#54,.F.);
#3416=ADVANCED_FACE('',(#3112),#3250,.T.);
#3417=ADVANCED_FACE('',(#3113),#55,.T.);
#3418=ADVANCED_FACE('',(#3114),#3251,.F.);
#3419=ADVANCED_FACE('',(#3115),#3252,.F.);
#3420=ADVANCED_FACE('',(#3116),#56,.F.);
#3421=ADVANCED_FACE('',(#3117),#3253,.T.);
#3422=ADVANCED_FACE('',(#3118),#57,.T.);
#3423=ADVANCED_FACE('',(#3119),#3254,.F.);
#3424=ADVANCED_FACE('',(#3120),#3255,.F.);
#3425=ADVANCED_FACE('',(#3121),#58,.F.);
#3426=ADVANCED_FACE('',(#3122),#3256,.T.);
#3427=ADVANCED_FACE('',(#3123),#59,.T.);
#3428=ADVANCED_FACE('',(#3124),#3257,.F.);
#3429=ADVANCED_FACE('',(#3125),#3258,.F.);
#3430=ADVANCED_FACE('',(#3126),#60,.F.);
#3431=ADVANCED_FACE('',(#3127),#3259,.T.);
#3432=ADVANCED_FACE('',(#3128),#61,.T.);
#3433=ADVANCED_FACE('',(#3129),#3260,.F.);
#3434=ADVANCED_FACE('',(#3130),#3261,.F.);
#3435=ADVANCED_FACE('',(#3131),#62,.F.);
#3436=ADVANCED_FACE('',(#3132),#3262,.T.);
#3437=ADVANCED_FACE('',(#3133),#63,.T.);
#3438=ADVANCED_FACE('',(#3134),#3263,.F.);
#3439=ADVANCED_FACE('',(#3135),#3264,.F.);
#3440=ADVANCED_FACE('',(#3136),#64,.F.);
#3441=ADVANCED_FACE('',(#3137),#3265,.T.);
#3442=ADVANCED_FACE('',(#3138),#65,.T.);
#3443=ADVANCED_FACE('',(#3139),#3266,.F.);
#3444=ADVANCED_FACE('',(#3140),#3267,.F.);
#3445=ADVANCED_FACE('',(#3141),#66,.F.);
#3446=ADVANCED_FACE('',(#3142),#3268,.T.);
#3447=ADVANCED_FACE('',(#3143),#67,.T.);
#3448=ADVANCED_FACE('',(#3144),#3269,.F.);
#3449=ADVANCED_FACE('',(#3145),#3270,.F.);
#3450=ADVANCED_FACE('',(#3146),#68,.F.);
#3451=ADVANCED_FACE('',(#3147),#3271,.T.);
#3452=ADVANCED_FACE('',(#3148),#69,.T.);
#3453=ADVANCED_FACE('',(#3149),#3272,.F.);
#3454=ADVANCED_FACE('',(#3150),#3273,.F.);
#3455=ADVANCED_FACE('',(#3151),#70,.F.);
#3456=ADVANCED_FACE('',(#3152),#3274,.T.);
#3457=ADVANCED_FACE('',(#3153),#71,.T.);
#3458=ADVANCED_FACE('',(#3154),#3275,.F.);
#3459=ADVANCED_FACE('',(#3155),#3276,.F.);
#3460=CLOSED_SHELL('',(#3277,#3278,#3279,#3280,#3281,#3282,#3283,#3284,
#3285,#3286,#3287,#3288,#3289,#3290,#3291,#3292,#3293,#3294,#3295,#3296,
#3297,#3298,#3299,#3300,#3301,#3302,#3303,#3304,#3305,#3306,#3307,#3308,
#3309,#3310,#3311,#3312,#3313,#3314,#3315,#3316,#3317,#3318,#3319,#3320,
#3321,#3322,#3323,#3324,#3325,#3326,#3327,#3328,#3329,#3330,#3331,#3332,
#3333,#3334,#3335,#3336,#3337,#3338,#3339,#3340,#3341,#3342,#3343,#3344,
#3345,#3346,#3347,#3348,#3349,#3350,#3351,#3352,#3353,#3354,#3355,#3356,
#3357,#3358,#3359,#3360,#3361,#3362,#3363,#3364,#3365,#3366,#3367,#3368,
#3369,#3370,#3371,#3372,#3373,#3374,#3375,#3376,#3377,#3378,#3379,#3380,
#3381,#3382,#3383,#3384,#3385,#3386,#3387,#3388,#3389,#3390,#3391,#3392,
#3393,#3394,#3395,#3396,#3397,#3398,#3399,#3400,#3401,#3402,#3403,#3404,
#3405,#3406,#3407,#3408,#3409,#3410,#3411,#3412,#3413,#3414,#3415,#3416,
#3417,#3418,#3419,#3420,#3421,#3422,#3423,#3424,#3425,#3426,#3427,#3428,
#3429,#3430,#3431,#3432,#3433,#3434,#3435,#3436,#3437,#3438,#3439,#3440,
#3441,#3442,#3443,#3444,#3445,#3446,#3447,#3448,#3449,#3450,#3451,#3452,
#3453,#3454,#3455,#3456,#3457,#3458,#3459));
#3461=STYLED_ITEM('',(#3462),#3469);
#3462=PRESENTATION_STYLE_ASSIGNMENT((#3463));
#3463=SURFACE_STYLE_USAGE(.BOTH.,#3464);
#3464=SURFACE_SIDE_STYLE('',(#3465));
#3465=SURFACE_STYLE_FILL_AREA(#3466);
#3466=FILL_AREA_STYLE('',(#3467));
#3467=FILL_AREA_STYLE_COLOUR('',#3468);
#3468=COLOUR_RGB('',0.933333333333333,0.933333333333333,0.933333333333333);
#3469=MANIFOLD_SOLID_BREP('planet',#3460);
#3470=SHAPE_DEFINITION_REPRESENTATION(#8664,#3471);
#3471=SHAPE_REPRESENTATION('planet',(#3472),#8659);
#3472=AXIS2_PLACEMENT_3D('',#4750,#3838,#3839);
#3473=AXIS2_PLACEMENT_3D('',#4751,#3840,#3841);
#3474=AXIS2_PLACEMENT_3D('',#4755,#3843,#3844);
#3475=AXIS2_PLACEMENT_3D('',#4759,#3846,#3847);
#3476=AXIS2_PLACEMENT_3D('',#4760,#3848,#3849);
#3477=AXIS2_PLACEMENT_3D('',#4764,#3851,#3852);
#3478=AXIS2_PLACEMENT_3D('',#4768,#3854,#3855);
#3479=AXIS2_PLACEMENT_3D('',#4769,#3856,#3857);
#3480=AXIS2_PLACEMENT_3D('',#4773,#3859,#3860);
#3481=AXIS2_PLACEMENT_3D('',#4777,#3862,#3863);
#3482=AXIS2_PLACEMENT_3D('',#4778,#3864,#3865);
#3483=AXIS2_PLACEMENT_3D('',#4782,#3867,#3868);
#3484=AXIS2_PLACEMENT_3D('',#4786,#3870,#3871);
#3485=AXIS2_PLACEMENT_3D('',#4787,#3872,#3873);
#3486=AXIS2_PLACEMENT_3D('',#4791,#3875,#3876);
#3487=AXIS2_PLACEMENT_3D('',#4795,#3878,#3879);
#3488=AXIS2_PLACEMENT_3D('',#4796,#3880,#3881);
#3489=AXIS2_PLACEMENT_3D('',#4797,#3882,#3883);
#3490=AXIS2_PLACEMENT_3D('',#4802,#3885,#3886);
#3491=AXIS2_PLACEMENT_3D('',#4805,#3888,#3889);
#3492=AXIS2_PLACEMENT_3D('',#4809,#3891,#3892);
#3493=AXIS2_PLACEMENT_3D('',#4813,#3894,#3895);
#3494=AXIS2_PLACEMENT_3D('',#4814,#3896,#3897);
#3495=AXIS2_PLACEMENT_3D('',#4818,#3899,#3900);
#3496=AXIS2_PLACEMENT_3D('',#4822,#3902,#3903);
#3497=AXIS2_PLACEMENT_3D('',#4823,#3904,#3905);
#3498=AXIS2_PLACEMENT_3D('',#4827,#3907,#3908);
#3499=AXIS2_PLACEMENT_3D('',#4831,#3910,#3911);
#3500=AXIS2_PLACEMENT_3D('',#4832,#3912,#3913);
#3501=AXIS2_PLACEMENT_3D('',#4833,#3914,#3915);
#3502=AXIS2_PLACEMENT_3D('',#4838,#3917,#3918);
#3503=AXIS2_PLACEMENT_3D('',#4841,#3920,#3921);
#3504=AXIS2_PLACEMENT_3D('',#4845,#3923,#3924);
#3505=AXIS2_PLACEMENT_3D('',#4849,#3926,#3927);
#3506=AXIS2_PLACEMENT_3D('',#4850,#3928,#3929);
#3507=AXIS2_PLACEMENT_3D('',#4851,#3930,#3931);
#3508=AXIS2_PLACEMENT_3D('',#4856,#3933,#3934);
#3509=AXIS2_PLACEMENT_3D('',#4859,#3936,#3937);
#3510=AXIS2_PLACEMENT_3D('',#4860,#3938,#3939);
#3511=AXIS2_PLACEMENT_3D('',#4865,#3941,#3942);
#3512=AXIS2_PLACEMENT_3D('',#4868,#3944,#3945);
#3513=AXIS2_PLACEMENT_3D('',#4869,#3946,#3947);
#3514=AXIS2_PLACEMENT_3D('',#4874,#3949,#3950);
#3515=AXIS2_PLACEMENT_3D('',#4877,#3952,#3953);
#3516=AXIS2_PLACEMENT_3D('',#4878,#3954,#3955);
#3517=AXIS2_PLACEMENT_3D('',#4883,#3957,#3958);
#3518=AXIS2_PLACEMENT_3D('',#4886,#3960,#3961);
#3519=AXIS2_PLACEMENT_3D('',#4887,#3962,#3963);
#3520=AXIS2_PLACEMENT_3D('',#4892,#3965,#3966);
#3521=AXIS2_PLACEMENT_3D('',#4895,#3968,#3969);
#3522=AXIS2_PLACEMENT_3D('',#4899,#3971,#3972);
#3523=AXIS2_PLACEMENT_3D('',#4903,#3974,#3975);
#3524=AXIS2_PLACEMENT_3D('',#4904,#3976,#3977);
#3525=AXIS2_PLACEMENT_3D('',#4905,#3978,#3979);
#3526=AXIS2_PLACEMENT_3D('',#4910,#3981,#3982);
#3527=AXIS2_PLACEMENT_3D('',#4913,#3984,#3985);
#3528=AXIS2_PLACEMENT_3D('',#4917,#3987,#3988);
#3529=AXIS2_PLACEMENT_3D('',#4921,#3990,#3991);
#3530=AXIS2_PLACEMENT_3D('',#4922,#3992,#3993);
#3531=AXIS2_PLACEMENT_3D('',#4923,#3994,#3995);
#3532=AXIS2_PLACEMENT_3D('',#4928,#3997,#3998);
#3533=AXIS2_PLACEMENT_3D('',#4931,#4000,#4001);
#3534=AXIS2_PLACEMENT_3D('',#4932,#4002,#4003);
#3535=AXIS2_PLACEMENT_3D('',#4937,#4005,#4006);
#3536=AXIS2_PLACEMENT_3D('',#4940,#4008,#4009);
#3537=AXIS2_PLACEMENT_3D('',#4941,#4010,#4011);
#3538=AXIS2_PLACEMENT_3D('',#4946,#4013,#4014);
#3539=AXIS2_PLACEMENT_3D('',#4949,#4016,#4017);
#3540=AXIS2_PLACEMENT_3D('',#4950,#4018,#4019);
#3541=AXIS2_PLACEMENT_3D('',#4955,#4021,#4022);
#3542=AXIS2_PLACEMENT_3D('',#4958,#4024,#4025);
#3543=AXIS2_PLACEMENT_3D('',#4959,#4026,#4027);
#3544=AXIS2_PLACEMENT_3D('',#4964,#4029,#4030);
#3545=AXIS2_PLACEMENT_3D('',#4967,#4032,#4033);
#3546=AXIS2_PLACEMENT_3D('',#4971,#4035,#4036);
#3547=AXIS2_PLACEMENT_3D('',#4975,#4038,#4039);
#3548=AXIS2_PLACEMENT_3D('',#4976,#4040,#4041);
#3549=AXIS2_PLACEMENT_3D('',#4980,#4043,#4044);
#3550=AXIS2_PLACEMENT_3D('',#4984,#4046,#4047);
#3551=AXIS2_PLACEMENT_3D('',#4985,#4048,#4049);
#3552=AXIS2_PLACEMENT_3D('',#4986,#4050,#4051);
#3553=AXIS2_PLACEMENT_3D('',#4991,#4053,#4054);
#3554=AXIS2_PLACEMENT_3D('',#4994,#4056,#4057);
#3555=AXIS2_PLACEMENT_3D('',#4995,#4058,#4059);
#3556=AXIS2_PLACEMENT_3D('',#5000,#4061,#4062);
#3557=AXIS2_PLACEMENT_3D('',#5003,#4064,#4065);
#3558=AXIS2_PLACEMENT_3D('',#5004,#4066,#4067);
#3559=AXIS2_PLACEMENT_3D('',#5009,#4069,#4070);
#3560=AXIS2_PLACEMENT_3D('',#5012,#4072,#4073);
#3561=AXIS2_PLACEMENT_3D('',#5013,#4074,#4075);
#3562=AXIS2_PLACEMENT_3D('',#5015,#4076,#4077);
#3563=AXIS2_PLACEMENT_3D('',#5047,#4078,#4079);
#3564=AXIS2_PLACEMENT_3D('',#5049,#4080,#4081);
#3565=AXIS2_PLACEMENT_3D('',#5051,#4082,#4083);
#3566=AXIS2_PLACEMENT_3D('',#5082,#4084,#4085);
#3567=AXIS2_PLACEMENT_3D('',#5084,#4086,#4087);
#3568=AXIS2_PLACEMENT_3D('',#5086,#4088,#4089);
#3569=AXIS2_PLACEMENT_3D('',#5117,#4090,#4091);
#3570=AXIS2_PLACEMENT_3D('',#5119,#4092,#4093);
#3571=AXIS2_PLACEMENT_3D('',#5121,#4094,#4095);
#3572=AXIS2_PLACEMENT_3D('',#5152,#4096,#4097);
#3573=AXIS2_PLACEMENT_3D('',#5154,#4098,#4099);
#3574=AXIS2_PLACEMENT_3D('',#5156,#4100,#4101);
#3575=AXIS2_PLACEMENT_3D('',#5187,#4102,#4103);
#3576=AXIS2_PLACEMENT_3D('',#5189,#4104,#4105);
#3577=AXIS2_PLACEMENT_3D('',#5191,#4106,#4107);
#3578=AXIS2_PLACEMENT_3D('',#5222,#4108,#4109);
#3579=AXIS2_PLACEMENT_3D('',#5224,#4110,#4111);
#3580=AXIS2_PLACEMENT_3D('',#5226,#4112,#4113);
#3581=AXIS2_PLACEMENT_3D('',#5257,#4114,#4115);
#3582=AXIS2_PLACEMENT_3D('',#5259,#4116,#4117);
#3583=AXIS2_PLACEMENT_3D('',#5261,#4118,#4119);
#3584=AXIS2_PLACEMENT_3D('',#5292,#4120,#4121);
#3585=AXIS2_PLACEMENT_3D('',#5294,#4122,#4123);
#3586=AXIS2_PLACEMENT_3D('',#5296,#4124,#4125);
#3587=AXIS2_PLACEMENT_3D('',#5327,#4126,#4127);
#3588=AXIS2_PLACEMENT_3D('',#5329,#4128,#4129);
#3589=AXIS2_PLACEMENT_3D('',#5331,#4130,#4131);
#3590=AXIS2_PLACEMENT_3D('',#5362,#4132,#4133);
#3591=AXIS2_PLACEMENT_3D('',#5364,#4134,#4135);
#3592=AXIS2_PLACEMENT_3D('',#5366,#4136,#4137);
#3593=AXIS2_PLACEMENT_3D('',#5397,#4138,#4139);
#3594=AXIS2_PLACEMENT_3D('',#5399,#4140,#4141);
#3595=AXIS2_PLACEMENT_3D('',#5401,#4142,#4143);
#3596=AXIS2_PLACEMENT_3D('',#5432,#4144,#4145);
#3597=AXIS2_PLACEMENT_3D('',#5434,#4146,#4147);
#3598=AXIS2_PLACEMENT_3D('',#5436,#4148,#4149);
#3599=AXIS2_PLACEMENT_3D('',#5467,#4150,#4151);
#3600=AXIS2_PLACEMENT_3D('',#5469,#4152,#4153);
#3601=AXIS2_PLACEMENT_3D('',#5471,#4154,#4155);
#3602=AXIS2_PLACEMENT_3D('',#5502,#4156,#4157);
#3603=AXIS2_PLACEMENT_3D('',#5504,#4158,#4159);
#3604=AXIS2_PLACEMENT_3D('',#5506,#4160,#4161);
#3605=AXIS2_PLACEMENT_3D('',#5537,#4162,#4163);
#3606=AXIS2_PLACEMENT_3D('',#5539,#4164,#4165);
#3607=AXIS2_PLACEMENT_3D('',#5541,#4166,#4167);
#3608=AXIS2_PLACEMENT_3D('',#5572,#4168,#4169);
#3609=AXIS2_PLACEMENT_3D('',#5574,#4170,#4171);
#3610=AXIS2_PLACEMENT_3D('',#5576,#4172,#4173);
#3611=AXIS2_PLACEMENT_3D('',#5607,#4174,#4175);
#3612=AXIS2_PLACEMENT_3D('',#5609,#4176,#4177);
#3613=AXIS2_PLACEMENT_3D('',#5611,#4178,#4179);
#3614=AXIS2_PLACEMENT_3D('',#5642,#4180,#4181);
#3615=AXIS2_PLACEMENT_3D('',#5644,#4182,#4183);
#3616=AXIS2_PLACEMENT_3D('',#5646,#4184,#4185);
#3617=AXIS2_PLACEMENT_3D('',#5677,#4186,#4187);
#3618=AXIS2_PLACEMENT_3D('',#5679,#4188,#4189);
#3619=AXIS2_PLACEMENT_3D('',#5681,#4190,#4191);
#3620=AXIS2_PLACEMENT_3D('',#5712,#4192,#4193);
#3621=AXIS2_PLACEMENT_3D('',#5714,#4194,#4195);
#3622=AXIS2_PLACEMENT_3D('',#5716,#4196,#4197);
#3623=AXIS2_PLACEMENT_3D('',#5747,#4198,#4199);
#3624=AXIS2_PLACEMENT_3D('',#5749,#4200,#4201);
#3625=AXIS2_PLACEMENT_3D('',#5751,#4202,#4203);
#3626=AXIS2_PLACEMENT_3D('',#5768,#4204,#4205);
#3627=AXIS2_PLACEMENT_3D('',#5785,#4206,#4207);
#3628=AXIS2_PLACEMENT_3D('',#5787,#4208,#4209);
#3629=AXIS2_PLACEMENT_3D('',#5789,#4210,#4211);
#3630=AXIS2_PLACEMENT_3D('',#5820,#4212,#4213);
#3631=AXIS2_PLACEMENT_3D('',#5822,#4214,#4215);
#3632=AXIS2_PLACEMENT_3D('',#5824,#4216,#4217);
#3633=AXIS2_PLACEMENT_3D('',#5855,#4218,#4219);
#3634=AXIS2_PLACEMENT_3D('',#5857,#4220,#4221);
#3635=AXIS2_PLACEMENT_3D('',#5859,#4222,#4223);
#3636=AXIS2_PLACEMENT_3D('',#5890,#4224,#4225);
#3637=AXIS2_PLACEMENT_3D('',#5892,#4226,#4227);
#3638=AXIS2_PLACEMENT_3D('',#5894,#4228,#4229);
#3639=AXIS2_PLACEMENT_3D('',#5925,#4230,#4231);
#3640=AXIS2_PLACEMENT_3D('',#5927,#4232,#4233);
#3641=AXIS2_PLACEMENT_3D('',#5929,#4234,#4235);
#3642=AXIS2_PLACEMENT_3D('',#5960,#4236,#4237);
#3643=AXIS2_PLACEMENT_3D('',#5962,#4238,#4239);
#3644=AXIS2_PLACEMENT_3D('',#5964,#4240,#4241);
#3645=AXIS2_PLACEMENT_3D('',#5995,#4242,#4243);
#3646=AXIS2_PLACEMENT_3D('',#5997,#4244,#4245);
#3647=AXIS2_PLACEMENT_3D('',#5999,#4246,#4247);
#3648=AXIS2_PLACEMENT_3D('',#6030,#4248,#4249);
#3649=AXIS2_PLACEMENT_3D('',#6032,#4250,#4251);
#3650=AXIS2_PLACEMENT_3D('',#6034,#4252,#4253);
#3651=AXIS2_PLACEMENT_3D('',#6065,#4254,#4255);
#3652=AXIS2_PLACEMENT_3D('',#6067,#4256,#4257);
#3653=AXIS2_PLACEMENT_3D('',#6068,#4258,#4259);
#3654=AXIS2_PLACEMENT_3D('',#6069,#4260,#4261);
#3655=AXIS2_PLACEMENT_3D('',#6071,#4262,#4263);
#3656=AXIS2_PLACEMENT_3D('',#6074,#4265,#4266);
#3657=AXIS2_PLACEMENT_3D('',#6077,#4268,#4269);
#3658=AXIS2_PLACEMENT_3D('',#6078,#4270,#4271);
#3659=AXIS2_PLACEMENT_3D('',#6110,#4272,#4273);
#3660=AXIS2_PLACEMENT_3D('',#6112,#4274,#4275);
#3661=AXIS2_PLACEMENT_3D('',#6114,#4276,#4277);
#3662=AXIS2_PLACEMENT_3D('',#6145,#4278,#4279);
#3663=AXIS2_PLACEMENT_3D('',#6147,#4280,#4281);
#3664=AXIS2_PLACEMENT_3D('',#6149,#4282,#4283);
#3665=AXIS2_PLACEMENT_3D('',#6180,#4284,#4285);
#3666=AXIS2_PLACEMENT_3D('',#6182,#4286,#4287);
#3667=AXIS2_PLACEMENT_3D('',#6184,#4288,#4289);
#3668=AXIS2_PLACEMENT_3D('',#6215,#4290,#4291);
#3669=AXIS2_PLACEMENT_3D('',#6217,#4292,#4293);
#3670=AXIS2_PLACEMENT_3D('',#6219,#4294,#4295);
#3671=AXIS2_PLACEMENT_3D('',#6250,#4296,#4297);
#3672=AXIS2_PLACEMENT_3D('',#6252,#4298,#4299);
#3673=AXIS2_PLACEMENT_3D('',#6254,#4300,#4301);
#3674=AXIS2_PLACEMENT_3D('',#6285,#4302,#4303);
#3675=AXIS2_PLACEMENT_3D('',#6287,#4304,#4305);
#3676=AXIS2_PLACEMENT_3D('',#6289,#4306,#4307);
#3677=AXIS2_PLACEMENT_3D('',#6320,#4308,#4309);
#3678=AXIS2_PLACEMENT_3D('',#6322,#4310,#4311);
#3679=AXIS2_PLACEMENT_3D('',#6324,#4312,#4313);
#3680=AXIS2_PLACEMENT_3D('',#6355,#4314,#4315);
#3681=AXIS2_PLACEMENT_3D('',#6357,#4316,#4317);
#3682=AXIS2_PLACEMENT_3D('',#6359,#4318,#4319);
#3683=AXIS2_PLACEMENT_3D('',#6390,#4320,#4321);
#3684=AXIS2_PLACEMENT_3D('',#6392,#4322,#4323);
#3685=AXIS2_PLACEMENT_3D('',#6394,#4324,#4325);
#3686=AXIS2_PLACEMENT_3D('',#6425,#4326,#4327);
#3687=AXIS2_PLACEMENT_3D('',#6427,#4328,#4329);
#3688=AXIS2_PLACEMENT_3D('',#6429,#4330,#4331);
#3689=AXIS2_PLACEMENT_3D('',#6460,#4332,#4333);
#3690=AXIS2_PLACEMENT_3D('',#6462,#4334,#4335);
#3691=AXIS2_PLACEMENT_3D('',#6464,#4336,#4337);
#3692=AXIS2_PLACEMENT_3D('',#6495,#4338,#4339);
#3693=AXIS2_PLACEMENT_3D('',#6497,#4340,#4341);
#3694=AXIS2_PLACEMENT_3D('',#6499,#4342,#4343);
#3695=AXIS2_PLACEMENT_3D('',#6530,#4344,#4345);
#3696=AXIS2_PLACEMENT_3D('',#6532,#4346,#4347);
#3697=AXIS2_PLACEMENT_3D('',#6534,#4348,#4349);
#3698=AXIS2_PLACEMENT_3D('',#6565,#4350,#4351);
#3699=AXIS2_PLACEMENT_3D('',#6567,#4352,#4353);
#3700=AXIS2_PLACEMENT_3D('',#6569,#4354,#4355);
#3701=AXIS2_PLACEMENT_3D('',#6600,#4356,#4357);
#3702=AXIS2_PLACEMENT_3D('',#6602,#4358,#4359);
#3703=AXIS2_PLACEMENT_3D('',#6604,#4360,#4361);
#3704=AXIS2_PLACEMENT_3D('',#6635,#4362,#4363);
#3705=AXIS2_PLACEMENT_3D('',#6637,#4364,#4365);
#3706=AXIS2_PLACEMENT_3D('',#6639,#4366,#4367);
#3707=AXIS2_PLACEMENT_3D('',#6670,#4368,#4369);
#3708=AXIS2_PLACEMENT_3D('',#6672,#4370,#4371);
#3709=AXIS2_PLACEMENT_3D('',#6674,#4372,#4373);
#3710=AXIS2_PLACEMENT_3D('',#6705,#4374,#4375);
#3711=AXIS2_PLACEMENT_3D('',#6707,#4376,#4377);
#3712=AXIS2_PLACEMENT_3D('',#6709,#4378,#4379);
#3713=AXIS2_PLACEMENT_3D('',#6740,#4380,#4381);
#3714=AXIS2_PLACEMENT_3D('',#6742,#4382,#4383);
#3715=AXIS2_PLACEMENT_3D('',#6744,#4384,#4385);
#3716=AXIS2_PLACEMENT_3D('',#6775,#4386,#4387);
#3717=AXIS2_PLACEMENT_3D('',#6777,#4388,#4389);
#3718=AXIS2_PLACEMENT_3D('',#6779,#4390,#4391);
#3719=AXIS2_PLACEMENT_3D('',#6810,#4392,#4393);
#3720=AXIS2_PLACEMENT_3D('',#6812,#4394,#4395);
#3721=AXIS2_PLACEMENT_3D('',#6814,#4396,#4397);
#3722=AXIS2_PLACEMENT_3D('',#6845,#4398,#4399);
#3723=AXIS2_PLACEMENT_3D('',#6847,#4400,#4401);
#3724=AXIS2_PLACEMENT_3D('',#6849,#4402,#4403);
#3725=AXIS2_PLACEMENT_3D('',#6880,#4404,#4405);
#3726=AXIS2_PLACEMENT_3D('',#6882,#4406,#4407);
#3727=AXIS2_PLACEMENT_3D('',#6884,#4408,#4409);
#3728=AXIS2_PLACEMENT_3D('',#6915,#4410,#4411);
#3729=AXIS2_PLACEMENT_3D('',#6917,#4412,#4413);
#3730=AXIS2_PLACEMENT_3D('',#6919,#4414,#4415);
#3731=AXIS2_PLACEMENT_3D('',#6950,#4416,#4417);
#3732=AXIS2_PLACEMENT_3D('',#6952,#4418,#4419);
#3733=AXIS2_PLACEMENT_3D('',#6954,#4420,#4421);
#3734=AXIS2_PLACEMENT_3D('',#6985,#4422,#4423);
#3735=AXIS2_PLACEMENT_3D('',#6987,#4424,#4425);
#3736=AXIS2_PLACEMENT_3D('',#6989,#4426,#4427);
#3737=AXIS2_PLACEMENT_3D('',#7020,#4428,#4429);
#3738=AXIS2_PLACEMENT_3D('',#7022,#4430,#4431);
#3739=AXIS2_PLACEMENT_3D('',#7024,#4432,#4433);
#3740=AXIS2_PLACEMENT_3D('',#7055,#4434,#4435);
#3741=AXIS2_PLACEMENT_3D('',#7057,#4436,#4437);
#3742=AXIS2_PLACEMENT_3D('',#7059,#4438,#4439);
#3743=AXIS2_PLACEMENT_3D('',#7090,#4440,#4441);
#3744=AXIS2_PLACEMENT_3D('',#7092,#4442,#4443);
#3745=AXIS2_PLACEMENT_3D('',#7094,#4444,#4445);
#3746=AXIS2_PLACEMENT_3D('',#7125,#4446,#4447);
#3747=AXIS2_PLACEMENT_3D('',#7127,#4448,#4449);
#3748=AXIS2_PLACEMENT_3D('',#7151,#4451,#4452);
#3749=AXIS2_PLACEMENT_3D('',#7177,#4456,#4457);
#3750=AXIS2_PLACEMENT_3D('',#7178,#4458,#4459);
#3751=AXIS2_PLACEMENT_3D('',#7202,#4461,#4462);
#3752=AXIS2_PLACEMENT_3D('',#7228,#4466,#4467);
#3753=AXIS2_PLACEMENT_3D('',#7229,#4468,#4469);
#3754=AXIS2_PLACEMENT_3D('',#7253,#4471,#4472);
#3755=AXIS2_PLACEMENT_3D('',#7279,#4476,#4477);
#3756=AXIS2_PLACEMENT_3D('',#7280,#4478,#4479);
#3757=AXIS2_PLACEMENT_3D('',#7304,#4481,#4482);
#3758=AXIS2_PLACEMENT_3D('',#7330,#4486,#4487);
#3759=AXIS2_PLACEMENT_3D('',#7331,#4488,#4489);
#3760=AXIS2_PLACEMENT_3D('',#7355,#4491,#4492);
#3761=AXIS2_PLACEMENT_3D('',#7381,#4496,#4497);
#3762=AXIS2_PLACEMENT_3D('',#7382,#4498,#4499);
#3763=AXIS2_PLACEMENT_3D('',#7406,#4501,#4502);
#3764=AXIS2_PLACEMENT_3D('',#7432,#4506,#4507);
#3765=AXIS2_PLACEMENT_3D('',#7433,#4508,#4509);
#3766=AXIS2_PLACEMENT_3D('',#7457,#4511,#4512);
#3767=AXIS2_PLACEMENT_3D('',#7483,#4516,#4517);
#3768=AXIS2_PLACEMENT_3D('',#7484,#4518,#4519);
#3769=AXIS2_PLACEMENT_3D('',#7508,#4521,#4522);
#3770=AXIS2_PLACEMENT_3D('',#7534,#4526,#4527);
#3771=AXIS2_PLACEMENT_3D('',#7535,#4528,#4529);
#3772=AXIS2_PLACEMENT_3D('',#7559,#4531,#4532);
#3773=AXIS2_PLACEMENT_3D('',#7585,#4536,#4537);
#3774=AXIS2_PLACEMENT_3D('',#7586,#4538,#4539);
#3775=AXIS2_PLACEMENT_3D('',#7610,#4541,#4542);
#3776=AXIS2_PLACEMENT_3D('',#7636,#4546,#4547);
#3777=AXIS2_PLACEMENT_3D('',#7637,#4548,#4549);
#3778=AXIS2_PLACEMENT_3D('',#7661,#4551,#4552);
#3779=AXIS2_PLACEMENT_3D('',#7687,#4556,#4557);
#3780=AXIS2_PLACEMENT_3D('',#7688,#4558,#4559);
#3781=AXIS2_PLACEMENT_3D('',#7712,#4561,#4562);
#3782=AXIS2_PLACEMENT_3D('',#7738,#4566,#4567);
#3783=AXIS2_PLACEMENT_3D('',#7739,#4568,#4569);
#3784=AXIS2_PLACEMENT_3D('',#7763,#4571,#4572);
#3785=AXIS2_PLACEMENT_3D('',#7789,#4576,#4577);
#3786=AXIS2_PLACEMENT_3D('',#7790,#4578,#4579);
#3787=AXIS2_PLACEMENT_3D('',#7814,#4581,#4582);
#3788=AXIS2_PLACEMENT_3D('',#7840,#4586,#4587);
#3789=AXIS2_PLACEMENT_3D('',#7841,#4588,#4589);
#3790=AXIS2_PLACEMENT_3D('',#7865,#4591,#4592);
#3791=AXIS2_PLACEMENT_3D('',#7891,#4596,#4597);
#3792=AXIS2_PLACEMENT_3D('',#7892,#4598,#4599);
#3793=AXIS2_PLACEMENT_3D('',#7916,#4601,#4602);
#3794=AXIS2_PLACEMENT_3D('',#7942,#4606,#4607);
#3795=AXIS2_PLACEMENT_3D('',#7943,#4608,#4609);
#3796=AXIS2_PLACEMENT_3D('',#7967,#4611,#4612);
#3797=AXIS2_PLACEMENT_3D('',#7993,#4616,#4617);
#3798=AXIS2_PLACEMENT_3D('',#7994,#4618,#4619);
#3799=AXIS2_PLACEMENT_3D('',#8018,#4621,#4622);
#3800=AXIS2_PLACEMENT_3D('',#8044,#4626,#4627);
#3801=AXIS2_PLACEMENT_3D('',#8045,#4628,#4629);
#3802=AXIS2_PLACEMENT_3D('',#8069,#4631,#4632);
#3803=AXIS2_PLACEMENT_3D('',#8095,#4636,#4637);
#3804=AXIS2_PLACEMENT_3D('',#8096,#4638,#4639);
#3805=AXIS2_PLACEMENT_3D('',#8120,#4641,#4642);
#3806=AXIS2_PLACEMENT_3D('',#8146,#4646,#4647);
#3807=AXIS2_PLACEMENT_3D('',#8147,#4648,#4649);
#3808=AXIS2_PLACEMENT_3D('',#8171,#4651,#4652);
#3809=AXIS2_PLACEMENT_3D('',#8197,#4656,#4657);
#3810=AXIS2_PLACEMENT_3D('',#8198,#4658,#4659);
#3811=AXIS2_PLACEMENT_3D('',#8222,#4661,#4662);
#3812=AXIS2_PLACEMENT_3D('',#8248,#4666,#4667);
#3813=AXIS2_PLACEMENT_3D('',#8249,#4668,#4669);
#3814=AXIS2_PLACEMENT_3D('',#8273,#4671,#4672);
#3815=AXIS2_PLACEMENT_3D('',#8299,#4676,#4677);
#3816=AXIS2_PLACEMENT_3D('',#8300,#4678,#4679);
#3817=AXIS2_PLACEMENT_3D('',#8324,#4681,#4682);
#3818=AXIS2_PLACEMENT_3D('',#8350,#4686,#4687);
#3819=AXIS2_PLACEMENT_3D('',#8351,#4688,#4689);
#3820=AXIS2_PLACEMENT_3D('',#8375,#4691,#4692);
#3821=AXIS2_PLACEMENT_3D('',#8401,#4696,#4697);
#3822=AXIS2_PLACEMENT_3D('',#8402,#4698,#4699);
#3823=AXIS2_PLACEMENT_3D('',#8426,#4701,#4702);
#3824=AXIS2_PLACEMENT_3D('',#8452,#4706,#4707);
#3825=AXIS2_PLACEMENT_3D('',#8453,#4708,#4709);
#3826=AXIS2_PLACEMENT_3D('',#8477,#4711,#4712);
#3827=AXIS2_PLACEMENT_3D('',#8503,#4716,#4717);
#3828=AXIS2_PLACEMENT_3D('',#8504,#4718,#4719);
#3829=AXIS2_PLACEMENT_3D('',#8528,#4721,#4722);
#3830=AXIS2_PLACEMENT_3D('',#8554,#4726,#4727);
#3831=AXIS2_PLACEMENT_3D('',#8555,#4728,#4729);
#3832=AXIS2_PLACEMENT_3D('',#8579,#4731,#4732);
#3833=AXIS2_PLACEMENT_3D('',#8605,#4736,#4737);
#3834=AXIS2_PLACEMENT_3D('',#8606,#4738,#4739);
#3835=AXIS2_PLACEMENT_3D('',#8630,#4741,#4742);
#3836=AXIS2_PLACEMENT_3D('',#8656,#4746,#4747);
#3837=AXIS2_PLACEMENT_3D('',#8657,#4748,#4749);
#3838=DIRECTION('',(0.,0.,1.));
#3839=DIRECTION('',(1.,0.,0.));
#3840=DIRECTION('',(0.,1.,0.));
#3841=DIRECTION('',(0.,0.,1.));
#3842=DIRECTION('',(0.,1.,0.));
#3843=DIRECTION('',(0.,-1.,0.));
#3844=DIRECTION('',(1.,0.,0.));
#3845=DIRECTION('',(0.,1.,0.));
#3846=DIRECTION('',(0.,-1.,0.));
#3847=DIRECTION('',(1.,0.,0.));
#3848=DIRECTION('',(0.,1.,0.));
#3849=DIRECTION('',(0.,0.,1.));
#3850=DIRECTION('',(0.,1.,0.));
#3851=DIRECTION('',(0.,-1.,0.));
#3852=DIRECTION('',(1.,0.,0.));
#3853=DIRECTION('',(0.,1.,0.));
#3854=DIRECTION('',(0.,-1.,0.));
#3855=DIRECTION('',(1.,0.,0.));
#3856=DIRECTION('',(0.,1.,0.));
#3857=DIRECTION('',(0.,0.,1.));
#3858=DIRECTION('',(0.,1.,0.));
#3859=DIRECTION('',(0.,-1.,0.));
#3860=DIRECTION('',(1.,0.,0.));
#3861=DIRECTION('',(0.,1.,0.));
#3862=DIRECTION('',(0.,-1.,0.));
#3863=DIRECTION('',(1.,0.,0.));
#3864=DIRECTION('',(0.,1.,0.));
#3865=DIRECTION('',(0.,0.,1.));
#3866=DIRECTION('',(0.,1.,0.));
#3867=DIRECTION('',(0.,-1.,0.));
#3868=DIRECTION('',(1.,0.,0.));
#3869=DIRECTION('',(0.,1.,0.));
#3870=DIRECTION('',(0.,-1.,0.));
#3871=DIRECTION('',(1.,0.,0.));
#3872=DIRECTION('',(0.,1.,0.));
#3873=DIRECTION('',(0.,0.,1.));
#3874=DIRECTION('',(0.,1.,0.));
#3875=DIRECTION('',(0.,-1.,0.));
#3876=DIRECTION('',(1.,0.,0.));
#3877=DIRECTION('',(0.,1.,0.));
#3878=DIRECTION('',(0.,-1.,0.));
#3879=DIRECTION('',(1.,0.,0.));
#3880=DIRECTION('',(0.,1.,0.));
#3881=DIRECTION('',(0.,0.,1.));
#3882=DIRECTION('',(0.,-1.,0.));
#3883=DIRECTION('',(1.,0.,0.));
#3884=DIRECTION('',(0.,1.,0.));
#3885=DIRECTION('',(0.,-1.,0.));
#3886=DIRECTION('',(1.,0.,0.));
#3887=DIRECTION('',(0.,1.,0.));
#3888=DIRECTION('',(0.,1.,0.));
#3889=DIRECTION('',(0.,0.,1.));
#3890=DIRECTION('',(0.,1.,0.));
#3891=DIRECTION('',(0.,-1.,0.));
#3892=DIRECTION('',(1.,0.,0.));
#3893=DIRECTION('',(0.,1.,0.));
#3894=DIRECTION('',(0.,-1.,0.));
#3895=DIRECTION('',(1.,0.,0.));
#3896=DIRECTION('',(0.,1.,0.));
#3897=DIRECTION('',(0.,0.,1.));
#3898=DIRECTION('',(0.,1.,0.));
#3899=DIRECTION('',(0.,-1.,0.));
#3900=DIRECTION('',(1.,0.,0.));
#3901=DIRECTION('',(0.,1.,0.));
#3902=DIRECTION('',(0.,-1.,0.));
#3903=DIRECTION('',(1.,0.,0.));
#3904=DIRECTION('',(0.,1.,0.));
#3905=DIRECTION('',(0.,0.,1.));
#3906=DIRECTION('',(0.,1.,0.));
#3907=DIRECTION('',(0.,-1.,0.));
#3908=DIRECTION('',(1.,0.,0.));
#3909=DIRECTION('',(0.,1.,0.));
#3910=DIRECTION('',(0.,-1.,0.));
#3911=DIRECTION('',(1.,0.,0.));
#3912=DIRECTION('',(0.,1.,0.));
#3913=DIRECTION('',(0.,0.,1.));
#3914=DIRECTION('',(0.,-1.,0.));
#3915=DIRECTION('',(1.,0.,0.));
#3916=DIRECTION('',(0.,1.,0.));
#3917=DIRECTION('',(0.,-1.,0.));
#3918=DIRECTION('',(1.,0.,0.));
#3919=DIRECTION('',(0.,1.,0.));
#3920=DIRECTION('',(0.,1.,0.));
#3921=DIRECTION('',(0.,0.,1.));
#3922=DIRECTION('',(0.,1.,0.));
#3923=DIRECTION('',(0.,-1.,0.));
#3924=DIRECTION('',(1.,0.,0.));
#3925=DIRECTION('',(0.,1.,0.));
#3926=DIRECTION('',(0.,-1.,0.));
#3927=DIRECTION('',(1.,0.,0.));
#3928=DIRECTION('',(0.,1.,0.));
#3929=DIRECTION('',(0.,0.,1.));
#3930=DIRECTION('',(0.,-1.,0.));
#3931=DIRECTION('',(1.,0.,0.));
#3932=DIRECTION('',(0.,1.,0.));
#3933=DIRECTION('',(0.,-1.,0.));
#3934=DIRECTION('',(1.,0.,0.));
#3935=DIRECTION('',(0.,1.,0.));
#3936=DIRECTION('',(0.,1.,0.));
#3937=DIRECTION('',(0.,0.,1.));
#3938=DIRECTION('',(0.,-1.,0.));
#3939=DIRECTION('',(1.,0.,0.));
#3940=DIRECTION('',(0.,1.,0.));
#3941=DIRECTION('',(0.,-1.,0.));
#3942=DIRECTION('',(1.,0.,0.));
#3943=DIRECTION('',(0.,1.,0.));
#3944=DIRECTION('',(0.,1.,0.));
#3945=DIRECTION('',(0.,0.,1.));
#3946=DIRECTION('',(0.,-1.,0.));
#3947=DIRECTION('',(1.,0.,0.));
#3948=DIRECTION('',(0.,1.,0.));
#3949=DIRECTION('',(0.,-1.,0.));
#3950=DIRECTION('',(1.,0.,0.));
#3951=DIRECTION('',(0.,1.,0.));
#3952=DIRECTION('',(0.,1.,0.));
#3953=DIRECTION('',(0.,0.,1.));
#3954=DIRECTION('',(0.,-1.,0.));
#3955=DIRECTION('',(1.,0.,0.));
#3956=DIRECTION('',(0.,1.,0.));
#3957=DIRECTION('',(0.,-1.,0.));
#3958=DIRECTION('',(1.,0.,0.));
#3959=DIRECTION('',(0.,1.,0.));
#3960=DIRECTION('',(0.,1.,0.));
#3961=DIRECTION('',(0.,0.,1.));
#3962=DIRECTION('',(0.,-1.,0.));
#3963=DIRECTION('',(1.,0.,0.));
#3964=DIRECTION('',(0.,1.,0.));
#3965=DIRECTION('',(0.,-1.,0.));
#3966=DIRECTION('',(1.,0.,0.));
#3967=DIRECTION('',(0.,1.,0.));
#3968=DIRECTION('',(0.,1.,0.));
#3969=DIRECTION('',(0.,0.,1.));
#3970=DIRECTION('',(0.,1.,0.));
#3971=DIRECTION('',(0.,-1.,0.));
#3972=DIRECTION('',(1.,0.,0.));
#3973=DIRECTION('',(0.,1.,0.));
#3974=DIRECTION('',(0.,-1.,0.));
#3975=DIRECTION('',(1.,0.,0.));
#3976=DIRECTION('',(0.,1.,0.));
#3977=DIRECTION('',(0.,0.,1.));
#3978=DIRECTION('',(0.,-1.,0.));
#3979=DIRECTION('',(1.,0.,0.));
#3980=DIRECTION('',(0.,1.,0.));
#3981=DIRECTION('',(0.,-1.,0.));
#3982=DIRECTION('',(1.,0.,0.));
#3983=DIRECTION('',(0.,1.,0.));
#3984=DIRECTION('',(0.,1.,0.));
#3985=DIRECTION('',(0.,0.,1.));
#3986=DIRECTION('',(0.,1.,0.));
#3987=DIRECTION('',(0.,-1.,0.));
#3988=DIRECTION('',(1.,0.,0.));
#3989=DIRECTION('',(0.,1.,0.));
#3990=DIRECTION('',(0.,-1.,0.));
#3991=DIRECTION('',(1.,0.,0.));
#3992=DIRECTION('',(0.,1.,0.));
#3993=DIRECTION('',(0.,0.,1.));
#3994=DIRECTION('',(0.,-1.,0.));
#3995=DIRECTION('',(1.,0.,0.));
#3996=DIRECTION('',(0.,1.,0.));
#3997=DIRECTION('',(0.,-1.,0.));
#3998=DIRECTION('',(1.,0.,0.));
#3999=DIRECTION('',(0.,1.,0.));
#4000=DIRECTION('',(0.,1.,0.));
#4001=DIRECTION('',(0.,0.,1.));
#4002=DIRECTION('',(0.,-1.,0.));
#4003=DIRECTION('',(1.,0.,0.));
#4004=DIRECTION('',(0.,1.,0.));
#4005=DIRECTION('',(0.,-1.,0.));
#4006=DIRECTION('',(1.,0.,0.));
#4007=DIRECTION('',(0.,1.,0.));
#4008=DIRECTION('',(0.,1.,0.));
#4009=DIRECTION('',(0.,0.,1.));
#4010=DIRECTION('',(0.,-1.,0.));
#4011=DIRECTION('',(1.,0.,0.));
#4012=DIRECTION('',(0.,1.,0.));
#4013=DIRECTION('',(0.,-1.,0.));
#4014=DIRECTION('',(1.,0.,0.));
#4015=DIRECTION('',(0.,1.,0.));
#4016=DIRECTION('',(0.,1.,0.));
#4017=DIRECTION('',(0.,0.,1.));
#4018=DIRECTION('',(0.,-1.,0.));
#4019=DIRECTION('',(1.,0.,0.));
#4020=DIRECTION('',(0.,1.,0.));
#4021=DIRECTION('',(0.,-1.,0.));
#4022=DIRECTION('',(1.,0.,0.));
#4023=DIRECTION('',(0.,1.,0.));
#4024=DIRECTION('',(0.,1.,0.));
#4025=DIRECTION('',(0.,0.,1.));
#4026=DIRECTION('',(0.,-1.,0.));
#4027=DIRECTION('',(1.,0.,0.));
#4028=DIRECTION('',(0.,1.,0.));
#4029=DIRECTION('',(0.,-1.,0.));
#4030=DIRECTION('',(1.,0.,0.));
#4031=DIRECTION('',(0.,1.,0.));
#4032=DIRECTION('',(0.,1.,0.));
#4033=DIRECTION('',(0.,0.,1.));
#4034=DIRECTION('',(0.,1.,0.));
#4035=DIRECTION('',(0.,-1.,0.));
#4036=DIRECTION('',(1.,0.,0.));
#4037=DIRECTION('',(0.,1.,0.));
#4038=DIRECTION('',(0.,-1.,0.));
#4039=DIRECTION('',(1.,0.,0.));
#4040=DIRECTION('',(0.,1.,0.));
#4041=DIRECTION('',(0.,0.,1.));
#4042=DIRECTION('',(0.,1.,0.));
#4043=DIRECTION('',(0.,-1.,0.));
#4044=DIRECTION('',(1.,0.,0.));
#4045=DIRECTION('',(0.,1.,0.));
#4046=DIRECTION('',(0.,-1.,0.));
#4047=DIRECTION('',(1.,0.,0.));
#4048=DIRECTION('',(0.,1.,0.));
#4049=DIRECTION('',(0.,0.,1.));
#4050=DIRECTION('',(0.,-1.,0.));
#4051=DIRECTION('',(1.,0.,0.));
#4052=DIRECTION('',(0.,1.,0.));
#4053=DIRECTION('',(0.,-1.,0.));
#4054=DIRECTION('',(1.,0.,0.));
#4055=DIRECTION('',(0.,1.,0.));
#4056=DIRECTION('',(0.,1.,0.));
#4057=DIRECTION('',(0.,0.,1.));
#4058=DIRECTION('',(0.,-1.,0.));
#4059=DIRECTION('',(1.,0.,0.));
#4060=DIRECTION('',(0.,1.,0.));
#4061=DIRECTION('',(0.,-1.,0.));
#4062=DIRECTION('',(1.,0.,0.));
#4063=DIRECTION('',(0.,1.,0.));
#4064=DIRECTION('',(0.,1.,0.));
#4065=DIRECTION('',(0.,0.,1.));
#4066=DIRECTION('',(0.,-1.,0.));
#4067=DIRECTION('',(1.,0.,0.));
#4068=DIRECTION('',(0.,1.,0.));
#4069=DIRECTION('',(0.,-1.,0.));
#4070=DIRECTION('',(1.,0.,0.));
#4071=DIRECTION('',(0.,1.,0.));
#4072=DIRECTION('',(0.,-1.,0.));
#4073=DIRECTION('',(1.,0.,0.));
#4074=DIRECTION('',(0.,-1.,0.));
#4075=DIRECTION('',(1.,0.,0.));
#4076=DIRECTION('',(0.,-1.,0.));
#4077=DIRECTION('',(0.994521895368273,0.,0.104528463267654));
#4078=DIRECTION('',(0.,-1.,0.));
#4079=DIRECTION('',(0.951056516295154,0.,0.309016994374948));
#4080=DIRECTION('',(0.,-1.,0.));
#4081=DIRECTION('',(-0.309016994374948,0.,0.951056516295154));
#4082=DIRECTION('',(0.,-1.,0.));
#4083=DIRECTION('',(0.951056516295154,0.,0.309016994374948));
#4084=DIRECTION('',(0.,-1.,0.));
#4085=DIRECTION('',(0.866025403784439,0.,0.5));
#4086=DIRECTION('',(0.,-1.,0.));
#4087=DIRECTION('',(-0.5,0.,0.866025403784439));
#4088=DIRECTION('',(0.,-1.,0.));
#4089=DIRECTION('',(0.866025403784439,0.,0.5));
#4090=DIRECTION('',(0.,-1.,0.));
#4091=DIRECTION('',(0.743144825477394,0.,0.669130606358858));
#4092=DIRECTION('',(0.,-1.,0.));
#4093=DIRECTION('',(-0.669130606358858,0.,0.743144825477394));
#4094=DIRECTION('',(0.,-1.,0.));
#4095=DIRECTION('',(0.743144825477394,0.,0.669130606358858));
#4096=DIRECTION('',(0.,-1.,0.));
#4097=DIRECTION('',(0.587785252292473,0.,0.809016994374947));
#4098=DIRECTION('',(0.,-1.,0.));
#4099=DIRECTION('',(-0.809016994374947,0.,0.587785252292473));
#4100=DIRECTION('',(0.,-1.,0.));
#4101=DIRECTION('',(0.587785252292473,0.,0.809016994374947));
#4102=DIRECTION('',(0.,-1.,0.));
#4103=DIRECTION('',(0.4067366430758,0.,0.913545457642601));
#4104=DIRECTION('',(0.,-1.,0.));
#4105=DIRECTION('',(-0.913545457642601,0.,0.4067366430758));
#4106=DIRECTION('',(0.,-1.,0.));
#4107=DIRECTION('',(0.4067366430758,0.,0.913545457642601));
#4108=DIRECTION('',(0.,-1.,0.));
#4109=DIRECTION('',(0.207911690817759,0.,0.978147600733806));
#4110=DIRECTION('',(0.,-1.,0.));
#4111=DIRECTION('',(-0.978147600733806,0.,0.207911690817759));
#4112=DIRECTION('',(0.,-1.,0.));
#4113=DIRECTION('',(0.207911690817759,0.,0.978147600733806));
#4114=DIRECTION('',(0.,-1.,0.));
#4115=DIRECTION('',(1.22464679914735E-16,0.,1.));
#4116=DIRECTION('',(0.,-1.,0.));
#4117=DIRECTION('',(-1.,0.,1.22464679914735E-16));
#4118=DIRECTION('',(0.,-1.,0.));
#4119=DIRECTION('',(1.22464679914735E-16,0.,1.));
#4120=DIRECTION('',(0.,-1.,0.));
#4121=DIRECTION('',(-0.207911690817759,0.,0.978147600733806));
#4122=DIRECTION('',(0.,-1.,0.));
#4123=DIRECTION('',(-0.978147600733806,0.,-0.207911690817759));
#4124=DIRECTION('',(0.,-1.,0.));
#4125=DIRECTION('',(-0.207911690817759,0.,0.978147600733806));
#4126=DIRECTION('',(0.,-1.,0.));
#4127=DIRECTION('',(-0.4067366430758,0.,0.913545457642601));
#4128=DIRECTION('',(0.,-1.,0.));
#4129=DIRECTION('',(-0.913545457642601,0.,-0.4067366430758));
#4130=DIRECTION('',(0.,-1.,0.));
#4131=DIRECTION('',(-0.4067366430758,0.,0.913545457642601));
#4132=DIRECTION('',(0.,-1.,0.));
#4133=DIRECTION('',(-0.587785252292473,0.,0.809016994374948));
#4134=DIRECTION('',(0.,-1.,0.));
#4135=DIRECTION('',(-0.809016994374948,0.,-0.587785252292473));
#4136=DIRECTION('',(0.,-1.,0.));
#4137=DIRECTION('',(-0.587785252292473,0.,0.809016994374948));
#4138=DIRECTION('',(0.,-1.,0.));
#4139=DIRECTION('',(-0.743144825477394,0.,0.669130606358858));
#4140=DIRECTION('',(0.,-1.,0.));
#4141=DIRECTION('',(-0.669130606358858,0.,-0.743144825477394));
#4142=DIRECTION('',(0.,-1.,0.));
#4143=DIRECTION('',(-0.743144825477394,0.,0.669130606358858));
#4144=DIRECTION('',(0.,-1.,0.));
#4145=DIRECTION('',(-0.866025403784438,0.,0.5));
#4146=DIRECTION('',(0.,-1.,0.));
#4147=DIRECTION('',(-0.5,0.,-0.866025403784438));
#4148=DIRECTION('',(0.,-1.,0.));
#4149=DIRECTION('',(-0.866025403784438,0.,0.5));
#4150=DIRECTION('',(0.,-1.,0.));
#4151=DIRECTION('',(-0.951056516295154,0.,0.309016994374948));
#4152=DIRECTION('',(0.,-1.,0.));
#4153=DIRECTION('',(-0.309016994374948,0.,-0.951056516295154));
#4154=DIRECTION('',(0.,-1.,0.));
#4155=DIRECTION('',(-0.951056516295154,0.,0.309016994374948));
#4156=DIRECTION('',(0.,-1.,0.));
#4157=DIRECTION('',(-0.994521895368273,0.,0.104528463267653));
#4158=DIRECTION('',(0.,-1.,0.));
#4159=DIRECTION('',(-0.104528463267653,0.,-0.994521895368273));
#4160=DIRECTION('',(0.,-1.,0.));
#4161=DIRECTION('',(-0.994521895368273,0.,0.104528463267653));
#4162=DIRECTION('',(0.,-1.,0.));
#4163=DIRECTION('',(-0.994521895368273,0.,-0.104528463267653));
#4164=DIRECTION('',(0.,-1.,0.));
#4165=DIRECTION('',(0.104528463267653,0.,-0.994521895368273));
#4166=DIRECTION('',(0.,-1.,0.));
#4167=DIRECTION('',(-0.994521895368273,0.,-0.104528463267653));
#4168=DIRECTION('',(0.,-1.,0.));
#4169=DIRECTION('',(-0.951056516295154,0.,-0.309016994374948));
#4170=DIRECTION('',(0.,-1.,0.));
#4171=DIRECTION('',(0.309016994374948,0.,-0.951056516295154));
#4172=DIRECTION('',(0.,-1.,0.));
#4173=DIRECTION('',(-0.951056516295154,0.,-0.309016994374948));
#4174=DIRECTION('',(0.,-1.,0.));
#4175=DIRECTION('',(-0.866025403784439,0.,-0.5));
#4176=DIRECTION('',(0.,-1.,0.));
#4177=DIRECTION('',(0.5,0.,-0.866025403784439));
#4178=DIRECTION('',(0.,-1.,0.));
#4179=DIRECTION('',(-0.866025403784439,0.,-0.5));
#4180=DIRECTION('',(0.,-1.,0.));
#4181=DIRECTION('',(-0.743144825477395,0.,-0.669130606358858));
#4182=DIRECTION('',(0.,-1.,0.));
#4183=DIRECTION('',(0.669130606358858,0.,-0.743144825477395));
#4184=DIRECTION('',(0.,-1.,0.));
#4185=DIRECTION('',(-0.743144825477395,0.,-0.669130606358858));
#4186=DIRECTION('',(0.,-1.,0.));
#4187=DIRECTION('',(-0.587785252292473,0.,-0.809016994374947));
#4188=DIRECTION('',(0.,-1.,0.));
#4189=DIRECTION('',(0.809016994374947,0.,-0.587785252292473));
#4190=DIRECTION('',(0.,-1.,0.));
#4191=DIRECTION('',(-0.587785252292473,0.,-0.809016994374947));
#4192=DIRECTION('',(0.,-1.,0.));
#4193=DIRECTION('',(-0.4067366430758,0.,-0.913545457642601));
#4194=DIRECTION('',(0.,-1.,0.));
#4195=DIRECTION('',(0.913545457642601,0.,-0.4067366430758));
#4196=DIRECTION('',(0.,-1.,0.));
#4197=DIRECTION('',(-0.4067366430758,0.,-0.913545457642601));
#4198=DIRECTION('',(0.,-1.,0.));
#4199=DIRECTION('',(-0.20791169081776,0.,-0.978147600733806));
#4200=DIRECTION('',(0.,-1.,0.));
#4201=DIRECTION('',(0.978147600733806,0.,-0.20791169081776));
#4202=DIRECTION('',(0.,-1.,0.));
#4203=DIRECTION('',(-0.20791169081776,0.,-0.978147600733806));
#4204=DIRECTION('',(0.,-1.,0.));
#4205=DIRECTION('',(1.,0.,0.));
#4206=DIRECTION('',(0.,-1.,0.));
#4207=DIRECTION('',(0.,0.,-1.));
#4208=DIRECTION('',(0.,-1.,0.));
#4209=DIRECTION('',(1.,0.,0.));
#4210=DIRECTION('',(0.,-1.,0.));
#4211=DIRECTION('',(0.,0.,-1.));
#4212=DIRECTION('',(0.,-1.,0.));
#4213=DIRECTION('',(0.207911690817759,0.,-0.978147600733806));
#4214=DIRECTION('',(0.,-1.,0.));
#4215=DIRECTION('',(0.978147600733806,0.,0.207911690817759));
#4216=DIRECTION('',(0.,-1.,0.));
#4217=DIRECTION('',(0.207911690817759,0.,-0.978147600733806));
#4218=DIRECTION('',(0.,-1.,0.));
#4219=DIRECTION('',(0.4067366430758,0.,-0.913545457642601));
#4220=DIRECTION('',(0.,-1.,0.));
#4221=DIRECTION('',(0.913545457642601,0.,0.4067366430758));
#4222=DIRECTION('',(0.,-1.,0.));
#4223=DIRECTION('',(0.4067366430758,0.,-0.913545457642601));
#4224=DIRECTION('',(0.,-1.,0.));
#4225=DIRECTION('',(0.587785252292473,0.,-0.809016994374948));
#4226=DIRECTION('',(0.,-1.,0.));
#4227=DIRECTION('',(0.809016994374948,0.,0.587785252292473));
#4228=DIRECTION('',(0.,-1.,0.));
#4229=DIRECTION('',(0.587785252292473,0.,-0.809016994374948));
#4230=DIRECTION('',(0.,-1.,0.));
#4231=DIRECTION('',(0.743144825477394,0.,-0.669130606358858));
#4232=DIRECTION('',(0.,-1.,0.));
#4233=DIRECTION('',(0.669130606358858,0.,0.743144825477394));
#4234=DIRECTION('',(0.,-1.,0.));
#4235=DIRECTION('',(0.743144825477394,0.,-0.669130606358858));
#4236=DIRECTION('',(0.,-1.,0.));
#4237=DIRECTION('',(0.866025403784439,0.,-0.5));
#4238=DIRECTION('',(0.,-1.,0.));
#4239=DIRECTION('',(0.5,0.,0.866025403784439));
#4240=DIRECTION('',(0.,-1.,0.));
#4241=DIRECTION('',(0.866025403784439,0.,-0.5));
#4242=DIRECTION('',(0.,-1.,0.));
#4243=DIRECTION('',(0.951056516295154,0.,-0.309016994374948));
#4244=DIRECTION('',(0.,-1.,0.));
#4245=DIRECTION('',(0.309016994374948,0.,0.951056516295154));
#4246=DIRECTION('',(0.,-1.,0.));
#4247=DIRECTION('',(0.951056516295154,0.,-0.309016994374948));
#4248=DIRECTION('',(0.,-1.,0.));
#4249=DIRECTION('',(0.994521895368273,0.,-0.104528463267653));
#4250=DIRECTION('',(0.,-1.,0.));
#4251=DIRECTION('',(0.104528463267653,0.,0.994521895368273));
#4252=DIRECTION('',(0.,-1.,0.));
#4253=DIRECTION('',(0.994521895368273,0.,-0.104528463267653));
#4254=DIRECTION('',(0.,-1.,0.));
#4255=DIRECTION('',(0.994521895368273,0.,0.104528463267654));
#4256=DIRECTION('',(0.,-1.,0.));
#4257=DIRECTION('',(-0.104528463267654,0.,0.994521895368273));
#4258=DIRECTION('',(0.,1.,0.));
#4259=DIRECTION('',(0.,0.,1.));
#4260=DIRECTION('',(0.,-1.,0.));
#4261=DIRECTION('',(1.,0.,0.));
#4262=DIRECTION('',(0.,1.,0.));
#4263=DIRECTION('',(0.,0.,1.));
#4264=DIRECTION('',(0.,1.,0.));
#4265=DIRECTION('',(0.,-1.,0.));
#4266=DIRECTION('',(1.,0.,0.));
#4267=DIRECTION('',(0.,1.,0.));
#4268=DIRECTION('',(0.,-1.,0.));
#4269=DIRECTION('',(1.,0.,0.));
#4270=DIRECTION('',(0.,-1.,0.));
#4271=DIRECTION('',(0.994521895368273,0.,0.104528463267654));
#4272=DIRECTION('',(0.,-1.,0.));
#4273=DIRECTION('',(0.994521895368273,0.,-0.104528463267653));
#4274=DIRECTION('',(0.,-1.,0.));
#4275=DIRECTION('',(0.104528463267653,0.,0.994521895368273));
#4276=DIRECTION('',(0.,-1.,0.));
#4277=DIRECTION('',(0.994521895368273,0.,-0.104528463267653));
#4278=DIRECTION('',(0.,-1.,0.));
#4279=DIRECTION('',(0.951056516295154,0.,-0.309016994374948));
#4280=DIRECTION('',(0.,-1.,0.));
#4281=DIRECTION('',(0.309016994374948,0.,0.951056516295154));
#4282=DIRECTION('',(0.,-1.,0.));
#4283=DIRECTION('',(0.951056516295154,0.,-0.309016994374948));
#4284=DIRECTION('',(0.,-1.,0.));
#4285=DIRECTION('',(0.866025403784439,0.,-0.5));
#4286=DIRECTION('',(0.,-1.,0.));
#4287=DIRECTION('',(0.5,0.,0.866025403784439));
#4288=DIRECTION('',(0.,-1.,0.));
#4289=DIRECTION('',(0.866025403784439,0.,-0.5));
#4290=DIRECTION('',(0.,-1.,0.));
#4291=DIRECTION('',(0.743144825477394,0.,-0.669130606358858));
#4292=DIRECTION('',(0.,-1.,0.));
#4293=DIRECTION('',(0.669130606358858,0.,0.743144825477394));
#4294=DIRECTION('',(0.,-1.,0.));
#4295=DIRECTION('',(0.743144825477394,0.,-0.669130606358858));
#4296=DIRECTION('',(0.,-1.,0.));
#4297=DIRECTION('',(0.587785252292473,0.,-0.809016994374948));
#4298=DIRECTION('',(0.,-1.,0.));
#4299=DIRECTION('',(0.809016994374948,0.,0.587785252292473));
#4300=DIRECTION('',(0.,-1.,0.));
#4301=DIRECTION('',(0.587785252292473,0.,-0.809016994374948));
#4302=DIRECTION('',(0.,-1.,0.));
#4303=DIRECTION('',(0.4067366430758,0.,-0.913545457642601));
#4304=DIRECTION('',(0.,-1.,0.));
#4305=DIRECTION('',(0.913545457642601,0.,0.4067366430758));
#4306=DIRECTION('',(0.,-1.,0.));
#4307=DIRECTION('',(0.4067366430758,0.,-0.913545457642601));
#4308=DIRECTION('',(0.,-1.,0.));
#4309=DIRECTION('',(0.207911690817759,0.,-0.978147600733806));
#4310=DIRECTION('',(0.,-1.,0.));
#4311=DIRECTION('',(0.978147600733806,0.,0.207911690817759));
#4312=DIRECTION('',(0.,-1.,0.));
#4313=DIRECTION('',(0.207911690817759,0.,-0.978147600733806));
#4314=DIRECTION('',(0.,-1.,0.));
#4315=DIRECTION('',(0.,0.,-1.));
#4316=DIRECTION('',(0.,-1.,0.));
#4317=DIRECTION('',(1.,0.,0.));
#4318=DIRECTION('',(0.,-1.,0.));
#4319=DIRECTION('',(0.,0.,-1.));
#4320=DIRECTION('',(0.,-1.,0.));
#4321=DIRECTION('',(-0.20791169081776,0.,-0.978147600733806));
#4322=DIRECTION('',(0.,-1.,0.));
#4323=DIRECTION('',(0.978147600733806,0.,-0.20791169081776));
#4324=DIRECTION('',(0.,-1.,0.));
#4325=DIRECTION('',(-0.20791169081776,0.,-0.978147600733806));
#4326=DIRECTION('',(0.,-1.,0.));
#4327=DIRECTION('',(-0.4067366430758,0.,-0.913545457642601));
#4328=DIRECTION('',(0.,-1.,0.));
#4329=DIRECTION('',(0.913545457642601,0.,-0.4067366430758));
#4330=DIRECTION('',(0.,-1.,0.));
#4331=DIRECTION('',(-0.4067366430758,0.,-0.913545457642601));
#4332=DIRECTION('',(0.,-1.,0.));
#4333=DIRECTION('',(-0.587785252292473,0.,-0.809016994374947));
#4334=DIRECTION('',(0.,-1.,0.));
#4335=DIRECTION('',(0.809016994374947,0.,-0.587785252292473));
#4336=DIRECTION('',(0.,-1.,0.));
#4337=DIRECTION('',(-0.587785252292473,0.,-0.809016994374947));
#4338=DIRECTION('',(0.,-1.,0.));
#4339=DIRECTION('',(-0.743144825477395,0.,-0.669130606358858));
#4340=DIRECTION('',(0.,-1.,0.));
#4341=DIRECTION('',(0.669130606358858,0.,-0.743144825477395));
#4342=DIRECTION('',(0.,-1.,0.));
#4343=DIRECTION('',(-0.743144825477395,0.,-0.669130606358858));
#4344=DIRECTION('',(0.,-1.,0.));
#4345=DIRECTION('',(-0.866025403784439,0.,-0.5));
#4346=DIRECTION('',(0.,-1.,0.));
#4347=DIRECTION('',(0.5,0.,-0.866025403784439));
#4348=DIRECTION('',(0.,-1.,0.));
#4349=DIRECTION('',(-0.866025403784439,0.,-0.5));
#4350=DIRECTION('',(0.,-1.,0.));
#4351=DIRECTION('',(-0.951056516295154,0.,-0.309016994374948));
#4352=DIRECTION('',(0.,-1.,0.));
#4353=DIRECTION('',(0.309016994374948,0.,-0.951056516295154));
#4354=DIRECTION('',(0.,-1.,0.));
#4355=DIRECTION('',(-0.951056516295154,0.,-0.309016994374948));
#4356=DIRECTION('',(0.,-1.,0.));
#4357=DIRECTION('',(-0.994521895368273,0.,-0.104528463267653));
#4358=DIRECTION('',(0.,-1.,0.));
#4359=DIRECTION('',(0.104528463267653,0.,-0.994521895368273));
#4360=DIRECTION('',(0.,-1.,0.));
#4361=DIRECTION('',(-0.994521895368273,0.,-0.104528463267653));
#4362=DIRECTION('',(0.,-1.,0.));
#4363=DIRECTION('',(-0.994521895368273,0.,0.104528463267653));
#4364=DIRECTION('',(0.,-1.,0.));
#4365=DIRECTION('',(-0.104528463267653,0.,-0.994521895368273));
#4366=DIRECTION('',(0.,-1.,0.));
#4367=DIRECTION('',(-0.994521895368273,0.,0.104528463267653));
#4368=DIRECTION('',(0.,-1.,0.));
#4369=DIRECTION('',(-0.951056516295154,0.,0.309016994374948));
#4370=DIRECTION('',(0.,-1.,0.));
#4371=DIRECTION('',(-0.309016994374948,0.,-0.951056516295154));
#4372=DIRECTION('',(0.,-1.,0.));
#4373=DIRECTION('',(-0.951056516295154,0.,0.309016994374948));
#4374=DIRECTION('',(0.,-1.,0.));
#4375=DIRECTION('',(-0.866025403784438,0.,0.5));
#4376=DIRECTION('',(0.,-1.,0.));
#4377=DIRECTION('',(-0.5,0.,-0.866025403784438));
#4378=DIRECTION('',(0.,-1.,0.));
#4379=DIRECTION('',(-0.866025403784438,0.,0.5));
#4380=DIRECTION('',(0.,-1.,0.));
#4381=DIRECTION('',(-0.743144825477394,0.,0.669130606358858));
#4382=DIRECTION('',(0.,-1.,0.));
#4383=DIRECTION('',(-0.669130606358858,0.,-0.743144825477394));
#4384=DIRECTION('',(0.,-1.,0.));
#4385=DIRECTION('',(-0.743144825477394,0.,0.669130606358858));
#4386=DIRECTION('',(0.,-1.,0.));
#4387=DIRECTION('',(-0.587785252292473,0.,0.809016994374948));
#4388=DIRECTION('',(0.,-1.,0.));
#4389=DIRECTION('',(-0.809016994374948,0.,-0.587785252292473));
#4390=DIRECTION('',(0.,-1.,0.));
#4391=DIRECTION('',(-0.587785252292473,0.,0.809016994374948));
#4392=DIRECTION('',(0.,-1.,0.));
#4393=DIRECTION('',(-0.4067366430758,0.,0.913545457642601));
#4394=DIRECTION('',(0.,-1.,0.));
#4395=DIRECTION('',(-0.913545457642601,0.,-0.4067366430758));
#4396=DIRECTION('',(0.,-1.,0.));
#4397=DIRECTION('',(-0.4067366430758,0.,0.913545457642601));
#4398=DIRECTION('',(0.,-1.,0.));
#4399=DIRECTION('',(-0.207911690817759,0.,0.978147600733806));
#4400=DIRECTION('',(0.,-1.,0.));
#4401=DIRECTION('',(-0.978147600733806,0.,-0.207911690817759));
#4402=DIRECTION('',(0.,-1.,0.));
#4403=DIRECTION('',(-0.207911690817759,0.,0.978147600733806));
#4404=DIRECTION('',(0.,-1.,0.));
#4405=DIRECTION('',(1.22464679914735E-16,0.,1.));
#4406=DIRECTION('',(0.,-1.,0.));
#4407=DIRECTION('',(-1.,0.,1.22464679914735E-16));
#4408=DIRECTION('',(0.,-1.,0.));
#4409=DIRECTION('',(1.22464679914735E-16,0.,1.));
#4410=DIRECTION('',(0.,-1.,0.));
#4411=DIRECTION('',(0.207911690817759,0.,0.978147600733806));
#4412=DIRECTION('',(0.,-1.,0.));
#4413=DIRECTION('',(-0.978147600733806,0.,0.207911690817759));
#4414=DIRECTION('',(0.,-1.,0.));
#4415=DIRECTION('',(0.207911690817759,0.,0.978147600733806));
#4416=DIRECTION('',(0.,-1.,0.));
#4417=DIRECTION('',(0.4067366430758,0.,0.913545457642601));
#4418=DIRECTION('',(0.,-1.,0.));
#4419=DIRECTION('',(-0.913545457642601,0.,0.4067366430758));
#4420=DIRECTION('',(0.,-1.,0.));
#4421=DIRECTION('',(0.4067366430758,0.,0.913545457642601));
#4422=DIRECTION('',(0.,-1.,0.));
#4423=DIRECTION('',(0.587785252292473,0.,0.809016994374947));
#4424=DIRECTION('',(0.,-1.,0.));
#4425=DIRECTION('',(-0.809016994374947,0.,0.587785252292473));
#4426=DIRECTION('',(0.,-1.,0.));
#4427=DIRECTION('',(0.587785252292473,0.,0.809016994374947));
#4428=DIRECTION('',(0.,-1.,0.));
#4429=DIRECTION('',(0.743144825477394,0.,0.669130606358858));
#4430=DIRECTION('',(0.,-1.,0.));
#4431=DIRECTION('',(-0.669130606358858,0.,0.743144825477394));
#4432=DIRECTION('',(0.,-1.,0.));
#4433=DIRECTION('',(0.743144825477394,0.,0.669130606358858));
#4434=DIRECTION('',(0.,-1.,0.));
#4435=DIRECTION('',(0.866025403784439,0.,0.5));
#4436=DIRECTION('',(0.,-1.,0.));
#4437=DIRECTION('',(-0.5,0.,0.866025403784439));
#4438=DIRECTION('',(0.,-1.,0.));
#4439=DIRECTION('',(0.866025403784439,0.,0.5));
#4440=DIRECTION('',(0.,-1.,0.));
#4441=DIRECTION('',(0.951056516295154,0.,0.309016994374948));
#4442=DIRECTION('',(0.,-1.,0.));
#4443=DIRECTION('',(-0.309016994374948,0.,0.951056516295154));
#4444=DIRECTION('',(0.,-1.,0.));
#4445=DIRECTION('',(0.951056516295154,0.,0.309016994374948));
#4446=DIRECTION('',(0.,-1.,0.));
#4447=DIRECTION('',(0.994521895368273,0.,0.104528463267654));
#4448=DIRECTION('',(0.,-1.,0.));
#4449=DIRECTION('',(-0.104528463267654,0.,0.994521895368273));
#4450=DIRECTION('',(0.,1.,0.));
#4451=DIRECTION('',(0.,1.,0.));
#4452=DIRECTION('',(0.,0.,1.));
#4453=DIRECTION('',(0.,1.,0.));
#4454=DIRECTION('',(0.,1.,0.));
#4455=DIRECTION('',(0.,1.,0.));
#4456=DIRECTION('',(0.,1.,0.));
#4457=DIRECTION('',(0.,0.,1.));
#4458=DIRECTION('',(0.,1.,0.));
#4459=DIRECTION('',(0.,0.,1.));
#4460=DIRECTION('',(0.,1.,0.));
#4461=DIRECTION('',(0.,1.,0.));
#4462=DIRECTION('',(0.20791169081776,0.,0.978147600733806));
#4463=DIRECTION('',(0.,1.,0.));
#4464=DIRECTION('',(0.,1.,0.));
#4465=DIRECTION('',(0.,1.,0.));
#4466=DIRECTION('',(0.,1.,0.));
#4467=DIRECTION('',(0.20791169081776,0.,0.978147600733806));
#4468=DIRECTION('',(0.,1.,0.));
#4469=DIRECTION('',(0.20791169081776,0.,0.978147600733806));
#4470=DIRECTION('',(0.,1.,0.));
#4471=DIRECTION('',(0.,1.,0.));
#4472=DIRECTION('',(0.743144825477395,0.,0.669130606358858));
#4473=DIRECTION('',(0.,1.,0.));
#4474=DIRECTION('',(0.,1.,0.));
#4475=DIRECTION('',(0.,1.,0.));
#4476=DIRECTION('',(0.,1.,0.));
#4477=DIRECTION('',(0.743144825477395,0.,0.669130606358858));
#4478=DIRECTION('',(0.,1.,0.));
#4479=DIRECTION('',(0.743144825477395,0.,0.669130606358858));
#4480=DIRECTION('',(0.,1.,0.));
#4481=DIRECTION('',(0.,1.,0.));
#4482=DIRECTION('',(0.866025403784439,0.,0.5));
#4483=DIRECTION('',(0.,1.,0.));
#4484=DIRECTION('',(0.,1.,0.));
#4485=DIRECTION('',(0.,1.,0.));
#4486=DIRECTION('',(0.,1.,0.));
#4487=DIRECTION('',(0.866025403784439,0.,0.5));
#4488=DIRECTION('',(0.,1.,0.));
#4489=DIRECTION('',(0.866025403784439,0.,0.5));
#4490=DIRECTION('',(0.,1.,0.));
#4491=DIRECTION('',(0.,1.,0.));
#4492=DIRECTION('',(0.587785252292473,0.,0.809016994374947));
#4493=DIRECTION('',(0.,1.,0.));
#4494=DIRECTION('',(0.,1.,0.));
#4495=DIRECTION('',(0.,1.,0.));
#4496=DIRECTION('',(0.,1.,0.));
#4497=DIRECTION('',(0.587785252292473,0.,0.809016994374947));
#4498=DIRECTION('',(0.,1.,0.));
#4499=DIRECTION('',(0.587785252292473,0.,0.809016994374947));
#4500=DIRECTION('',(0.,1.,0.));
#4501=DIRECTION('',(0.,1.,0.));
#4502=DIRECTION('',(0.4067366430758,0.,0.913545457642601));
#4503=DIRECTION('',(0.,1.,0.));
#4504=DIRECTION('',(0.,1.,0.));
#4505=DIRECTION('',(0.,1.,0.));
#4506=DIRECTION('',(0.,1.,0.));
#4507=DIRECTION('',(0.4067366430758,0.,0.913545457642601));
#4508=DIRECTION('',(0.,1.,0.));
#4509=DIRECTION('',(0.4067366430758,0.,0.913545457642601));
#4510=DIRECTION('',(0.,1.,0.));
#4511=DIRECTION('',(0.,1.,0.));
#4512=DIRECTION('',(0.951056516295154,0.,0.309016994374948));
#4513=DIRECTION('',(0.,1.,0.));
#4514=DIRECTION('',(0.,1.,0.));
#4515=DIRECTION('',(0.,1.,0.));
#4516=DIRECTION('',(0.,1.,0.));
#4517=DIRECTION('',(0.951056516295154,0.,0.309016994374948));
#4518=DIRECTION('',(0.,1.,0.));
#4519=DIRECTION('',(0.951056516295154,0.,0.309016994374948));
#4520=DIRECTION('',(0.,1.,0.));
#4521=DIRECTION('',(0.,1.,0.));
#4522=DIRECTION('',(0.994521895368273,0.,0.104528463267653));
#4523=DIRECTION('',(0.,1.,0.));
#4524=DIRECTION('',(0.,1.,0.));
#4525=DIRECTION('',(0.,1.,0.));
#4526=DIRECTION('',(0.,1.,0.));
#4527=DIRECTION('',(0.994521895368273,0.,0.104528463267653));
#4528=DIRECTION('',(0.,1.,0.));
#4529=DIRECTION('',(0.994521895368273,0.,0.104528463267653));
#4530=DIRECTION('',(0.,1.,0.));
#4531=DIRECTION('',(0.,1.,0.));
#4532=DIRECTION('',(0.994521895368273,0.,-0.104528463267653));
#4533=DIRECTION('',(0.,1.,0.));
#4534=DIRECTION('',(0.,1.,0.));
#4535=DIRECTION('',(0.,1.,0.));
#4536=DIRECTION('',(0.,1.,0.));
#4537=DIRECTION('',(0.994521895368273,0.,-0.104528463267653));
#4538=DIRECTION('',(0.,1.,0.));
#4539=DIRECTION('',(0.994521895368273,0.,-0.104528463267653));
#4540=DIRECTION('',(0.,1.,0.));
#4541=DIRECTION('',(0.,1.,0.));
#4542=DIRECTION('',(0.951056516295154,0.,-0.309016994374948));
#4543=DIRECTION('',(0.,1.,0.));
#4544=DIRECTION('',(0.,1.,0.));
#4545=DIRECTION('',(0.,1.,0.));
#4546=DIRECTION('',(0.,1.,0.));
#4547=DIRECTION('',(0.951056516295154,0.,-0.309016994374948));
#4548=DIRECTION('',(0.,1.,0.));
#4549=DIRECTION('',(0.951056516295154,0.,-0.309016994374948));
#4550=DIRECTION('',(0.,1.,0.));
#4551=DIRECTION('',(0.,1.,0.));
#4552=DIRECTION('',(0.4067366430758,0.,-0.913545457642601));
#4553=DIRECTION('',(0.,1.,0.));
#4554=DIRECTION('',(0.,1.,0.));
#4555=DIRECTION('',(0.,1.,0.));
#4556=DIRECTION('',(0.,1.,0.));
#4557=DIRECTION('',(0.4067366430758,0.,-0.913545457642601));
#4558=DIRECTION('',(0.,1.,0.));
#4559=DIRECTION('',(0.4067366430758,0.,-0.913545457642601));
#4560=DIRECTION('',(0.,1.,0.));
#4561=DIRECTION('',(0.,1.,0.));
#4562=DIRECTION('',(0.587785252292473,0.,-0.809016994374948));
#4563=DIRECTION('',(0.,1.,0.));
#4564=DIRECTION('',(0.,1.,0.));
#4565=DIRECTION('',(0.,1.,0.));
#4566=DIRECTION('',(0.,1.,0.));
#4567=DIRECTION('',(0.587785252292473,0.,-0.809016994374948));
#4568=DIRECTION('',(0.,1.,0.));
#4569=DIRECTION('',(0.587785252292473,0.,-0.809016994374948));
#4570=DIRECTION('',(0.,1.,0.));
#4571=DIRECTION('',(0.,1.,0.));
#4572=DIRECTION('',(0.866025403784438,0.,-0.5));
#4573=DIRECTION('',(0.,1.,0.));
#4574=DIRECTION('',(0.,1.,0.));
#4575=DIRECTION('',(0.,1.,0.));
#4576=DIRECTION('',(0.,1.,0.));
#4577=DIRECTION('',(0.866025403784438,0.,-0.5));
#4578=DIRECTION('',(0.,1.,0.));
#4579=DIRECTION('',(0.866025403784438,0.,-0.5));
#4580=DIRECTION('',(0.,1.,0.));
#4581=DIRECTION('',(0.,1.,0.));
#4582=DIRECTION('',(0.743144825477394,0.,-0.669130606358858));
#4583=DIRECTION('',(0.,1.,0.));
#4584=DIRECTION('',(0.,1.,0.));
#4585=DIRECTION('',(0.,1.,0.));
#4586=DIRECTION('',(0.,1.,0.));
#4587=DIRECTION('',(0.743144825477394,0.,-0.669130606358858));
#4588=DIRECTION('',(0.,1.,0.));
#4589=DIRECTION('',(0.743144825477394,0.,-0.669130606358858));
#4590=DIRECTION('',(0.,1.,0.));
#4591=DIRECTION('',(0.,1.,0.));
#4592=DIRECTION('',(0.207911690817759,0.,-0.978147600733806));
#4593=DIRECTION('',(0.,1.,0.));
#4594=DIRECTION('',(0.,1.,0.));
#4595=DIRECTION('',(0.,1.,0.));
#4596=DIRECTION('',(0.,1.,0.));
#4597=DIRECTION('',(0.207911690817759,0.,-0.978147600733806));
#4598=DIRECTION('',(0.,1.,0.));
#4599=DIRECTION('',(0.207911690817759,0.,-0.978147600733806));
#4600=DIRECTION('',(0.,1.,0.));
#4601=DIRECTION('',(0.,1.,0.));
#4602=DIRECTION('',(-1.22464679914735E-16,0.,-1.));
#4603=DIRECTION('',(0.,1.,0.));
#4604=DIRECTION('',(0.,1.,0.));
#4605=DIRECTION('',(0.,1.,0.));
#4606=DIRECTION('',(0.,1.,0.));
#4607=DIRECTION('',(-1.22464679914735E-16,0.,-1.));
#4608=DIRECTION('',(0.,1.,0.));
#4609=DIRECTION('',(-1.22464679914735E-16,0.,-1.));
#4610=DIRECTION('',(0.,1.,0.));
#4611=DIRECTION('',(0.,1.,0.));
#4612=DIRECTION('',(-0.207911690817759,0.,-0.978147600733806));
#4613=DIRECTION('',(0.,1.,0.));
#4614=DIRECTION('',(0.,1.,0.));
#4615=DIRECTION('',(0.,1.,0.));
#4616=DIRECTION('',(0.,1.,0.));
#4617=DIRECTION('',(-0.207911690817759,0.,-0.978147600733806));
#4618=DIRECTION('',(0.,1.,0.));
#4619=DIRECTION('',(-0.207911690817759,0.,-0.978147600733806));
#4620=DIRECTION('',(0.,1.,0.));
#4621=DIRECTION('',(0.,1.,0.));
#4622=DIRECTION('',(-0.4067366430758,0.,-0.913545457642601));
#4623=DIRECTION('',(0.,1.,0.));
#4624=DIRECTION('',(0.,1.,0.));
#4625=DIRECTION('',(0.,1.,0.));
#4626=DIRECTION('',(0.,1.,0.));
#4627=DIRECTION('',(-0.4067366430758,0.,-0.913545457642601));
#4628=DIRECTION('',(0.,1.,0.));
#4629=DIRECTION('',(-0.4067366430758,0.,-0.913545457642601));
#4630=DIRECTION('',(0.,1.,0.));
#4631=DIRECTION('',(0.,1.,0.));
#4632=DIRECTION('',(-0.951056516295154,0.,-0.309016994374948));
#4633=DIRECTION('',(0.,1.,0.));
#4634=DIRECTION('',(0.,1.,0.));
#4635=DIRECTION('',(0.,1.,0.));
#4636=DIRECTION('',(0.,1.,0.));
#4637=DIRECTION('',(-0.951056516295154,0.,-0.309016994374948));
#4638=DIRECTION('',(0.,1.,0.));
#4639=DIRECTION('',(-0.951056516295154,0.,-0.309016994374948));
#4640=DIRECTION('',(0.,1.,0.));
#4641=DIRECTION('',(0.,1.,0.));
#4642=DIRECTION('',(-0.866025403784439,0.,-0.5));
#4643=DIRECTION('',(0.,1.,0.));
#4644=DIRECTION('',(0.,1.,0.));
#4645=DIRECTION('',(0.,1.,0.));
#4646=DIRECTION('',(0.,1.,0.));
#4647=DIRECTION('',(-0.866025403784439,0.,-0.5));
#4648=DIRECTION('',(0.,1.,0.));
#4649=DIRECTION('',(-0.866025403784439,0.,-0.5));
#4650=DIRECTION('',(0.,1.,0.));
#4651=DIRECTION('',(0.,1.,0.));
#4652=DIRECTION('',(-0.587785252292473,0.,-0.809016994374947));
#4653=DIRECTION('',(0.,1.,0.));
#4654=DIRECTION('',(0.,1.,0.));
#4655=DIRECTION('',(0.,1.,0.));
#4656=DIRECTION('',(0.,1.,0.));
#4657=DIRECTION('',(-0.587785252292473,0.,-0.809016994374947));
#4658=DIRECTION('',(0.,1.,0.));
#4659=DIRECTION('',(-0.587785252292473,0.,-0.809016994374947));
#4660=DIRECTION('',(0.,1.,0.));
#4661=DIRECTION('',(0.,1.,0.));
#4662=DIRECTION('',(-0.743144825477394,0.,-0.669130606358858));
#4663=DIRECTION('',(0.,1.,0.));
#4664=DIRECTION('',(0.,1.,0.));
#4665=DIRECTION('',(0.,1.,0.));
#4666=DIRECTION('',(0.,1.,0.));
#4667=DIRECTION('',(-0.743144825477394,0.,-0.669130606358858));
#4668=DIRECTION('',(0.,1.,0.));
#4669=DIRECTION('',(-0.743144825477394,0.,-0.669130606358858));
#4670=DIRECTION('',(0.,1.,0.));
#4671=DIRECTION('',(0.,1.,0.));
#4672=DIRECTION('',(-0.207911690817759,0.,0.978147600733806));
#4673=DIRECTION('',(0.,1.,0.));
#4674=DIRECTION('',(0.,1.,0.));
#4675=DIRECTION('',(0.,1.,0.));
#4676=DIRECTION('',(0.,1.,0.));
#4677=DIRECTION('',(-0.207911690817759,0.,0.978147600733806));
#4678=DIRECTION('',(0.,1.,0.));
#4679=DIRECTION('',(-0.207911690817759,0.,0.978147600733806));
#4680=DIRECTION('',(0.,1.,0.));
#4681=DIRECTION('',(0.,1.,0.));
#4682=DIRECTION('',(-0.4067366430758,0.,0.913545457642601));
#4683=DIRECTION('',(0.,1.,0.));
#4684=DIRECTION('',(0.,1.,0.));
#4685=DIRECTION('',(0.,1.,0.));
#4686=DIRECTION('',(0.,1.,0.));
#4687=DIRECTION('',(-0.4067366430758,0.,0.913545457642601));
#4688=DIRECTION('',(0.,1.,0.));
#4689=DIRECTION('',(-0.4067366430758,0.,0.913545457642601));
#4690=DIRECTION('',(0.,1.,0.));
#4691=DIRECTION('',(0.,1.,0.));
#4692=DIRECTION('',(-0.743144825477394,0.,0.669130606358858));
#4693=DIRECTION('',(0.,1.,0.));
#4694=DIRECTION('',(0.,1.,0.));
#4695=DIRECTION('',(0.,1.,0.));
#4696=DIRECTION('',(0.,1.,0.));
#4697=DIRECTION('',(-0.743144825477394,0.,0.669130606358858));
#4698=DIRECTION('',(0.,1.,0.));
#4699=DIRECTION('',(-0.743144825477394,0.,0.669130606358858));
#4700=DIRECTION('',(0.,1.,0.));
#4701=DIRECTION('',(0.,1.,0.));
#4702=DIRECTION('',(-0.587785252292473,0.,0.809016994374948));
#4703=DIRECTION('',(0.,1.,0.));
#4704=DIRECTION('',(0.,1.,0.));
#4705=DIRECTION('',(0.,1.,0.));
#4706=DIRECTION('',(0.,1.,0.));
#4707=DIRECTION('',(-0.587785252292473,0.,0.809016994374948));
#4708=DIRECTION('',(0.,1.,0.));
#4709=DIRECTION('',(-0.587785252292473,0.,0.809016994374948));
#4710=DIRECTION('',(0.,1.,0.));
#4711=DIRECTION('',(0.,1.,0.));
#4712=DIRECTION('',(-0.866025403784439,0.,0.5));
#4713=DIRECTION('',(0.,1.,0.));
#4714=DIRECTION('',(0.,1.,0.));
#4715=DIRECTION('',(0.,1.,0.));
#4716=DIRECTION('',(0.,1.,0.));
#4717=DIRECTION('',(-0.866025403784439,0.,0.5));
#4718=DIRECTION('',(0.,1.,0.));
#4719=DIRECTION('',(-0.866025403784439,0.,0.5));
#4720=DIRECTION('',(0.,1.,0.));
#4721=DIRECTION('',(0.,1.,0.));
#4722=DIRECTION('',(-0.951056516295154,0.,0.309016994374948));
#4723=DIRECTION('',(0.,1.,0.));
#4724=DIRECTION('',(0.,1.,0.));
#4725=DIRECTION('',(0.,1.,0.));
#4726=DIRECTION('',(0.,1.,0.));
#4727=DIRECTION('',(-0.951056516295154,0.,0.309016994374948));
#4728=DIRECTION('',(0.,1.,0.));
#4729=DIRECTION('',(-0.951056516295154,0.,0.309016994374948));
#4730=DIRECTION('',(0.,1.,0.));
#4731=DIRECTION('',(0.,1.,0.));
#4732=DIRECTION('',(-0.994521895368273,0.,0.104528463267653));
#4733=DIRECTION('',(0.,1.,0.));
#4734=DIRECTION('',(0.,1.,0.));
#4735=DIRECTION('',(0.,1.,0.));
#4736=DIRECTION('',(0.,1.,0.));
#4737=DIRECTION('',(-0.994521895368273,0.,0.104528463267653));
#4738=DIRECTION('',(0.,1.,0.));
#4739=DIRECTION('',(-0.994521895368273,0.,0.104528463267653));
#4740=DIRECTION('',(0.,1.,0.));
#4741=DIRECTION('',(0.,1.,0.));
#4742=DIRECTION('',(-0.994521895368273,0.,-0.104528463267654));
#4743=DIRECTION('',(0.,1.,0.));
#4744=DIRECTION('',(0.,1.,0.));
#4745=DIRECTION('',(0.,1.,0.));
#4746=DIRECTION('',(0.,1.,0.));
#4747=DIRECTION('',(-0.994521895368273,0.,-0.104528463267654));
#4748=DIRECTION('',(0.,1.,0.));
#4749=DIRECTION('',(-0.994521895368273,0.,-0.104528463267654));
#4750=CARTESIAN_POINT('',(0.,0.,0.));
#4751=CARTESIAN_POINT('',(0.06345,-0.005,0.));
#4752=CARTESIAN_POINT('',(0.0625858754884037,-0.005,0.0375900690186711));
#4753=CARTESIAN_POINT('',(0.0625858754884037,-0.005,0.0375900690186711));
#4754=CARTESIAN_POINT('',(0.0625858754884037,0.,0.0375900690186711));
#4755=CARTESIAN_POINT('',(0.06345,-0.005,0.));
#4756=CARTESIAN_POINT('',(0.0643141245115964,-0.005,0.0375900690186711));
#4757=CARTESIAN_POINT('',(0.0643141245115964,-0.005,0.0375900690186711));
#4758=CARTESIAN_POINT('',(0.0643141245115964,0.,0.0375900690186711));
#4759=CARTESIAN_POINT('',(0.06345,0.,0.));
#4760=CARTESIAN_POINT('',(0.06345,-0.005,0.));
#4761=CARTESIAN_POINT('',(0.0704201734898749,-0.005,0.0369482974103143));
#4762=CARTESIAN_POINT('',(0.0704201734898749,-0.005,0.0369482974103143));
#4763=CARTESIAN_POINT('',(0.0704201734898749,0.,0.0369482974103143));
#4764=CARTESIAN_POINT('',(0.06345,-0.005,0.));
#4765=CARTESIAN_POINT('',(0.0721106561253814,-0.005,0.0365889742337482));
#4766=CARTESIAN_POINT('',(0.0721106561253814,-0.005,0.0365889742337482));
#4767=CARTESIAN_POINT('',(0.0721106561253814,0.,0.0365889742337482));
#4768=CARTESIAN_POINT('',(0.06345,0.,0.));
#4769=CARTESIAN_POINT('',(0.06345,-0.005,0.));
#4770=CARTESIAN_POINT('',(0.0779498414632354,-0.005,0.0346917079075251));
#4771=CARTESIAN_POINT('',(0.0779498414632354,-0.005,0.0346917079075251));
#4772=CARTESIAN_POINT('',(0.0779498414632354,0.,0.0346917079075251));
#4773=CARTESIAN_POINT('',(0.06345,-0.005,0.));
#4774=CARTESIAN_POINT('',(0.0795286755080484,-0.005,0.0339887657014327));
#4775=CARTESIAN_POINT('',(0.0795286755080484,-0.005,0.0339887657014327));
#4776=CARTESIAN_POINT('',(0.0795286755080484,0.,0.0339887657014327));
#4777=CARTESIAN_POINT('',(0.06345,0.,0.));
#4778=CARTESIAN_POINT('',(0.06345,-0.005,0.));
#4779=CARTESIAN_POINT('',(0.0848457967866937,-0.005,0.0309189242998929));
#4780=CARTESIAN_POINT('',(0.0848457967866937,-0.005,0.0309189242998929));
#4781=CARTESIAN_POINT('',(0.0848457967866937,0.,0.0309189242998929));
#4782=CARTESIAN_POINT('',(0.06345,-0.005,0.));
#4783=CARTESIAN_POINT('',(0.0862439796169685,-0.005,0.0299030850117714));
#4784=CARTESIAN_POINT('',(0.0862439796169685,-0.005,0.0299030850117714));
#4785=CARTESIAN_POINT('',(0.0862439796169685,0.,0.0299030850117714));
#4786=CARTESIAN_POINT('',(0.06345,0.,0.));
#4787=CARTESIAN_POINT('',(0.06345,-0.005,0.));
#4788=CARTESIAN_POINT('',(0.0955718924443814,-0.005,0.0195433882884108));
#4789=CARTESIAN_POINT('',(0.0955718924443814,-0.005,0.0195433882884108));
#4790=CARTESIAN_POINT('',(0.0955718924443814,0.,0.0195433882884108));
#4791=CARTESIAN_POINT('',(0.06345,-0.005,0.));
#4792=CARTESIAN_POINT('',(0.0964360169559777,-0.005,0.0180466807302603));
#4793=CARTESIAN_POINT('',(0.0964360169559777,-0.005,0.0180466807302603));
#4794=CARTESIAN_POINT('',(0.0964360169559777,0.,0.0180466807302603));
#4795=CARTESIAN_POINT('',(0.06345,0.,0.));
#4796=CARTESIAN_POINT('',(0.06345,-0.005,0.));
#4797=CARTESIAN_POINT('',(0.06345,-0.005,0.));
#4798=CARTESIAN_POINT('',(0.0919630774389776,-0.005,0.0245104960161737));
#4799=CARTESIAN_POINT('',(0.0908066531221495,-0.005,0.0257948353348957));
#4800=CARTESIAN_POINT('',(0.0919630774389776,-0.005,0.0245104960161737));
#4801=CARTESIAN_POINT('',(0.0919630774389776,0.,0.0245104960161737));
#4802=CARTESIAN_POINT('',(0.06345,0.,0.));
#4803=CARTESIAN_POINT('',(0.0908066531221495,0.,0.0257948353348957));
#4804=CARTESIAN_POINT('',(0.0908066531221495,-0.005,0.0257948353348957));
#4805=CARTESIAN_POINT('',(0.06345,-0.005,0.));
#4806=CARTESIAN_POINT('',(0.0989332509288525,-0.005,0.0124378013941407));
#4807=CARTESIAN_POINT('',(0.0989332509288525,-0.005,0.0124378013941407));
#4808=CARTESIAN_POINT('',(0.0989332509288525,0.,0.0124378013941407));
#4809=CARTESIAN_POINT('',(0.06345,-0.005,0.));
#4810=CARTESIAN_POINT('',(0.099467309247531,-0.005,0.0107941388988525));
#4811=CARTESIAN_POINT('',(0.099467309247531,-0.005,0.0107941388988525));
#4812=CARTESIAN_POINT('',(0.099467309247531,0.,0.0107941388988525));
#4813=CARTESIAN_POINT('',(0.06345,0.,0.));
#4814=CARTESIAN_POINT('',(0.06345,-0.005,0.));
#4815=CARTESIAN_POINT('',(0.100743821080204,-0.005,0.00478862289575372));
#4816=CARTESIAN_POINT('',(0.100743821080204,-0.005,0.00478862289575372));
#4817=CARTESIAN_POINT('',(0.100743821080204,0.,0.00478862289575372));
#4818=CARTESIAN_POINT('',(0.06345,-0.005,0.));
#4819=CARTESIAN_POINT('',(0.100924472294742,-0.005,0.00306984140153972));
#4820=CARTESIAN_POINT('',(0.100924472294742,-0.005,0.00306984140153972));
#4821=CARTESIAN_POINT('',(0.100924472294742,0.,0.00306984140153972));
#4822=CARTESIAN_POINT('',(0.06345,0.,0.));
#4823=CARTESIAN_POINT('',(0.06345,-0.005,0.));
#4824=CARTESIAN_POINT('',(0.0406560203830315,-0.005,0.0299030850117714));
#4825=CARTESIAN_POINT('',(0.0406560203830315,-0.005,0.0299030850117714));
#4826=CARTESIAN_POINT('',(0.0406560203830315,0.,0.0299030850117714));
#4827=CARTESIAN_POINT('',(0.06345,-0.005,0.));
#4828=CARTESIAN_POINT('',(0.0420542032133064,-0.005,0.0309189242998929));
#4829=CARTESIAN_POINT('',(0.0420542032133064,-0.005,0.0309189242998929));
#4830=CARTESIAN_POINT('',(0.0420542032133064,0.,0.0309189242998929));
#4831=CARTESIAN_POINT('',(0.06345,0.,0.));
#4832=CARTESIAN_POINT('',(0.06345,-0.005,0.));
#4833=CARTESIAN_POINT('',(0.06345,-0.005,0.));
#4834=CARTESIAN_POINT('',(0.0360933468778505,-0.005,0.0257948353348957));
#4835=CARTESIAN_POINT('',(0.0349369225610225,-0.005,0.0245104960161737));
#4836=CARTESIAN_POINT('',(0.0360933468778505,-0.005,0.0257948353348957));
#4837=CARTESIAN_POINT('',(0.0360933468778505,0.,0.0257948353348957));
#4838=CARTESIAN_POINT('',(0.06345,0.,0.));
#4839=CARTESIAN_POINT('',(0.0349369225610225,0.,0.0245104960161737));
#4840=CARTESIAN_POINT('',(0.0349369225610225,-0.005,0.0245104960161737));
#4841=CARTESIAN_POINT('',(0.06345,-0.005,0.));
#4842=CARTESIAN_POINT('',(0.0473713244919516,-0.005,0.0339887657014327));
#4843=CARTESIAN_POINT('',(0.0473713244919516,-0.005,0.0339887657014327));
#4844=CARTESIAN_POINT('',(0.0473713244919516,0.,0.0339887657014327));
#4845=CARTESIAN_POINT('',(0.06345,-0.005,0.));
#4846=CARTESIAN_POINT('',(0.0489501585367646,-0.005,0.0346917079075251));
#4847=CARTESIAN_POINT('',(0.0489501585367646,-0.005,0.0346917079075251));
#4848=CARTESIAN_POINT('',(0.0489501585367646,0.,0.0346917079075251));
#4849=CARTESIAN_POINT('',(0.06345,0.,0.));
#4850=CARTESIAN_POINT('',(0.06345,-0.005,0.));
#4851=CARTESIAN_POINT('',(0.06345,-0.005,0.));
#4852=CARTESIAN_POINT('',(0.0564798265101251,-0.005,0.0369482974103143));
#4853=CARTESIAN_POINT('',(0.0547893438746186,-0.005,0.0365889742337482));
#4854=CARTESIAN_POINT('',(0.0564798265101251,-0.005,0.0369482974103143));
#4855=CARTESIAN_POINT('',(0.0564798265101251,0.,0.0369482974103143));
#4856=CARTESIAN_POINT('',(0.06345,0.,0.));
#4857=CARTESIAN_POINT('',(0.0547893438746186,0.,0.0365889742337482));
#4858=CARTESIAN_POINT('',(0.0547893438746186,-0.005,0.0365889742337482));
#4859=CARTESIAN_POINT('',(0.06345,-0.005,0.));
#4860=CARTESIAN_POINT('',(0.06345,-0.005,0.));
#4861=CARTESIAN_POINT('',(0.0313281075556186,-0.005,0.0195433882884108));
#4862=CARTESIAN_POINT('',(0.0304639830440223,-0.005,0.0180466807302603));
#4863=CARTESIAN_POINT('',(0.0313281075556186,-0.005,0.0195433882884108));
#4864=CARTESIAN_POINT('',(0.0313281075556186,0.,0.0195433882884108));
#4865=CARTESIAN_POINT('',(0.06345,0.,0.));
#4866=CARTESIAN_POINT('',(0.0304639830440223,0.,0.0180466807302603));
#4867=CARTESIAN_POINT('',(0.0304639830440223,-0.005,0.0180466807302603));
#4868=CARTESIAN_POINT('',(0.06345,-0.005,0.));
#4869=CARTESIAN_POINT('',(0.06345,-0.005,0.));
#4870=CARTESIAN_POINT('',(0.0279667490711475,-0.005,0.0124378013941407));
#4871=CARTESIAN_POINT('',(0.0274326907524691,-0.005,0.0107941388988525));
#4872=CARTESIAN_POINT('',(0.0279667490711475,-0.005,0.0124378013941407));
#4873=CARTESIAN_POINT('',(0.0279667490711475,0.,0.0124378013941407));
#4874=CARTESIAN_POINT('',(0.06345,0.,0.));
#4875=CARTESIAN_POINT('',(0.0274326907524691,0.,0.0107941388988525));
#4876=CARTESIAN_POINT('',(0.0274326907524691,-0.005,0.0107941388988525));
#4877=CARTESIAN_POINT('',(0.06345,-0.005,0.));
#4878=CARTESIAN_POINT('',(0.06345,-0.005,0.));
#4879=CARTESIAN_POINT('',(0.0261561789197961,-0.005,0.00478862289575372));
#4880=CARTESIAN_POINT('',(0.025975527705258,-0.005,0.00306984140153973));
#4881=CARTESIAN_POINT('',(0.0261561789197961,-0.005,0.00478862289575372));
#4882=CARTESIAN_POINT('',(0.0261561789197961,0.,0.00478862289575372));
#4883=CARTESIAN_POINT('',(0.06345,0.,0.));
#4884=CARTESIAN_POINT('',(0.025975527705258,0.,0.00306984140153973));
#4885=CARTESIAN_POINT('',(0.025975527705258,-0.005,0.00306984140153973));
#4886=CARTESIAN_POINT('',(0.06345,-0.005,0.));
#4887=CARTESIAN_POINT('',(0.06345,-0.005,0.));
#4888=CARTESIAN_POINT('',(0.025975527705258,-0.005,-0.00306984140153972));
#4889=CARTESIAN_POINT('',(0.0261561789197961,-0.005,-0.00478862289575372));
#4890=CARTESIAN_POINT('',(0.025975527705258,-0.005,-0.00306984140153972));
#4891=CARTESIAN_POINT('',(0.025975527705258,0.,-0.00306984140153972));
#4892=CARTESIAN_POINT('',(0.06345,0.,0.));
#4893=CARTESIAN_POINT('',(0.0261561789197961,0.,-0.00478862289575372));
#4894=CARTESIAN_POINT('',(0.0261561789197961,-0.005,-0.00478862289575372));
#4895=CARTESIAN_POINT('',(0.06345,-0.005,0.));
#4896=CARTESIAN_POINT('',(0.0360933468778505,-0.005,-0.0257948353348957));
#4897=CARTESIAN_POINT('',(0.0360933468778505,-0.005,-0.0257948353348957));
#4898=CARTESIAN_POINT('',(0.0360933468778505,0.,-0.0257948353348957));
#4899=CARTESIAN_POINT('',(0.06345,-0.005,0.));
#4900=CARTESIAN_POINT('',(0.0349369225610225,-0.005,-0.0245104960161737));
#4901=CARTESIAN_POINT('',(0.0349369225610225,-0.005,-0.0245104960161737));
#4902=CARTESIAN_POINT('',(0.0349369225610225,0.,-0.0245104960161737));
#4903=CARTESIAN_POINT('',(0.06345,0.,0.));
#4904=CARTESIAN_POINT('',(0.06345,-0.005,0.));
#4905=CARTESIAN_POINT('',(0.06345,-0.005,0.));
#4906=CARTESIAN_POINT('',(0.0406560203830315,-0.005,-0.0299030850117714));
#4907=CARTESIAN_POINT('',(0.0420542032133064,-0.005,-0.0309189242998929));
#4908=CARTESIAN_POINT('',(0.0406560203830315,-0.005,-0.0299030850117714));
#4909=CARTESIAN_POINT('',(0.0406560203830315,0.,-0.0299030850117714));
#4910=CARTESIAN_POINT('',(0.06345,0.,0.));
#4911=CARTESIAN_POINT('',(0.0420542032133064,0.,-0.0309189242998929));
#4912=CARTESIAN_POINT('',(0.0420542032133064,-0.005,-0.0309189242998929));
#4913=CARTESIAN_POINT('',(0.06345,-0.005,0.));
#4914=CARTESIAN_POINT('',(0.0313281075556186,-0.005,-0.0195433882884108));
#4915=CARTESIAN_POINT('',(0.0313281075556186,-0.005,-0.0195433882884108));
#4916=CARTESIAN_POINT('',(0.0313281075556186,0.,-0.0195433882884108));
#4917=CARTESIAN_POINT('',(0.06345,-0.005,0.));
#4918=CARTESIAN_POINT('',(0.0304639830440223,-0.005,-0.0180466807302603));
#4919=CARTESIAN_POINT('',(0.0304639830440223,-0.005,-0.0180466807302603));
#4920=CARTESIAN_POINT('',(0.0304639830440223,0.,-0.0180466807302603));
#4921=CARTESIAN_POINT('',(0.06345,0.,0.));
#4922=CARTESIAN_POINT('',(0.06345,-0.005,0.));
#4923=CARTESIAN_POINT('',(0.06345,-0.005,0.));
#4924=CARTESIAN_POINT('',(0.0274326907524691,-0.005,-0.0107941388988525));
#4925=CARTESIAN_POINT('',(0.0279667490711475,-0.005,-0.0124378013941407));
#4926=CARTESIAN_POINT('',(0.0274326907524691,-0.005,-0.0107941388988525));
#4927=CARTESIAN_POINT('',(0.0274326907524691,0.,-0.0107941388988525));
#4928=CARTESIAN_POINT('',(0.06345,0.,0.));
#4929=CARTESIAN_POINT('',(0.0279667490711475,0.,-0.0124378013941407));
#4930=CARTESIAN_POINT('',(0.0279667490711475,-0.005,-0.0124378013941407));
#4931=CARTESIAN_POINT('',(0.06345,-0.005,0.));
#4932=CARTESIAN_POINT('',(0.06345,-0.005,0.));
#4933=CARTESIAN_POINT('',(0.0473713244919516,-0.005,-0.0339887657014326));
#4934=CARTESIAN_POINT('',(0.0489501585367646,-0.005,-0.0346917079075251));
#4935=CARTESIAN_POINT('',(0.0473713244919516,-0.005,-0.0339887657014326));
#4936=CARTESIAN_POINT('',(0.0473713244919516,0.,-0.0339887657014326));
#4937=CARTESIAN_POINT('',(0.06345,0.,0.));
#4938=CARTESIAN_POINT('',(0.0489501585367646,0.,-0.0346917079075251));
#4939=CARTESIAN_POINT('',(0.0489501585367646,-0.005,-0.0346917079075251));
#4940=CARTESIAN_POINT('',(0.06345,-0.005,0.));
#4941=CARTESIAN_POINT('',(0.06345,-0.005,0.));
#4942=CARTESIAN_POINT('',(0.0547893438746186,-0.005,-0.0365889742337482));
#4943=CARTESIAN_POINT('',(0.0564798265101251,-0.005,-0.0369482974103143));
#4944=CARTESIAN_POINT('',(0.0547893438746186,-0.005,-0.0365889742337482));
#4945=CARTESIAN_POINT('',(0.0547893438746186,0.,-0.0365889742337482));
#4946=CARTESIAN_POINT('',(0.06345,0.,0.));
#4947=CARTESIAN_POINT('',(0.0564798265101251,0.,-0.0369482974103143));
#4948=CARTESIAN_POINT('',(0.0564798265101251,-0.005,-0.0369482974103143));
#4949=CARTESIAN_POINT('',(0.06345,-0.005,0.));
#4950=CARTESIAN_POINT('',(0.06345,-0.005,0.));
#4951=CARTESIAN_POINT('',(0.0625858754884037,-0.005,-0.0375900690186711));
#4952=CARTESIAN_POINT('',(0.0643141245115964,-0.005,-0.0375900690186711));
#4953=CARTESIAN_POINT('',(0.0625858754884037,-0.005,-0.0375900690186711));
#4954=CARTESIAN_POINT('',(0.0625858754884037,0.,-0.0375900690186711));
#4955=CARTESIAN_POINT('',(0.06345,0.,0.));
#4956=CARTESIAN_POINT('',(0.0643141245115964,0.,-0.0375900690186711));
#4957=CARTESIAN_POINT('',(0.0643141245115964,-0.005,-0.0375900690186711));
#4958=CARTESIAN_POINT('',(0.06345,-0.005,0.));
#4959=CARTESIAN_POINT('',(0.06345,-0.005,0.));
#4960=CARTESIAN_POINT('',(0.0704201734898749,-0.005,-0.0369482974103143));
#4961=CARTESIAN_POINT('',(0.0721106561253814,-0.005,-0.0365889742337482));
#4962=CARTESIAN_POINT('',(0.0704201734898749,-0.005,-0.0369482974103143));
#4963=CARTESIAN_POINT('',(0.0704201734898749,0.,-0.0369482974103143));
#4964=CARTESIAN_POINT('',(0.06345,0.,0.));
#4965=CARTESIAN_POINT('',(0.0721106561253814,0.,-0.0365889742337482));
#4966=CARTESIAN_POINT('',(0.0721106561253814,-0.005,-0.0365889742337482));
#4967=CARTESIAN_POINT('',(0.06345,-0.005,0.));
#4968=CARTESIAN_POINT('',(0.0964360169559778,-0.005,-0.0180466807302603));
#4969=CARTESIAN_POINT('',(0.0964360169559778,-0.005,-0.0180466807302603));
#4970=CARTESIAN_POINT('',(0.0964360169559778,0.,-0.0180466807302603));
#4971=CARTESIAN_POINT('',(0.06345,-0.005,0.));
#4972=CARTESIAN_POINT('',(0.0955718924443814,-0.005,-0.0195433882884108));
#4973=CARTESIAN_POINT('',(0.0955718924443814,-0.005,-0.0195433882884108));
#4974=CARTESIAN_POINT('',(0.0955718924443814,0.,-0.0195433882884108));
#4975=CARTESIAN_POINT('',(0.06345,0.,0.));
#4976=CARTESIAN_POINT('',(0.06345,-0.005,0.));
#4977=CARTESIAN_POINT('',(0.0919630774389776,-0.005,-0.0245104960161737));
#4978=CARTESIAN_POINT('',(0.0919630774389776,-0.005,-0.0245104960161737));
#4979=CARTESIAN_POINT('',(0.0919630774389776,0.,-0.0245104960161737));
#4980=CARTESIAN_POINT('',(0.06345,-0.005,0.));
#4981=CARTESIAN_POINT('',(0.0908066531221495,-0.005,-0.0257948353348957));
#4982=CARTESIAN_POINT('',(0.0908066531221495,-0.005,-0.0257948353348957));
#4983=CARTESIAN_POINT('',(0.0908066531221495,0.,-0.0257948353348957));
#4984=CARTESIAN_POINT('',(0.06345,0.,0.));
#4985=CARTESIAN_POINT('',(0.06345,-0.005,0.));
#4986=CARTESIAN_POINT('',(0.06345,-0.005,0.));
#4987=CARTESIAN_POINT('',(0.0779498414632354,-0.005,-0.0346917079075251));
#4988=CARTESIAN_POINT('',(0.0795286755080484,-0.005,-0.0339887657014327));
#4989=CARTESIAN_POINT('',(0.0779498414632354,-0.005,-0.0346917079075251));
#4990=CARTESIAN_POINT('',(0.0779498414632354,0.,-0.0346917079075251));
#4991=CARTESIAN_POINT('',(0.06345,0.,0.));
#4992=CARTESIAN_POINT('',(0.0795286755080484,0.,-0.0339887657014327));
#4993=CARTESIAN_POINT('',(0.0795286755080484,-0.005,-0.0339887657014327));
#4994=CARTESIAN_POINT('',(0.06345,-0.005,0.));
#4995=CARTESIAN_POINT('',(0.06345,-0.005,0.));
#4996=CARTESIAN_POINT('',(0.0848457967866937,-0.005,-0.0309189242998929));
#4997=CARTESIAN_POINT('',(0.0862439796169685,-0.005,-0.0299030850117714));
#4998=CARTESIAN_POINT('',(0.0848457967866937,-0.005,-0.0309189242998929));
#4999=CARTESIAN_POINT('',(0.0848457967866937,0.,-0.0309189242998929));
#5000=CARTESIAN_POINT('',(0.06345,0.,0.));
#5001=CARTESIAN_POINT('',(0.0862439796169685,0.,-0.0299030850117714));
#5002=CARTESIAN_POINT('',(0.0862439796169685,-0.005,-0.0299030850117714));
#5003=CARTESIAN_POINT('',(0.06345,-0.005,0.));
#5004=CARTESIAN_POINT('',(0.06345,-0.005,0.));
#5005=CARTESIAN_POINT('',(0.0989332509288525,-0.005,-0.0124378013941407));
#5006=CARTESIAN_POINT('',(0.0994673092475309,-0.005,-0.0107941388988525));
#5007=CARTESIAN_POINT('',(0.0989332509288525,-0.005,-0.0124378013941407));
#5008=CARTESIAN_POINT('',(0.0989332509288525,0.,-0.0124378013941407));
#5009=CARTESIAN_POINT('',(0.06345,0.,0.));
#5010=CARTESIAN_POINT('',(0.0994673092475309,0.,-0.0107941388988525));
#5011=CARTESIAN_POINT('',(0.0994673092475309,-0.005,-0.0107941388988525));
#5012=CARTESIAN_POINT('',(0.06345,-0.005,0.));
#5013=CARTESIAN_POINT('',(0.06345,-0.005,0.));
#5014=CARTESIAN_POINT('',(0.06705,-0.005,0.));
#5015=CARTESIAN_POINT('',(0.0596048611662281,-0.005,0.0329528657087213));
#5016=CARTESIAN_POINT('',(0.0587532182543123,-0.005,0.0328075936691878));
#5017=CARTESIAN_POINT('',(0.0597049920135146,-0.005,0.0320947436729313));
#5018=CARTESIAN_POINT('',(0.0588714237986919,-0.005,0.0319864705183115));
#5019=CARTESIAN_POINT('',(0.0588233538083117,-0.005,0.0323356899687228));
#5020=CARTESIAN_POINT('',(0.058756941496452,-0.005,0.0328181629391721));
#5021=CARTESIAN_POINT('',(0.0587237381732937,-0.005,0.0329459521913477));
#5022=CARTESIAN_POINT('',(0.0586662553343113,-0.005,0.033163763752078));
#5023=CARTESIAN_POINT('',(0.0585768635530423,-0.005,0.0334327205401218));
#5024=CARTESIAN_POINT('',(0.0584427359585394,-0.005,0.0337826635319332));
#5025=CARTESIAN_POINT('',(0.0582582578366783,-0.005,0.0341985118180329));
#5026=CARTESIAN_POINT('',(0.0580156949500345,-0.005,0.0346794333382272));
#5027=CARTESIAN_POINT('',(0.0577087213573611,-0.005,0.0352193768105596));
#5028=CARTESIAN_POINT('',(0.057329674570651,-0.005,0.0358132810940507));
#5029=CARTESIAN_POINT('',(0.0568773439262493,-0.005,0.0364548994944734));
#5030=CARTESIAN_POINT('',(0.0565189311934555,-0.005,0.0368999957531371));
#5031=CARTESIAN_POINT('',(0.056335241865075,-0.005,0.0371281110663999));
#5032=CARTESIAN_POINT('',(0.0546226678487145,-0.005,0.0310833695622093));
#5033=CARTESIAN_POINT('',(0.0545245416231182,-0.005,0.0314219492313729));
#5034=CARTESIAN_POINT('',(0.0543889728525738,-0.005,0.0318897225427468));
#5035=CARTESIAN_POINT('',(0.0543673290261727,-0.005,0.0320199688418078));
#5036=CARTESIAN_POINT('',(0.0543312502695828,-0.005,0.0322423299806972));
#5037=CARTESIAN_POINT('',(0.0543035191442104,-0.005,0.0325243931457487));
#5038=CARTESIAN_POINT('',(0.0542837161611557,-0.005,0.0328986365838838));
#5039=CARTESIAN_POINT('',(0.0542831045754993,-0.005,0.0333535669087254));
#5040=CARTESIAN_POINT('',(0.0543090883940787,-0.005,0.0338915697932297));
#5041=CARTESIAN_POINT('',(0.0543699079298946,-0.005,0.0345096901083596));
#5042=CARTESIAN_POINT('',(0.0544746217655521,-0.005,0.0352064208864125));
#5043=CARTESIAN_POINT('',(0.0546268766567743,-0.005,0.0359765479095229));
#5044=CARTESIAN_POINT('',(0.0547732660226848,-0.005,0.0365289431666109));
#5045=CARTESIAN_POINT('',(0.0548482917174936,-0.005,0.0368120500556553));
#5046=CARTESIAN_POINT('',(0.0543966731129114,-0.005,0.0318815814131714));
#5047=CARTESIAN_POINT('',(0.0535595711375046,-0.005,0.0316678996459177));
#5048=CARTESIAN_POINT('',(0.0538171267329827,-0.005,0.0308432392733251));
#5049=CARTESIAN_POINT('',(0.06345,-0.005,0.));
#5050=CARTESIAN_POINT('',(0.0531139569998886,-0.005,0.030614765577248));
#5051=CARTESIAN_POINT('',(0.0528376006484668,-0.005,0.0314333172139304));
#5052=CARTESIAN_POINT('',(0.0520347719328624,-0.005,0.0311141531992177));
#5053=CARTESIAN_POINT('',(0.052321115505159,-0.005,0.0303355498738772));
#5054=CARTESIAN_POINT('',(0.0522014891529999,-0.005,0.030667143728449));
#5055=CARTESIAN_POINT('',(0.0520362163384351,-0.005,0.0311252656108629));
#5056=CARTESIAN_POINT('',(0.0519771697080633,-0.005,0.0312433590022194));
#5057=CARTESIAN_POINT('',(0.0518756574371582,-0.005,0.0314444595035141));
#5058=CARTESIAN_POINT('',(0.0517322998202255,-0.005,0.0316889533440514));
#5059=CARTESIAN_POINT('',(0.0515283459963529,-0.005,0.0320033625469269));
#5060=CARTESIAN_POINT('',(0.05126143944378,-0.005,0.0323717683920096));
#5061=CARTESIAN_POINT('',(0.0509241879317681,-0.005,0.0327917489632372));
#5062=CARTESIAN_POINT('',(0.0505116618883273,-0.005,0.0332560699765417));
#5063=CARTESIAN_POINT('',(0.0500174185395764,-0.005,0.0337581877681802));
#5064=CARTESIAN_POINT('',(0.0494415724385248,-0.005,0.0342917404380541));
#5065=CARTESIAN_POINT('',(0.0489984511681548,-0.005,0.0346525920782757));
#5066=CARTESIAN_POINT('',(0.048771348051837,-0.005,0.0348375313657856));
#5067=CARTESIAN_POINT('',(0.0483529703133475,-0.005,0.0285688178070135));
#5068=CARTESIAN_POINT('',(0.0481865937097191,-0.005,0.0288795971085858));
#5069=CARTESIAN_POINT('',(0.0479567319019895,-0.005,0.0293089621184876));
#5070=CARTESIAN_POINT('',(0.047908481316864,-0.005,0.0294318622188756));
#5071=CARTESIAN_POINT('',(0.0478269594873095,-0.005,0.0296418630380916));
#5072=CARTESIAN_POINT('',(0.0477411901239975,-0.005,0.0299119968210777));
#5073=CARTESIAN_POINT('',(0.0476440102976352,-0.005,0.0302739448704897));
#5074=CARTESIAN_POINT('',(0.0475488267435506,-0.005,0.0307188067204267));
#5075=CARTESIAN_POINT('',(0.0474623856639698,-0.005,0.0312504552907472));
#5076=CARTESIAN_POINT('',(0.0473933617071584,-0.005,0.0318677132864826));
#5077=CARTESIAN_POINT('',(0.0473509288201606,-0.005,0.0325709900560159));
#5078=CARTESIAN_POINT('',(0.0473397381651903,-0.005,0.0333559435278009));
#5079=CARTESIAN_POINT('',(0.0473680791403277,-0.005,0.0339267036837625));
#5080=CARTESIAN_POINT('',(0.047382604111715,-0.005,0.0342192227270949));
#5081=CARTESIAN_POINT('',(0.0479659565291789,-0.005,0.0293025998662726));
#5082=CARTESIAN_POINT('',(0.0471915741778919,-0.005,0.0289195442712191));
#5083=CARTESIAN_POINT('',(0.0476149580980805,-0.005,0.0281664535256829));
#5084=CARTESIAN_POINT('',(0.06345,-0.005,0.));
#5085=CARTESIAN_POINT('',(0.0469746566632046,-0.005,0.0277967753198948));
#5086=CARTESIAN_POINT('',(0.0465341529063096,-0.005,0.0285399819231002));
#5087=CARTESIAN_POINT('',(0.045815225854288,-0.005,0.02806087493217));
#5088=CARTESIAN_POINT('',(0.0462571928663634,-0.005,0.0273588201338357));
#5089=CARTESIAN_POINT('',(0.0460712383980456,-0.005,0.0276582961499594));
#5090=CARTESIAN_POINT('',(0.0458143282958392,-0.005,0.0280720448197639));
#5091=CARTESIAN_POINT('',(0.0457320189793383,-0.005,0.0281752811024241));
#5092=CARTESIAN_POINT('',(0.045590913849859,-0.005,0.0283508814873892));
#5093=CARTESIAN_POINT('',(0.0453998558130287,-0.005,0.0285602268263768));
#5094=CARTESIAN_POINT('',(0.0451349895205688,-0.005,0.0288253610494481));
#5095=CARTESIAN_POINT('',(0.0447973196343911,-0.005,0.0291302233502762));
#5096=CARTESIAN_POINT('',(0.0443801190063983,-0.005,0.0294709078062841));
#5097=CARTESIAN_POINT('',(0.043880069879808,-0.005,0.0298393133042201));
#5098=CARTESIAN_POINT('',(0.0432922307749996,-0.005,0.0302276996470828));
#5099=CARTESIAN_POINT('',(0.0426180364551302,-0.005,0.0306298677744646));
#5100=CARTESIAN_POINT('',(0.0421095731730307,-0.005,0.0308907038480083));
#5101=CARTESIAN_POINT('',(0.0418489817647206,-0.005,0.031024384375464));
#5102=CARTESIAN_POINT('',(0.0427430854188731,-0.005,0.0248056716252536));
#5103=CARTESIAN_POINT('',(0.0425157298931546,-0.005,0.0250750680124714));
#5104=CARTESIAN_POINT('',(0.042201621112237,-0.005,0.0254472594096464));
#5105=CARTESIAN_POINT('',(0.0421288725504891,-0.005,0.0255574419872345));
#5106=CARTESIAN_POINT('',(0.0420054705431067,-0.005,0.0257459044432815));
#5107=CARTESIAN_POINT('',(0.0418654114745989,-0.005,0.0259923027016399));
#5108=CARTESIAN_POINT('',(0.0416951020296614,-0.005,0.0263261364957502));
#5109=CARTESIAN_POINT('',(0.0415095064852036,-0.005,0.0267414872732563));
#5110=CARTESIAN_POINT('',(0.0413144183974306,-0.005,0.0272435459357371));
#5111=CARTESIAN_POINT('',(0.0411185676261183,-0.005,0.0278329644757319));
#5112=CARTESIAN_POINT('',(0.0409308425372427,-0.005,0.0285120506672208));
#5113=CARTESIAN_POINT('',(0.0407566954214007,-0.005,0.0292775243543387));
#5114=CARTESIAN_POINT('',(0.0406657493691564,-0.005,0.0298417044515472));
#5115=CARTESIAN_POINT('',(0.040619138806174,-0.005,0.030130851163312));
#5116=CARTESIAN_POINT('',(0.0422119669458055,-0.005,0.0254429540957431));
#5117=CARTESIAN_POINT('',(0.0415341484432881,-0.005,0.0249072660404984));
#5118=CARTESIAN_POINT('',(0.0421048567792536,-0.005,0.0242586586013288));
#5119=CARTESIAN_POINT('',(0.06345,-0.005,0.));
#5120=CARTESIAN_POINT('',(0.0415554078878072,-0.005,0.0237639325973356));
#5121=CARTESIAN_POINT('',(0.0409700088533868,-0.005,0.0243993124722027));
#5122=CARTESIAN_POINT('',(0.0403664040269161,-0.005,0.0237812017795692));
#5123=CARTESIAN_POINT('',(0.0409446783995495,-0.005,0.0231863786717611));
#5124=CARTESIAN_POINT('',(0.0407005229176471,-0.005,0.0234406483104867));
#5125=CARTESIAN_POINT('',(0.0403632037320571,-0.005,0.0237919409654249));
#5126=CARTESIAN_POINT('',(0.040261229041522,-0.005,0.0238758082184539));
#5127=CARTESIAN_POINT('',(0.0400866980247242,-0.005,0.0240182339076424));
#5128=CARTESIAN_POINT('',(0.039856289721004,-0.005,0.0241832813492163));
#5129=CARTESIAN_POINT('',(0.0395420868879067,-0.005,0.0243875529546798));
#5130=CARTESIAN_POINT('',(0.0391484114624701,-0.005,0.0246155477658157));
#5131=CARTESIAN_POINT('',(0.0386694953878904,-0.005,0.0248620465610907));
#5132=CARTESIAN_POINT('',(0.0381037777244847,-0.005,0.0251184354555927));
#5133=CARTESIAN_POINT('',(0.0374480342532637,-0.005,0.0253761160028121));
#5134=CARTESIAN_POINT('',(0.0367049572414982,-0.005,0.0256293229107185));
#5135=CARTESIAN_POINT('',(0.0361533742329746,-0.005,0.02577874362954));
#5136=CARTESIAN_POINT('',(0.0358706836276714,-0.005,0.0258553229164212));
#5137=CARTESIAN_POINT('',(0.0380381920543943,-0.005,0.0199583985626515));
#5138=CARTESIAN_POINT('',(0.0377597941340325,-0.005,0.020174638120686));
#5139=CARTESIAN_POINT('',(0.037375166440914,-0.005,0.0204733893551052));
#5140=CARTESIAN_POINT('',(0.0372810993637785,-0.005,0.0205660389025382));
#5141=CARTESIAN_POINT('',(0.0371212104384393,-0.005,0.0207247262817437));
#5142=CARTESIAN_POINT('',(0.0369329829181076,-0.005,0.0209366202292342));
#5143=CARTESIAN_POINT('',(0.0366969871945741,-0.005,0.0212277496293279));
#5144=CARTESIAN_POINT('',(0.0364290910756219,-0.005,0.0215954365123519));
#5145=CARTESIAN_POINT('',(0.0361338822652289,-0.005,0.0220459628942978));
#5146=CARTESIAN_POINT('',(0.0358197642979183,-0.005,0.0225817815600101));
#5147=CARTESIAN_POINT('',(0.0354949514943537,-0.005,0.0232069978482695));
#5148=CARTESIAN_POINT('',(0.0351654589822529,-0.005,0.0239195368774429));
#5149=CARTESIAN_POINT('',(0.0349592006815176,-0.005,0.0244524795384139));
#5150=CARTESIAN_POINT('',(0.0348534916894301,-0.005,0.024725616819827));
#5151=CARTESIAN_POINT('',(0.0373861813182898,-0.005,0.0204713291423905));
#5152=CARTESIAN_POINT('',(0.0368345505856363,-0.005,0.0198064207654851));
#5153=CARTESIAN_POINT('',(0.0375276406445344,-0.005,0.0192906438901377));
#5154=CARTESIAN_POINT('',(0.06345,-0.005,0.));
#5155=CARTESIAN_POINT('',(0.0370930578496221,-0.005,0.0186924919882724));
#5156=CARTESIAN_POINT('',(0.0363883482845365,-0.005,0.0191922759853789));
#5157=CARTESIAN_POINT('',(0.035926446110951,-0.005,0.0184621759943342));
#5158=CARTESIAN_POINT('',(0.03661575447919,-0.005,0.0180005812011415));
#5159=CARTESIAN_POINT('',(0.0363240687498501,-0.005,0.0181985316591357));
#5160=CARTESIAN_POINT('',(0.0359210829479236,-0.005,0.0184720151244976));
#5161=CARTESIAN_POINT('',(0.0358038996666597,-0.005,0.0185328479464982));
#5162=CARTESIAN_POINT('',(0.0356035706054703,-0.005,0.0186358742538583));
#5163=CARTESIAN_POINT('',(0.0353438819833544,-0.005,0.018749410432836));
#5164=CARTESIAN_POINT('',(0.0349940747811385,-0.005,0.0188838917713293));
#5165=CARTESIAN_POINT('',(0.034561599321599,-0.005,0.0190250546254856));
#5166=CARTESIAN_POINT('',(0.0340418987309858,-0.005,0.0191665945798421));
#5167=CARTESIAN_POINT('',(0.03343523710727,-0.005,0.0192997614459298));
#5168=CARTESIAN_POINT('',(0.032740248405935,-0.005,0.019415474321104));
#5169=CARTESIAN_POINT('',(0.0319607647333666,-0.005,0.0195086536526378));
#5170=CARTESIAN_POINT('',(0.0313901688226803,-0.005,0.0195401286143246));
#5171=CARTESIAN_POINT('',(0.031097733956336,-0.005,0.0195562597783265));
#5172=CARTESIAN_POINT('',(0.0344439166365219,-0.005,0.0142388477118395));
#5173=CARTESIAN_POINT('',(0.0341266436465381,-0.005,0.0143924797343722));
#5174=CARTESIAN_POINT('',(0.0336883071170565,-0.005,0.014604733943524));
#5175=CARTESIAN_POINT('',(0.0335770327071881,-0.005,0.0146758012309971));
#5176=CARTESIAN_POINT('',(0.0333876447771616,-0.005,0.0147977781334234));
#5177=CARTESIAN_POINT('',(0.0331594752508602,-0.005,0.0149659069877606));
#5178=CARTESIAN_POINT('',(0.0328681073942822,-0.005,0.0152016082420597));
#5179=CARTESIAN_POINT('',(0.0325296190467423,-0.005,0.0155055615494561));
#5180=CARTESIAN_POINT('',(0.0321471915553125,-0.005,0.0158848654861107));
#5181=CARTESIAN_POINT('',(0.0317285348544803,-0.005,0.0163436664307058));
#5182=CARTESIAN_POINT('',(0.031280830214367,-0.005,0.0168876878638179));
#5183=CARTESIAN_POINT('',(0.0308103927098669,-0.005,0.0175161508603306));
#5184=CARTESIAN_POINT('',(0.0304978366381199,-0.005,0.0179945639334369));
#5185=CARTESIAN_POINT('',(0.0303376492071295,-0.005,0.0182397543746426));
#5186=CARTESIAN_POINT('',(0.0336995096352429,-0.005,0.0146050088731794));
#5187=CARTESIAN_POINT('',(0.0332981755824881,-0.005,0.0138399398612686));
#5188=CARTESIAN_POINT('',(0.03408335600293,-0.005,0.013479535474168));
#5189=CARTESIAN_POINT('',(0.06345,-0.005,0.));
#5190=CARTESIAN_POINT('',(0.0337826326580489,-0.005,0.0128040997827936));
#5191=CARTESIAN_POINT('',(0.0329894117518644,-0.005,0.0131464449432361));
#5192=CARTESIAN_POINT('',(0.032689399572602,-0.005,0.0123362645267973));
#5193=CARTESIAN_POINT('',(0.0334596158530861,-0.005,0.0120280719556601));
#5194=CARTESIAN_POINT('',(0.0331331479423443,-0.005,0.0121610518480368));
#5195=CARTESIAN_POINT('',(0.032682107937366,-0.005,0.0123447735840669));
#5196=CARTESIAN_POINT('',(0.0325548375370722,-0.005,0.0123799132888095));
#5197=CARTESIAN_POINT('',(0.0323374657727506,-0.005,0.0124390374703343));
#5198=CARTESIAN_POINT('',(0.0320598464711499,-0.005,0.0124961003108877));
#5199=CARTESIAN_POINT('',(0.0316897231531134,-0.005,0.0125549139026054));
#5200=CARTESIAN_POINT('',(0.0312373489123003,-0.005,0.0126030753056811));
#5201=CARTESIAN_POINT('',(0.0306995772152635,-0.005,0.0126334704439295));
#5202=CARTESIAN_POINT('',(0.0300784856552794,-0.005,0.0126375952505494));
#5203=CARTESIAN_POINT('',(0.0293746260650047,-0.005,0.0126062832457813));
#5204=CARTESIAN_POINT('',(0.0285928029085021,-0.005,0.0125353626170305));
#5205=CARTESIAN_POINT('',(0.0280281318749732,-0.005,0.0124475162147231));
#5206=CARTESIAN_POINT('',(0.0277387335545051,-0.005,0.0124024942465729));
#5207=CARTESIAN_POINT('',(0.032117346248264,-0.005,0.00789699089044824));
#5208=CARTESIAN_POINT('',(0.0317750645407653,-0.005,0.00798130092088614));
#5209=CARTESIAN_POINT('',(0.0313021765846309,-0.005,0.0080977815773219));
#5210=CARTESIAN_POINT('',(0.0311785580676946,-0.005,0.00814416062335387));
#5211=CARTESIAN_POINT('',(0.030967948294307,-0.005,0.00822409607305481));
#5212=CARTESIAN_POINT('',(0.0307098088652143,-0.005,0.00834111179653247));
#5213=CARTESIAN_POINT('',(0.0303758030490624,-0.005,0.00851108362920401));
#5214=CARTESIAN_POINT('',(0.0299815160379695,-0.005,0.00873801914290976));
#5215=CARTESIAN_POINT('',(0.029528583781969,-0.005,0.00902952323213899));
#5216=CARTESIAN_POINT('',(0.0290236856543794,-0.005,0.00939125465276689));
#5217=CARTESIAN_POINT('',(0.0284726560188158,-0.005,0.00983030488360041));
#5218=CARTESIAN_POINT('',(0.0278818338982724,-0.005,0.0103472249988045));
#5219=CARTESIAN_POINT('',(0.0274766402556594,-0.005,0.0107501995370709));
#5220=CARTESIAN_POINT('',(0.027268975345165,-0.005,0.010956727139234));
#5221=CARTESIAN_POINT('',(0.0313130771398276,-0.005,0.00810037963360225));
#5222=CARTESIAN_POINT('',(0.0310795799908914,-0.005,0.00726858717371498));
#5223=CARTESIAN_POINT('',(0.0319225346207899,-0.005,0.00707930667598957));
#5224=CARTESIAN_POINT('',(0.06345,-0.005,0.));
#5225=CARTESIAN_POINT('',(0.0317688137791422,-0.005,0.0063561069759192));
#5226=CARTESIAN_POINT('',(0.0309217490917549,-0.005,0.00652605117343198));
#5227=CARTESIAN_POINT('',(0.0307967388786678,-0.005,0.00567119910347453));
#5228=CARTESIAN_POINT('',(0.031614200924032,-0.005,0.0055298782486235));
#5229=CARTESIAN_POINT('',(0.0312672190461545,-0.005,0.00559207571597754));
#5230=CARTESIAN_POINT('',(0.0307878374506721,-0.005,0.0056780062012165));
#5231=CARTESIAN_POINT('',(0.0306560422585524,-0.005,0.00568591701498486));
#5232=CARTESIAN_POINT('',(0.0304311279802649,-0.005,0.00569855506023256));
#5233=CARTESIAN_POINT('',(0.0301477112948244,-0.005,0.00569665064241145));
#5234=CARTESIAN_POINT('',(0.0297734480260144,-0.005,0.0056772260511766));
#5235=CARTESIAN_POINT('',(0.0293209459289836,-0.005,0.00563028111875326));
#5236=CARTESIAN_POINT('',(0.0287886063291986,-0.005,0.0055482030275));
#5237=CARTESIAN_POINT('',(0.0281802295144455,-0.005,0.00542310550080988));
#5238=CARTESIAN_POINT('',(0.0274982610768191,-0.005,0.00524613710095941));
#5239=CARTESIAN_POINT('',(0.0267482678599254,-0.005,0.00501421608371539));
#5240=CARTESIAN_POINT('',(0.0262142005373112,-0.005,0.00481088762672853));
#5241=CARTESIAN_POINT('',(0.0259404868580109,-0.005,0.00470668020247369));
#5242=CARTESIAN_POINT('',(0.0311601631797108,-0.005,0.00120999767317783));
#5243=CARTESIAN_POINT('',(0.0308078321077646,-0.005,0.0012213009586264));
#5244=CARTESIAN_POINT('',(0.0303210601978287,-0.005,0.00123691729872368));
#5245=CARTESIAN_POINT('',(0.0301905002962023,-0.005,0.00125658111645157));
#5246=CARTESIAN_POINT('',(0.0299678733371685,-0.005,0.00129098155070237));
#5247=CARTESIAN_POINT('',(0.0296910459370262,-0.005,0.00135176999470077));
#5248=CARTESIAN_POINT('',(0.0293289998182039,-0.005,0.00144858382104166));
#5249=CARTESIAN_POINT('',(0.0288961463779417,-0.005,0.00158858337015042));
#5250=CARTESIAN_POINT('',(0.028392504670368,-0.005,0.00177954748446314));
#5251=CARTESIAN_POINT('',(0.0278234315869665,-0.005,0.00202839998226245));
#5252=CARTESIAN_POINT('',(0.0271931595951602,-0.005,0.00234329040893316));
#5253=CARTESIAN_POINT('',(0.0265077746203204,-0.005,0.00272607575333634));
#5254=CARTESIAN_POINT('',(0.0260276523133584,-0.005,0.00303599983575418));
#5255=CARTESIAN_POINT('',(0.0257815858764355,-0.005,0.00319483835163097));
#5256=CARTESIAN_POINT('',(0.0303311823834669,-0.005,0.00124172493410267));
#5257=CARTESIAN_POINT('',(0.0302757270842015,-0.005,0.000379562348119017));
#5258=CARTESIAN_POINT('',(0.0311396147612851,-0.005,0.000369678205788085));
#5259=CARTESIAN_POINT('',(0.06345,-0.005,0.));
#5260=CARTESIAN_POINT('',(0.0311396147612851,-0.005,-0.000369678205788077));
#5261=CARTESIAN_POINT('',(0.0302757270842015,-0.005,-0.000379562348119009));
#5262=CARTESIAN_POINT('',(0.0303311823834669,-0.005,-0.00124172493410266));
#5263=CARTESIAN_POINT('',(0.0311601631797108,-0.005,-0.00120999767317782));
#5264=CARTESIAN_POINT('',(0.0308078321077646,-0.005,-0.00122130095862639));
#5265=CARTESIAN_POINT('',(0.0303210601978287,-0.005,-0.00123691729872367));
#5266=CARTESIAN_POINT('',(0.0301905002962023,-0.005,-0.00125658111645156));
#5267=CARTESIAN_POINT('',(0.0299678733371685,-0.005,-0.00129098155070236));
#5268=CARTESIAN_POINT('',(0.0296910459370262,-0.005,-0.00135176999470076));
#5269=CARTESIAN_POINT('',(0.0293289998182039,-0.005,-0.00144858382104165));
#5270=CARTESIAN_POINT('',(0.0288961463779417,-0.005,-0.00158858337015042));
#5271=CARTESIAN_POINT('',(0.028392504670368,-0.005,-0.00177954748446313));
#5272=CARTESIAN_POINT('',(0.0278234315869665,-0.005,-0.00202839998226245));
#5273=CARTESIAN_POINT('',(0.0271931595951602,-0.005,-0.00234329040893315));
#5274=CARTESIAN_POINT('',(0.0265077746203204,-0.005,-0.00272607575333633));
#5275=CARTESIAN_POINT('',(0.0260276523133584,-0.005,-0.00303599983575417));
#5276=CARTESIAN_POINT('',(0.0257815858764355,-0.005,-0.00319483835163096));
#5277=CARTESIAN_POINT('',(0.031614200924032,-0.005,-0.0055298782486235));
#5278=CARTESIAN_POINT('',(0.0312672190461545,-0.005,-0.00559207571597754));
#5279=CARTESIAN_POINT('',(0.0307878374506721,-0.005,-0.0056780062012165));
#5280=CARTESIAN_POINT('',(0.0306560422585524,-0.005,-0.00568591701498486));
#5281=CARTESIAN_POINT('',(0.0304311279802649,-0.005,-0.00569855506023256));
#5282=CARTESIAN_POINT('',(0.0301477112948245,-0.005,-0.00569665064241146));
#5283=CARTESIAN_POINT('',(0.0297734480260144,-0.005,-0.0056772260511766));
#5284=CARTESIAN_POINT('',(0.0293209459289836,-0.005,-0.00563028111875326));
#5285=CARTESIAN_POINT('',(0.0287886063291986,-0.005,-0.00554820302750001));
#5286=CARTESIAN_POINT('',(0.0281802295144455,-0.005,-0.00542310550080988));
#5287=CARTESIAN_POINT('',(0.0274982610768191,-0.005,-0.00524613710095941));
#5288=CARTESIAN_POINT('',(0.0267482678599254,-0.005,-0.00501421608371539));
#5289=CARTESIAN_POINT('',(0.0262142005373112,-0.005,-0.00481088762672854));
#5290=CARTESIAN_POINT('',(0.0259404868580109,-0.005,-0.0047066802024737));
#5291=CARTESIAN_POINT('',(0.0307967388786679,-0.005,-0.00567119910347453));
#5292=CARTESIAN_POINT('',(0.030921749091755,-0.005,-0.00652605117343198));
#5293=CARTESIAN_POINT('',(0.0317688137791422,-0.005,-0.0063561069759192));
#5294=CARTESIAN_POINT('',(0.06345,-0.005,0.));
#5295=CARTESIAN_POINT('',(0.0319225346207899,-0.005,-0.00707930667598958));
#5296=CARTESIAN_POINT('',(0.0310795799908914,-0.005,-0.00726858717371499));
#5297=CARTESIAN_POINT('',(0.0313130771398275,-0.005,-0.00810037963360227));
#5298=CARTESIAN_POINT('',(0.032117346248264,-0.005,-0.00789699089044825));
#5299=CARTESIAN_POINT('',(0.0317750645407653,-0.005,-0.00798130092088615));
#5300=CARTESIAN_POINT('',(0.0313021765846309,-0.005,-0.00809778157732191));
#5301=CARTESIAN_POINT('',(0.0311785580676946,-0.005,-0.00814416062335387));
#5302=CARTESIAN_POINT('',(0.030967948294307,-0.005,-0.00822409607305482));
#5303=CARTESIAN_POINT('',(0.0307098088652143,-0.005,-0.00834111179653247));
#5304=CARTESIAN_POINT('',(0.0303758030490624,-0.005,-0.00851108362920402));
#5305=CARTESIAN_POINT('',(0.0299815160379695,-0.005,-0.00873801914290977));
#5306=CARTESIAN_POINT('',(0.029528583781969,-0.005,-0.00902952323213899));
#5307=CARTESIAN_POINT('',(0.0290236856543794,-0.005,-0.00939125465276689));
#5308=CARTESIAN_POINT('',(0.0284726560188158,-0.005,-0.00983030488360042));
#5309=CARTESIAN_POINT('',(0.0278818338982724,-0.005,-0.0103472249988045));
#5310=CARTESIAN_POINT('',(0.0274766402556594,-0.005,-0.0107501995370709));
#5311=CARTESIAN_POINT('',(0.027268975345165,-0.005,-0.010956727139234));
#5312=CARTESIAN_POINT('',(0.0334596158530861,-0.005,-0.0120280719556601));
#5313=CARTESIAN_POINT('',(0.0331331479423443,-0.005,-0.0121610518480368));
#5314=CARTESIAN_POINT('',(0.032682107937366,-0.005,-0.0123447735840668));
#5315=CARTESIAN_POINT('',(0.0325548375370722,-0.005,-0.0123799132888095));
#5316=CARTESIAN_POINT('',(0.0323374657727506,-0.005,-0.0124390374703343));
#5317=CARTESIAN_POINT('',(0.0320598464711499,-0.005,-0.0124961003108877));
#5318=CARTESIAN_POINT('',(0.0316897231531134,-0.005,-0.0125549139026053));
#5319=CARTESIAN_POINT('',(0.0312373489123003,-0.005,-0.0126030753056811));
#5320=CARTESIAN_POINT('',(0.0306995772152635,-0.005,-0.0126334704439295));
#5321=CARTESIAN_POINT('',(0.0300784856552794,-0.005,-0.0126375952505494));
#5322=CARTESIAN_POINT('',(0.0293746260650047,-0.005,-0.0126062832457812));
#5323=CARTESIAN_POINT('',(0.0285928029085021,-0.005,-0.0125353626170305));
#5324=CARTESIAN_POINT('',(0.0280281318749732,-0.005,-0.0124475162147231));
#5325=CARTESIAN_POINT('',(0.0277387335545051,-0.005,-0.0124024942465728));
#5326=CARTESIAN_POINT('',(0.032689399572602,-0.005,-0.0123362645267973));
#5327=CARTESIAN_POINT('',(0.0329894117518644,-0.005,-0.0131464449432361));
#5328=CARTESIAN_POINT('',(0.0337826326580489,-0.005,-0.0128040997827936));
#5329=CARTESIAN_POINT('',(0.06345,-0.005,0.));
#5330=CARTESIAN_POINT('',(0.03408335600293,-0.005,-0.0134795354741679));
#5331=CARTESIAN_POINT('',(0.0332981755824881,-0.005,-0.0138399398612686));
#5332=CARTESIAN_POINT('',(0.0336995096352428,-0.005,-0.0146050088731794));
#5333=CARTESIAN_POINT('',(0.0344439166365219,-0.005,-0.0142388477118395));
#5334=CARTESIAN_POINT('',(0.0341266436465381,-0.005,-0.0143924797343722));
#5335=CARTESIAN_POINT('',(0.0336883071170565,-0.005,-0.014604733943524));
#5336=CARTESIAN_POINT('',(0.0335770327071881,-0.005,-0.0146758012309971));
#5337=CARTESIAN_POINT('',(0.0333876447771616,-0.005,-0.0147977781334234));
#5338=CARTESIAN_POINT('',(0.0331594752508602,-0.005,-0.0149659069877606));
#5339=CARTESIAN_POINT('',(0.0328681073942822,-0.005,-0.0152016082420597));
#5340=CARTESIAN_POINT('',(0.0325296190467423,-0.005,-0.0155055615494561));
#5341=CARTESIAN_POINT('',(0.0321471915553125,-0.005,-0.0158848654861107));
#5342=CARTESIAN_POINT('',(0.0317285348544803,-0.005,-0.0163436664307058));
#5343=CARTESIAN_POINT('',(0.031280830214367,-0.005,-0.0168876878638179));
#5344=CARTESIAN_POINT('',(0.0308103927098669,-0.005,-0.0175161508603306));
#5345=CARTESIAN_POINT('',(0.0304978366381199,-0.005,-0.0179945639334369));
#5346=CARTESIAN_POINT('',(0.0303376492071295,-0.005,-0.0182397543746426));
#5347=CARTESIAN_POINT('',(0.03661575447919,-0.005,-0.0180005812011415));
#5348=CARTESIAN_POINT('',(0.0363240687498501,-0.005,-0.0181985316591357));
#5349=CARTESIAN_POINT('',(0.0359210829479236,-0.005,-0.0184720151244976));
#5350=CARTESIAN_POINT('',(0.0358038996666597,-0.005,-0.0185328479464982));
#5351=CARTESIAN_POINT('',(0.0356035706054703,-0.005,-0.0186358742538583));
#5352=CARTESIAN_POINT('',(0.0353438819833544,-0.005,-0.018749410432836));
#5353=CARTESIAN_POINT('',(0.0349940747811385,-0.005,-0.0188838917713293));
#5354=CARTESIAN_POINT('',(0.034561599321599,-0.005,-0.0190250546254856));
#5355=CARTESIAN_POINT('',(0.0340418987309858,-0.005,-0.0191665945798421));
#5356=CARTESIAN_POINT('',(0.03343523710727,-0.005,-0.0192997614459298));
#5357=CARTESIAN_POINT('',(0.032740248405935,-0.005,-0.019415474321104));
#5358=CARTESIAN_POINT('',(0.0319607647333666,-0.005,-0.0195086536526378));
#5359=CARTESIAN_POINT('',(0.0313901688226803,-0.005,-0.0195401286143245));
#5360=CARTESIAN_POINT('',(0.031097733956336,-0.005,-0.0195562597783265));
#5361=CARTESIAN_POINT('',(0.035926446110951,-0.005,-0.0184621759943342));
#5362=CARTESIAN_POINT('',(0.0363883482845365,-0.005,-0.0191922759853789));
#5363=CARTESIAN_POINT('',(0.0370930578496221,-0.005,-0.0186924919882724));
#5364=CARTESIAN_POINT('',(0.06345,-0.005,0.));
#5365=CARTESIAN_POINT('',(0.0375276406445344,-0.005,-0.0192906438901377));
#5366=CARTESIAN_POINT('',(0.0368345505856362,-0.005,-0.0198064207654851));
#5367=CARTESIAN_POINT('',(0.0373861813182897,-0.005,-0.0204713291423905));
#5368=CARTESIAN_POINT('',(0.0380381920543943,-0.005,-0.0199583985626515));
#5369=CARTESIAN_POINT('',(0.0377597941340325,-0.005,-0.020174638120686));
#5370=CARTESIAN_POINT('',(0.037375166440914,-0.005,-0.0204733893551052));
#5371=CARTESIAN_POINT('',(0.0372810993637785,-0.005,-0.0205660389025382));
#5372=CARTESIAN_POINT('',(0.0371212104384393,-0.005,-0.0207247262817437));
#5373=CARTESIAN_POINT('',(0.0369329829181076,-0.005,-0.0209366202292342));
#5374=CARTESIAN_POINT('',(0.0366969871945741,-0.005,-0.0212277496293279));
#5375=CARTESIAN_POINT('',(0.0364290910756219,-0.005,-0.0215954365123518));
#5376=CARTESIAN_POINT('',(0.0361338822652289,-0.005,-0.0220459628942978));
#5377=CARTESIAN_POINT('',(0.0358197642979183,-0.005,-0.0225817815600101));
#5378=CARTESIAN_POINT('',(0.0354949514943536,-0.005,-0.0232069978482695));
#5379=CARTESIAN_POINT('',(0.0351654589822529,-0.005,-0.0239195368774429));
#5380=CARTESIAN_POINT('',(0.0349592006815176,-0.005,-0.0244524795384139));
#5381=CARTESIAN_POINT('',(0.0348534916894301,-0.005,-0.024725616819827));
#5382=CARTESIAN_POINT('',(0.0409446783995495,-0.005,-0.0231863786717611));
#5383=CARTESIAN_POINT('',(0.0407005229176471,-0.005,-0.0234406483104867));
#5384=CARTESIAN_POINT('',(0.0403632037320571,-0.005,-0.0237919409654249));
#5385=CARTESIAN_POINT('',(0.040261229041522,-0.005,-0.0238758082184539));
#5386=CARTESIAN_POINT('',(0.0400866980247242,-0.005,-0.0240182339076424));
#5387=CARTESIAN_POINT('',(0.039856289721004,-0.005,-0.0241832813492163));
#5388=CARTESIAN_POINT('',(0.0395420868879067,-0.005,-0.0243875529546798));
#5389=CARTESIAN_POINT('',(0.0391484114624701,-0.005,-0.0246155477658157));
#5390=CARTESIAN_POINT('',(0.0386694953878904,-0.005,-0.0248620465610907));
#5391=CARTESIAN_POINT('',(0.0381037777244847,-0.005,-0.0251184354555927));
#5392=CARTESIAN_POINT('',(0.0374480342532637,-0.005,-0.0253761160028122));
#5393=CARTESIAN_POINT('',(0.0367049572414982,-0.005,-0.0256293229107185));
#5394=CARTESIAN_POINT('',(0.0361533742329746,-0.005,-0.02577874362954));
#5395=CARTESIAN_POINT('',(0.0358706836276714,-0.005,-0.0258553229164212));
#5396=CARTESIAN_POINT('',(0.0403664040269162,-0.005,-0.0237812017795691));
#5397=CARTESIAN_POINT('',(0.0409700088533868,-0.005,-0.0243993124722027));
#5398=CARTESIAN_POINT('',(0.0415554078878072,-0.005,-0.0237639325973356));
#5399=CARTESIAN_POINT('',(0.06345,-0.005,0.));
#5400=CARTESIAN_POINT('',(0.0421048567792536,-0.005,-0.0242586586013288));
#5401=CARTESIAN_POINT('',(0.0415341484432881,-0.005,-0.0249072660404984));
#5402=CARTESIAN_POINT('',(0.0422119669458054,-0.005,-0.0254429540957432));
#5403=CARTESIAN_POINT('',(0.0427430854188731,-0.005,-0.0248056716252536));
#5404=CARTESIAN_POINT('',(0.0425157298931546,-0.005,-0.0250750680124714));
#5405=CARTESIAN_POINT('',(0.042201621112237,-0.005,-0.0254472594096464));
#5406=CARTESIAN_POINT('',(0.0421288725504891,-0.005,-0.0255574419872345));
#5407=CARTESIAN_POINT('',(0.0420054705431067,-0.005,-0.0257459044432815));
#5408=CARTESIAN_POINT('',(0.0418654114745989,-0.005,-0.0259923027016399));
#5409=CARTESIAN_POINT('',(0.0416951020296614,-0.005,-0.0263261364957502));
#5410=CARTESIAN_POINT('',(0.0415095064852036,-0.005,-0.0267414872732563));
#5411=CARTESIAN_POINT('',(0.0413144183974306,-0.005,-0.0272435459357371));
#5412=CARTESIAN_POINT('',(0.0411185676261183,-0.005,-0.0278329644757319));
#5413=CARTESIAN_POINT('',(0.0409308425372427,-0.005,-0.0285120506672208));
#5414=CARTESIAN_POINT('',(0.0407566954214007,-0.005,-0.0292775243543387));
#5415=CARTESIAN_POINT('',(0.0406657493691564,-0.005,-0.0298417044515472));
#5416=CARTESIAN_POINT('',(0.040619138806174,-0.005,-0.030130851163312));
#5417=CARTESIAN_POINT('',(0.0462571928663633,-0.005,-0.0273588201338357));
#5418=CARTESIAN_POINT('',(0.0460712383980455,-0.005,-0.0276582961499594));
#5419=CARTESIAN_POINT('',(0.0458143282958392,-0.005,-0.0280720448197639));
#5420=CARTESIAN_POINT('',(0.0457320189793382,-0.005,-0.0281752811024241));
#5421=CARTESIAN_POINT('',(0.045590913849859,-0.005,-0.0283508814873892));
#5422=CARTESIAN_POINT('',(0.0453998558130287,-0.005,-0.0285602268263768));
#5423=CARTESIAN_POINT('',(0.0451349895205687,-0.005,-0.0288253610494481));
#5424=CARTESIAN_POINT('',(0.0447973196343911,-0.005,-0.0291302233502762));
#5425=CARTESIAN_POINT('',(0.0443801190063982,-0.005,-0.0294709078062841));
#5426=CARTESIAN_POINT('',(0.043880069879808,-0.005,-0.0298393133042201));
#5427=CARTESIAN_POINT('',(0.0432922307749996,-0.005,-0.0302276996470828));
#5428=CARTESIAN_POINT('',(0.0426180364551302,-0.005,-0.0306298677744645));
#5429=CARTESIAN_POINT('',(0.0421095731730307,-0.005,-0.0308907038480083));
#5430=CARTESIAN_POINT('',(0.0418489817647205,-0.005,-0.031024384375464));
#5431=CARTESIAN_POINT('',(0.045815225854288,-0.005,-0.0280608749321699));
#5432=CARTESIAN_POINT('',(0.0465341529063096,-0.005,-0.0285399819231001));
#5433=CARTESIAN_POINT('',(0.0469746566632046,-0.005,-0.0277967753198948));
#5434=CARTESIAN_POINT('',(0.06345,-0.005,0.));
#5435=CARTESIAN_POINT('',(0.0476149580980805,-0.005,-0.0281664535256829));
#5436=CARTESIAN_POINT('',(0.0471915741778918,-0.005,-0.0289195442712191));
#5437=CARTESIAN_POINT('',(0.0479659565291789,-0.005,-0.0293025998662726));
#5438=CARTESIAN_POINT('',(0.0483529703133474,-0.005,-0.0285688178070135));
#5439=CARTESIAN_POINT('',(0.048186593709719,-0.005,-0.0288795971085858));
#5440=CARTESIAN_POINT('',(0.0479567319019895,-0.005,-0.0293089621184876));
#5441=CARTESIAN_POINT('',(0.047908481316864,-0.005,-0.0294318622188756));
#5442=CARTESIAN_POINT('',(0.0478269594873095,-0.005,-0.0296418630380916));
#5443=CARTESIAN_POINT('',(0.0477411901239975,-0.005,-0.0299119968210776));
#5444=CARTESIAN_POINT('',(0.0476440102976351,-0.005,-0.0302739448704897));
#5445=CARTESIAN_POINT('',(0.0475488267435506,-0.005,-0.0307188067204267));
#5446=CARTESIAN_POINT('',(0.0474623856639698,-0.005,-0.0312504552907472));
#5447=CARTESIAN_POINT('',(0.0473933617071584,-0.005,-0.0318677132864826));
#5448=CARTESIAN_POINT('',(0.0473509288201606,-0.005,-0.0325709900560159));
#5449=CARTESIAN_POINT('',(0.0473397381651903,-0.005,-0.0333559435278009));
#5450=CARTESIAN_POINT('',(0.0473680791403277,-0.005,-0.0339267036837625));
#5451=CARTESIAN_POINT('',(0.0473826041117149,-0.005,-0.0342192227270949));
#5452=CARTESIAN_POINT('',(0.052321115505159,-0.005,-0.0303355498738772));
#5453=CARTESIAN_POINT('',(0.0522014891529999,-0.005,-0.030667143728449));
#5454=CARTESIAN_POINT('',(0.0520362163384351,-0.005,-0.0311252656108629));
#5455=CARTESIAN_POINT('',(0.0519771697080633,-0.005,-0.0312433590022194));
#5456=CARTESIAN_POINT('',(0.0518756574371582,-0.005,-0.0314444595035141));
#5457=CARTESIAN_POINT('',(0.0517322998202255,-0.005,-0.0316889533440514));
#5458=CARTESIAN_POINT('',(0.0515283459963529,-0.005,-0.0320033625469269));
#5459=CARTESIAN_POINT('',(0.05126143944378,-0.005,-0.0323717683920096));
#5460=CARTESIAN_POINT('',(0.0509241879317681,-0.005,-0.0327917489632372));
#5461=CARTESIAN_POINT('',(0.0505116618883273,-0.005,-0.0332560699765417));
#5462=CARTESIAN_POINT('',(0.0500174185395764,-0.005,-0.0337581877681802));
#5463=CARTESIAN_POINT('',(0.0494415724385248,-0.005,-0.0342917404380541));
#5464=CARTESIAN_POINT('',(0.0489984511681547,-0.005,-0.0346525920782757));
#5465=CARTESIAN_POINT('',(0.048771348051837,-0.005,-0.0348375313657856));
#5466=CARTESIAN_POINT('',(0.0520347719328624,-0.005,-0.0311141531992177));
#5467=CARTESIAN_POINT('',(0.0528376006484668,-0.005,-0.0314333172139304));
#5468=CARTESIAN_POINT('',(0.0531139569998886,-0.005,-0.030614765577248));
#5469=CARTESIAN_POINT('',(0.06345,-0.005,0.));
#5470=CARTESIAN_POINT('',(0.0538171267329827,-0.005,-0.0308432392733251));
#5471=CARTESIAN_POINT('',(0.0535595711375046,-0.005,-0.0316678996459177));
#5472=CARTESIAN_POINT('',(0.0543966731129114,-0.005,-0.0318815814131714));
#5473=CARTESIAN_POINT('',(0.0546226678487145,-0.005,-0.0310833695622093));
#5474=CARTESIAN_POINT('',(0.0545245416231182,-0.005,-0.0314219492313729));
#5475=CARTESIAN_POINT('',(0.0543889728525738,-0.005,-0.0318897225427468));
#5476=CARTESIAN_POINT('',(0.0543673290261727,-0.005,-0.0320199688418078));
#5477=CARTESIAN_POINT('',(0.0543312502695828,-0.005,-0.0322423299806972));
#5478=CARTESIAN_POINT('',(0.0543035191442103,-0.005,-0.0325243931457487));
#5479=CARTESIAN_POINT('',(0.0542837161611557,-0.005,-0.0328986365838838));
#5480=CARTESIAN_POINT('',(0.0542831045754993,-0.005,-0.0333535669087254));
#5481=CARTESIAN_POINT('',(0.0543090883940787,-0.005,-0.0338915697932297));
#5482=CARTESIAN_POINT('',(0.0543699079298946,-0.005,-0.0345096901083596));
#5483=CARTESIAN_POINT('',(0.0544746217655521,-0.005,-0.0352064208864125));
#5484=CARTESIAN_POINT('',(0.0546268766567743,-0.005,-0.0359765479095229));
#5485=CARTESIAN_POINT('',(0.0547732660226848,-0.005,-0.0365289431666109));
#5486=CARTESIAN_POINT('',(0.0548482917174936,-0.005,-0.0368120500556553));
#5487=CARTESIAN_POINT('',(0.0588714237986919,-0.005,-0.0319864705183115));
#5488=CARTESIAN_POINT('',(0.0588233538083117,-0.005,-0.0323356899687228));
#5489=CARTESIAN_POINT('',(0.058756941496452,-0.005,-0.0328181629391721));
#5490=CARTESIAN_POINT('',(0.0587237381732937,-0.005,-0.0329459521913477));
#5491=CARTESIAN_POINT('',(0.0586662553343113,-0.005,-0.033163763752078));
#5492=CARTESIAN_POINT('',(0.0585768635530423,-0.005,-0.0334327205401218));
#5493=CARTESIAN_POINT('',(0.0584427359585394,-0.005,-0.0337826635319332));
#5494=CARTESIAN_POINT('',(0.0582582578366783,-0.005,-0.034198511818033));
#5495=CARTESIAN_POINT('',(0.0580156949500345,-0.005,-0.0346794333382273));
#5496=CARTESIAN_POINT('',(0.0577087213573611,-0.005,-0.0352193768105596));
#5497=CARTESIAN_POINT('',(0.057329674570651,-0.005,-0.0358132810940507));
#5498=CARTESIAN_POINT('',(0.0568773439262493,-0.005,-0.0364548994944734));
#5499=CARTESIAN_POINT('',(0.0565189311934555,-0.005,-0.0368999957531371));
#5500=CARTESIAN_POINT('',(0.056335241865075,-0.005,-0.0371281110663999));
#5501=CARTESIAN_POINT('',(0.0587532182543123,-0.005,-0.0328075936691877));
#5502=CARTESIAN_POINT('',(0.0596048611662281,-0.005,-0.0329528657087213));
#5503=CARTESIAN_POINT('',(0.0597049920135146,-0.005,-0.0320947436729313));
#5504=CARTESIAN_POINT('',(0.06345,-0.005,0.));
#5505=CARTESIAN_POINT('',(0.060440298153308,-0.005,-0.0321720274624404));
#5506=CARTESIAN_POINT('',(0.0603598272979516,-0.005,-0.0330322158466475));
#5507=CARTESIAN_POINT('',(0.0612230635242919,-0.005,-0.0330671848675136));
#5508=CARTESIAN_POINT('',(0.0612781621573319,-0.005,-0.032239428912981));
#5509=CARTESIAN_POINT('',(0.0612525748966881,-0.005,-0.0325910113935079));
#5510=CARTESIAN_POINT('',(0.0612172241691329,-0.005,-0.0330767490680216));
#5511=CARTESIAN_POINT('',(0.0612231330405285,-0.005,-0.0332086491774954));
#5512=CARTESIAN_POINT('',(0.0612340741716913,-0.005,-0.0334336523872816));
#5513=CARTESIAN_POINT('',(0.0612655932675058,-0.005,-0.0337153174205966));
#5514=CARTESIAN_POINT('',(0.0613240326131437,-0.005,-0.0340855000133889));
#5515=CARTESIAN_POINT('',(0.0614180197251433,-0.005,-0.0345306161749417));
#5516=CARTESIAN_POINT('',(0.0615552928243268,-0.005,-0.0350514600659528));
#5517=CARTESIAN_POINT('',(0.0617432977472103,-0.005,-0.0356434278766356));
#5518=CARTESIAN_POINT('',(0.061990581808432,-0.005,-0.036303162184922));
#5519=CARTESIAN_POINT('',(0.0622996279765003,-0.005,-0.0370248045129683));
#5520=CARTESIAN_POINT('',(0.0625576678154396,-0.005,-0.0375346925477615));
#5521=CARTESIAN_POINT('',(0.0626899152507935,-0.005,-0.037796014152969));
#5522=CARTESIAN_POINT('',(0.0656218378426681,-0.005,-0.032239428912981));
#5523=CARTESIAN_POINT('',(0.0656474251033119,-0.005,-0.0325910113935079));
#5524=CARTESIAN_POINT('',(0.0656827758308671,-0.005,-0.0330767490680216));
#5525=CARTESIAN_POINT('',(0.0656768669594716,-0.005,-0.0332086491774954));
#5526=CARTESIAN_POINT('',(0.0656659258283087,-0.005,-0.0334336523872816));
#5527=CARTESIAN_POINT('',(0.0656344067324942,-0.005,-0.0337153174205966));
#5528=CARTESIAN_POINT('',(0.0655759673868563,-0.005,-0.0340855000133889));
#5529=CARTESIAN_POINT('',(0.0654819802748567,-0.005,-0.0345306161749417));
#5530=CARTESIAN_POINT('',(0.0653447071756732,-0.005,-0.0350514600659528));
#5531=CARTESIAN_POINT('',(0.0651567022527897,-0.005,-0.0356434278766356));
#5532=CARTESIAN_POINT('',(0.064909418191568,-0.005,-0.036303162184922));
#5533=CARTESIAN_POINT('',(0.0646003720234997,-0.005,-0.0370248045129683));
#5534=CARTESIAN_POINT('',(0.0643423321845605,-0.005,-0.0375346925477615));
#5535=CARTESIAN_POINT('',(0.0642100847492065,-0.005,-0.037796014152969));
#5536=CARTESIAN_POINT('',(0.0656769364757081,-0.005,-0.0330671848675136));
#5537=CARTESIAN_POINT('',(0.0665401727020484,-0.005,-0.0330322158466475));
#5538=CARTESIAN_POINT('',(0.066459701846692,-0.005,-0.0321720274624404));
#5539=CARTESIAN_POINT('',(0.06345,-0.005,0.));
#5540=CARTESIAN_POINT('',(0.0671950079864854,-0.005,-0.0320947436729313));
#5541=CARTESIAN_POINT('',(0.0672951388337719,-0.005,-0.0329528657087213));
#5542=CARTESIAN_POINT('',(0.0681467817456877,-0.005,-0.0328075936691878));
#5543=CARTESIAN_POINT('',(0.0680285762013081,-0.005,-0.0319864705183115));
#5544=CARTESIAN_POINT('',(0.0680766461916883,-0.005,-0.0323356899687228));
#5545=CARTESIAN_POINT('',(0.068143058503548,-0.005,-0.0328181629391721));
#5546=CARTESIAN_POINT('',(0.0681762618267063,-0.005,-0.0329459521913477));
#5547=CARTESIAN_POINT('',(0.0682337446656887,-0.005,-0.033163763752078));
#5548=CARTESIAN_POINT('',(0.0683231364469577,-0.005,-0.0334327205401218));
#5549=CARTESIAN_POINT('',(0.0684572640414606,-0.005,-0.0337826635319332));
#5550=CARTESIAN_POINT('',(0.0686417421633217,-0.005,-0.034198511818033));
#5551=CARTESIAN_POINT('',(0.0688843050499655,-0.005,-0.0346794333382273));
#5552=CARTESIAN_POINT('',(0.0691912786426389,-0.005,-0.0352193768105596));
#5553=CARTESIAN_POINT('',(0.069570325429349,-0.005,-0.0358132810940507));
#5554=CARTESIAN_POINT('',(0.0700226560737507,-0.005,-0.0364548994944734));
#5555=CARTESIAN_POINT('',(0.0703810688065445,-0.005,-0.0368999957531371));
#5556=CARTESIAN_POINT('',(0.0705647581349251,-0.005,-0.0371281110663999));
#5557=CARTESIAN_POINT('',(0.0722773321512855,-0.005,-0.0310833695622093));
#5558=CARTESIAN_POINT('',(0.0723754583768819,-0.005,-0.0314219492313729));
#5559=CARTESIAN_POINT('',(0.0725110271474262,-0.005,-0.0318897225427468));
#5560=CARTESIAN_POINT('',(0.0725326709738274,-0.005,-0.0320199688418078));
#5561=CARTESIAN_POINT('',(0.0725687497304172,-0.005,-0.0322423299806972));
#5562=CARTESIAN_POINT('',(0.0725964808557897,-0.005,-0.0325243931457487));
#5563=CARTESIAN_POINT('',(0.0726162838388443,-0.005,-0.0328986365838838));
#5564=CARTESIAN_POINT('',(0.0726168954245007,-0.005,-0.0333535669087254));
#5565=CARTESIAN_POINT('',(0.0725909116059213,-0.005,-0.0338915697932297));
#5566=CARTESIAN_POINT('',(0.0725300920701054,-0.005,-0.0345096901083596));
#5567=CARTESIAN_POINT('',(0.072425378234448,-0.005,-0.0352064208864125));
#5568=CARTESIAN_POINT('',(0.0722731233432258,-0.005,-0.0359765479095229));
#5569=CARTESIAN_POINT('',(0.0721267339773152,-0.005,-0.0365289431666109));
#5570=CARTESIAN_POINT('',(0.0720517082825064,-0.005,-0.0368120500556553));
#5571=CARTESIAN_POINT('',(0.0725033268870886,-0.005,-0.0318815814131714));
#5572=CARTESIAN_POINT('',(0.0733404288624954,-0.005,-0.0316678996459177));
#5573=CARTESIAN_POINT('',(0.0730828732670173,-0.005,-0.0308432392733251));
#5574=CARTESIAN_POINT('',(0.06345,-0.005,0.));
#5575=CARTESIAN_POINT('',(0.0737860430001114,-0.005,-0.030614765577248));
#5576=CARTESIAN_POINT('',(0.0740623993515332,-0.005,-0.0314333172139304));
#5577=CARTESIAN_POINT('',(0.0748652280671376,-0.005,-0.0311141531992177));
#5578=CARTESIAN_POINT('',(0.074578884494841,-0.005,-0.0303355498738772));
#5579=CARTESIAN_POINT('',(0.0746985108470002,-0.005,-0.030667143728449));
#5580=CARTESIAN_POINT('',(0.0748637836615649,-0.005,-0.0311252656108629));
#5581=CARTESIAN_POINT('',(0.0749228302919368,-0.005,-0.0312433590022194));
#5582=CARTESIAN_POINT('',(0.0750243425628418,-0.005,-0.0314444595035141));
#5583=CARTESIAN_POINT('',(0.0751677001797745,-0.005,-0.0316889533440514));
#5584=CARTESIAN_POINT('',(0.0753716540036471,-0.005,-0.0320033625469269));
#5585=CARTESIAN_POINT('',(0.07563856055622,-0.005,-0.0323717683920096));
#5586=CARTESIAN_POINT('',(0.075975812068232,-0.005,-0.0327917489632372));
#5587=CARTESIAN_POINT('',(0.0763883381116727,-0.005,-0.0332560699765417));
#5588=CARTESIAN_POINT('',(0.0768825814604236,-0.005,-0.0337581877681802));
#5589=CARTESIAN_POINT('',(0.0774584275614752,-0.005,-0.0342917404380541));
#5590=CARTESIAN_POINT('',(0.0779015488318453,-0.005,-0.0346525920782757));
#5591=CARTESIAN_POINT('',(0.078128651948163,-0.005,-0.0348375313657856));
#5592=CARTESIAN_POINT('',(0.0785470296866526,-0.005,-0.0285688178070135));
#5593=CARTESIAN_POINT('',(0.078713406290281,-0.005,-0.0288795971085858));
#5594=CARTESIAN_POINT('',(0.0789432680980105,-0.005,-0.0293089621184876));
#5595=CARTESIAN_POINT('',(0.078991518683136,-0.005,-0.0294318622188756));
#5596=CARTESIAN_POINT('',(0.0790730405126905,-0.005,-0.0296418630380916));
#5597=CARTESIAN_POINT('',(0.0791588098760025,-0.005,-0.0299119968210777));
#5598=CARTESIAN_POINT('',(0.0792559897023649,-0.005,-0.0302739448704897));
#5599=CARTESIAN_POINT('',(0.0793511732564494,-0.005,-0.0307188067204267));
#5600=CARTESIAN_POINT('',(0.0794376143360303,-0.005,-0.0312504552907472));
#5601=CARTESIAN_POINT('',(0.0795066382928416,-0.005,-0.0318677132864826));
#5602=CARTESIAN_POINT('',(0.0795490711798394,-0.005,-0.0325709900560159));
#5603=CARTESIAN_POINT('',(0.0795602618348097,-0.005,-0.0333559435278009));
#5604=CARTESIAN_POINT('',(0.0795319208596723,-0.005,-0.0339267036837625));
#5605=CARTESIAN_POINT('',(0.0795173958882851,-0.005,-0.0342192227270949));
#5606=CARTESIAN_POINT('',(0.0789340434708211,-0.005,-0.0293025998662726));
#5607=CARTESIAN_POINT('',(0.0797084258221082,-0.005,-0.0289195442712191));
#5608=CARTESIAN_POINT('',(0.0792850419019195,-0.005,-0.0281664535256829));
#5609=CARTESIAN_POINT('',(0.06345,-0.005,0.));
#5610=CARTESIAN_POINT('',(0.0799253433367954,-0.005,-0.0277967753198948));
#5611=CARTESIAN_POINT('',(0.0803658470936904,-0.005,-0.0285399819231002));
#5612=CARTESIAN_POINT('',(0.081084774145712,-0.005,-0.02806087493217));
#5613=CARTESIAN_POINT('',(0.0806428071336367,-0.005,-0.0273588201338357));
#5614=CARTESIAN_POINT('',(0.0808287616019545,-0.005,-0.0276582961499594));
#5615=CARTESIAN_POINT('',(0.0810856717041608,-0.005,-0.0280720448197639));
#5616=CARTESIAN_POINT('',(0.0811679810206618,-0.005,-0.0281752811024241));
#5617=CARTESIAN_POINT('',(0.0813090861501411,-0.005,-0.0283508814873892));
#5618=CARTESIAN_POINT('',(0.0815001441869714,-0.005,-0.0285602268263768));
#5619=CARTESIAN_POINT('',(0.0817650104794313,-0.005,-0.0288253610494481));
#5620=CARTESIAN_POINT('',(0.0821026803656089,-0.005,-0.0291302233502762));
#5621=CARTESIAN_POINT('',(0.0825198809936018,-0.005,-0.0294709078062841));
#5622=CARTESIAN_POINT('',(0.083019930120192,-0.005,-0.0298393133042201));
#5623=CARTESIAN_POINT('',(0.0836077692250005,-0.005,-0.0302276996470828));
#5624=CARTESIAN_POINT('',(0.0842819635448699,-0.005,-0.0306298677744646));
#5625=CARTESIAN_POINT('',(0.0847904268269693,-0.005,-0.0308907038480083));
#5626=CARTESIAN_POINT('',(0.0850510182352795,-0.005,-0.031024384375464));
#5627=CARTESIAN_POINT('',(0.0841569145811269,-0.005,-0.0248056716252536));
#5628=CARTESIAN_POINT('',(0.0843842701068453,-0.005,-0.0250750680124714));
#5629=CARTESIAN_POINT('',(0.084698378887763,-0.005,-0.0254472594096465));
#5630=CARTESIAN_POINT('',(0.0847711274495109,-0.005,-0.0255574419872346));
#5631=CARTESIAN_POINT('',(0.0848945294568933,-0.005,-0.0257459044432815));
#5632=CARTESIAN_POINT('',(0.085034588525401,-0.005,-0.0259923027016399));
#5633=CARTESIAN_POINT('',(0.0852048979703386,-0.005,-0.0263261364957502));
#5634=CARTESIAN_POINT('',(0.0853904935147964,-0.005,-0.0267414872732563));
#5635=CARTESIAN_POINT('',(0.0855855816025694,-0.005,-0.0272435459357371));
#5636=CARTESIAN_POINT('',(0.0857814323738817,-0.005,-0.0278329644757319));
#5637=CARTESIAN_POINT('',(0.0859691574627574,-0.005,-0.0285120506672208));
#5638=CARTESIAN_POINT('',(0.0861433045785993,-0.005,-0.0292775243543387));
#5639=CARTESIAN_POINT('',(0.0862342506308435,-0.005,-0.0298417044515472));
#5640=CARTESIAN_POINT('',(0.086280861193826,-0.005,-0.030130851163312));
#5641=CARTESIAN_POINT('',(0.0846880330541946,-0.005,-0.0254429540957431));
#5642=CARTESIAN_POINT('',(0.0853658515567118,-0.005,-0.0249072660404984));
#5643=CARTESIAN_POINT('',(0.0847951432207464,-0.005,-0.0242586586013288));
#5644=CARTESIAN_POINT('',(0.06345,-0.005,0.));
#5645=CARTESIAN_POINT('',(0.0853445921121928,-0.005,-0.0237639325973356));
#5646=CARTESIAN_POINT('',(0.0859299911466132,-0.005,-0.0243993124722028));
#5647=CARTESIAN_POINT('',(0.0865335959730839,-0.005,-0.0237812017795692));
#5648=CARTESIAN_POINT('',(0.0859553216004505,-0.005,-0.0231863786717611));
#5649=CARTESIAN_POINT('',(0.0861994770823529,-0.005,-0.0234406483104867));
#5650=CARTESIAN_POINT('',(0.086536796267943,-0.005,-0.0237919409654249));
#5651=CARTESIAN_POINT('',(0.0866387709584781,-0.005,-0.023875808218454));
#5652=CARTESIAN_POINT('',(0.0868133019752758,-0.005,-0.0240182339076424));
#5653=CARTESIAN_POINT('',(0.087043710278996,-0.005,-0.0241832813492163));
#5654=CARTESIAN_POINT('',(0.0873579131120933,-0.005,-0.0243875529546798));
#5655=CARTESIAN_POINT('',(0.0877515885375299,-0.005,-0.0246155477658157));
#5656=CARTESIAN_POINT('',(0.0882305046121096,-0.005,-0.0248620465610907));
#5657=CARTESIAN_POINT('',(0.0887962222755153,-0.005,-0.0251184354555927));
#5658=CARTESIAN_POINT('',(0.0894519657467363,-0.005,-0.0253761160028122));
#5659=CARTESIAN_POINT('',(0.0901950427585019,-0.005,-0.0256293229107185));
#5660=CARTESIAN_POINT('',(0.0907466257670254,-0.005,-0.0257787436295401));
#5661=CARTESIAN_POINT('',(0.0910293163723286,-0.005,-0.0258553229164213));
#5662=CARTESIAN_POINT('',(0.0888618079456058,-0.005,-0.0199583985626515));
#5663=CARTESIAN_POINT('',(0.0891402058659675,-0.005,-0.020174638120686));
#5664=CARTESIAN_POINT('',(0.089524833559086,-0.005,-0.0204733893551052));
#5665=CARTESIAN_POINT('',(0.0896189006362215,-0.005,-0.0205660389025382));
#5666=CARTESIAN_POINT('',(0.0897787895615607,-0.005,-0.0207247262817437));
#5667=CARTESIAN_POINT('',(0.0899670170818925,-0.005,-0.0209366202292342));
#5668=CARTESIAN_POINT('',(0.090203012805426,-0.005,-0.0212277496293279));
#5669=CARTESIAN_POINT('',(0.090470908924378,-0.005,-0.0215954365123519));
#5670=CARTESIAN_POINT('',(0.0907661177347711,-0.005,-0.0220459628942978));
#5671=CARTESIAN_POINT('',(0.0910802357020817,-0.005,-0.0225817815600101));
#5672=CARTESIAN_POINT('',(0.0914050485056464,-0.005,-0.0232069978482695));
#5673=CARTESIAN_POINT('',(0.0917345410177471,-0.005,-0.0239195368774429));
#5674=CARTESIAN_POINT('',(0.0919407993184823,-0.005,-0.0244524795384139));
#5675=CARTESIAN_POINT('',(0.0920465083105699,-0.005,-0.024725616819827));
#5676=CARTESIAN_POINT('',(0.0895138186817103,-0.005,-0.0204713291423905));
#5677=CARTESIAN_POINT('',(0.0900654494143637,-0.005,-0.0198064207654851));
#5678=CARTESIAN_POINT('',(0.0893723593554656,-0.005,-0.0192906438901377));
#5679=CARTESIAN_POINT('',(0.06345,-0.005,0.));
#5680=CARTESIAN_POINT('',(0.089806942150378,-0.005,-0.0186924919882724));
#5681=CARTESIAN_POINT('',(0.0905116517154635,-0.005,-0.0191922759853789));
#5682=CARTESIAN_POINT('',(0.0909735538890491,-0.005,-0.0184621759943342));
#5683=CARTESIAN_POINT('',(0.09028424552081,-0.005,-0.0180005812011415));
#5684=CARTESIAN_POINT('',(0.09057593125015,-0.005,-0.0181985316591357));
#5685=CARTESIAN_POINT('',(0.0909789170520764,-0.005,-0.0184720151244976));
#5686=CARTESIAN_POINT('',(0.0910961003333404,-0.005,-0.0185328479464982));
#5687=CARTESIAN_POINT('',(0.0912964293945298,-0.005,-0.0186358742538583));
#5688=CARTESIAN_POINT('',(0.0915561180166456,-0.005,-0.018749410432836));
#5689=CARTESIAN_POINT('',(0.0919059252188615,-0.005,-0.0188838917713293));
#5690=CARTESIAN_POINT('',(0.092338400678401,-0.005,-0.0190250546254856));
#5691=CARTESIAN_POINT('',(0.0928581012690143,-0.005,-0.0191665945798421));
#5692=CARTESIAN_POINT('',(0.09346476289273,-0.005,-0.0192997614459298));
#5693=CARTESIAN_POINT('',(0.094159751594065,-0.005,-0.019415474321104));
#5694=CARTESIAN_POINT('',(0.0949392352666335,-0.005,-0.0195086536526378));
#5695=CARTESIAN_POINT('',(0.0955098311773197,-0.005,-0.0195401286143246));
#5696=CARTESIAN_POINT('',(0.0958022660436641,-0.005,-0.0195562597783265));
#5697=CARTESIAN_POINT('',(0.0924560833634781,-0.005,-0.0142388477118395));
#5698=CARTESIAN_POINT('',(0.0927733563534619,-0.005,-0.0143924797343722));
#5699=CARTESIAN_POINT('',(0.0932116928829435,-0.005,-0.014604733943524));
#5700=CARTESIAN_POINT('',(0.0933229672928119,-0.005,-0.0146758012309971));
#5701=CARTESIAN_POINT('',(0.0935123552228385,-0.005,-0.0147977781334234));
#5702=CARTESIAN_POINT('',(0.0937405247491398,-0.005,-0.0149659069877606));
#5703=CARTESIAN_POINT('',(0.0940318926057178,-0.005,-0.0152016082420597));
#5704=CARTESIAN_POINT('',(0.0943703809532577,-0.005,-0.0155055615494561));
#5705=CARTESIAN_POINT('',(0.0947528084446875,-0.005,-0.0158848654861107));
#5706=CARTESIAN_POINT('',(0.0951714651455197,-0.005,-0.0163436664307058));
#5707=CARTESIAN_POINT('',(0.095619169785633,-0.005,-0.0168876878638179));
#5708=CARTESIAN_POINT('',(0.0960896072901331,-0.005,-0.0175161508603306));
#5709=CARTESIAN_POINT('',(0.0964021633618801,-0.005,-0.0179945639334369));
#5710=CARTESIAN_POINT('',(0.0965623507928706,-0.005,-0.0182397543746426));
#5711=CARTESIAN_POINT('',(0.0932004903647571,-0.005,-0.0146050088731794));
#5712=CARTESIAN_POINT('',(0.0936018244175119,-0.005,-0.0138399398612686));
#5713=CARTESIAN_POINT('',(0.09281664399707,-0.005,-0.0134795354741679));
#5714=CARTESIAN_POINT('',(0.06345,-0.005,0.));
#5715=CARTESIAN_POINT('',(0.0931173673419511,-0.005,-0.0128040997827936));
#5716=CARTESIAN_POINT('',(0.0939105882481357,-0.005,-0.0131464449432361));
#5717=CARTESIAN_POINT('',(0.094210600427398,-0.005,-0.0123362645267973));
#5718=CARTESIAN_POINT('',(0.0934403841469139,-0.005,-0.0120280719556601));
#5719=CARTESIAN_POINT('',(0.0937668520576558,-0.005,-0.0121610518480368));
#5720=CARTESIAN_POINT('',(0.094217892062634,-0.005,-0.0123447735840668));
#5721=CARTESIAN_POINT('',(0.0943451624629278,-0.005,-0.0123799132888095));
#5722=CARTESIAN_POINT('',(0.0945625342272494,-0.005,-0.0124390374703343));
#5723=CARTESIAN_POINT('',(0.0948401535288502,-0.005,-0.0124961003108877));
#5724=CARTESIAN_POINT('',(0.0952102768468866,-0.005,-0.0125549139026053));
#5725=CARTESIAN_POINT('',(0.0956626510876998,-0.005,-0.0126030753056811));
#5726=CARTESIAN_POINT('',(0.0962004227847366,-0.005,-0.0126334704439295));
#5727=CARTESIAN_POINT('',(0.0968215143447206,-0.005,-0.0126375952505494));
#5728=CARTESIAN_POINT('',(0.0975253739349954,-0.005,-0.0126062832457812));
#5729=CARTESIAN_POINT('',(0.0983071970914978,-0.005,-0.0125353626170305));
#5730=CARTESIAN_POINT('',(0.0988718681250268,-0.005,-0.0124475162147231));
#5731=CARTESIAN_POINT('',(0.099161266445495,-0.005,-0.0124024942465728));
#5732=CARTESIAN_POINT('',(0.094782653751736,-0.005,-0.00789699089044826));
#5733=CARTESIAN_POINT('',(0.0951249354592348,-0.005,-0.00798130092088616));
#5734=CARTESIAN_POINT('',(0.0955978234153692,-0.005,-0.00809778157732192));
#5735=CARTESIAN_POINT('',(0.0957214419323054,-0.005,-0.00814416062335389));
#5736=CARTESIAN_POINT('',(0.095932051705693,-0.005,-0.00822409607305483));
#5737=CARTESIAN_POINT('',(0.0961901911347857,-0.005,-0.00834111179653248));
#5738=CARTESIAN_POINT('',(0.0965241969509376,-0.005,-0.00851108362920403));
#5739=CARTESIAN_POINT('',(0.0969184839620306,-0.005,-0.00873801914290978));
#5740=CARTESIAN_POINT('',(0.0973714162180309,-0.005,-0.00902952323213901));
#5741=CARTESIAN_POINT('',(0.0978763143456207,-0.005,-0.00939125465276691));
#5742=CARTESIAN_POINT('',(0.0984273439811843,-0.005,-0.00983030488360043));
#5743=CARTESIAN_POINT('',(0.0990181661017276,-0.005,-0.0103472249988045));
#5744=CARTESIAN_POINT('',(0.0994233597443406,-0.005,-0.0107501995370709));
#5745=CARTESIAN_POINT('',(0.099631024654835,-0.005,-0.0109567271392341));
#5746=CARTESIAN_POINT('',(0.0955869228601725,-0.005,-0.00810037963360227));
#5747=CARTESIAN_POINT('',(0.0958204200091087,-0.005,-0.007268587173715));
#5748=CARTESIAN_POINT('',(0.0949774653792101,-0.005,-0.00707930667598959));
#5749=CARTESIAN_POINT('',(0.06345,-0.005,0.));
#5750=CARTESIAN_POINT('',(0.0951311862208578,-0.005,-0.00635610697591922));
#5751=CARTESIAN_POINT('',(0.095978250908245,-0.005,-0.006526051173432));
#5752=CARTESIAN_POINT('',(0.0961032611213322,-0.005,-0.00567119910347455));
#5753=CARTESIAN_POINT('',(0.0952857990759679,-0.005,-0.00552987824862351));
#5754=CARTESIAN_POINT('',(0.0956327809538455,-0.005,-0.00559207571597755));
#5755=CARTESIAN_POINT('',(0.0961121625493279,-0.005,-0.00567800620121651));
#5756=CARTESIAN_POINT('',(0.0962439577414476,-0.005,-0.00568591701498487));
#5757=CARTESIAN_POINT('',(0.0964688720197351,-0.005,-0.00569855506023258));
#5758=CARTESIAN_POINT('',(0.0967522887051756,-0.005,-0.00569665064241147));
#5759=CARTESIAN_POINT('',(0.0971265519739856,-0.005,-0.00567722605117662));
#5760=CARTESIAN_POINT('',(0.0975790540710165,-0.005,-0.00563028111875327));
#5761=CARTESIAN_POINT('',(0.0981113936708014,-0.005,-0.00554820302750002));
#5762=CARTESIAN_POINT('',(0.0987197704855544,-0.005,-0.0054231055008099));
#5763=CARTESIAN_POINT('',(0.099401738923181,-0.005,-0.00524613710095943));
#5764=CARTESIAN_POINT('',(0.100151732140074,-0.005,-0.00501421608371541));
#5765=CARTESIAN_POINT('',(0.100685799462689,-0.005,-0.00481088762672855));
#5766=CARTESIAN_POINT('',(0.100959513141989,-0.005,-0.00470668020247371));
#5767=CARTESIAN_POINT('',(0.100743821080204,-0.005,-0.00478862289575374));
#5768=CARTESIAN_POINT('',(0.06345,-0.005,0.));
#5769=CARTESIAN_POINT('',(0.100924472294742,-0.005,-0.00306984140153972));
#5770=CARTESIAN_POINT('',(0.0957398368202892,-0.005,-0.00120999767317782));
#5771=CARTESIAN_POINT('',(0.0960921678922354,-0.005,-0.00122130095862639));
#5772=CARTESIAN_POINT('',(0.0965789398021713,-0.005,-0.00123691729872367));
#5773=CARTESIAN_POINT('',(0.0967094997037978,-0.005,-0.00125658111645156));
#5774=CARTESIAN_POINT('',(0.0969321266628315,-0.005,-0.00129098155070237));
#5775=CARTESIAN_POINT('',(0.0972089540629739,-0.005,-0.00135176999470077));
#5776=CARTESIAN_POINT('',(0.0975710001817961,-0.005,-0.00144858382104166));
#5777=CARTESIAN_POINT('',(0.0980038536220584,-0.005,-0.00158858337015042));
#5778=CARTESIAN_POINT('',(0.098507495329632,-0.005,-0.00177954748446314));
#5779=CARTESIAN_POINT('',(0.0990765684130336,-0.005,-0.00202839998226245));
#5780=CARTESIAN_POINT('',(0.0997068404048399,-0.005,-0.00234329040893316));
#5781=CARTESIAN_POINT('',(0.10039222537968,-0.005,-0.00272607575333634));
#5782=CARTESIAN_POINT('',(0.100872347686642,-0.005,-0.00303599983575418));
#5783=CARTESIAN_POINT('',(0.101118414123564,-0.005,-0.00319483835163097));
#5784=CARTESIAN_POINT('',(0.0965688176165331,-0.005,-0.00124172493410266));
#5785=CARTESIAN_POINT('',(0.0966242729157986,-0.005,-0.000379562348119013));
#5786=CARTESIAN_POINT('',(0.0957603852387149,-0.005,-0.00036967820578808));
#5787=CARTESIAN_POINT('',(0.06345,-0.005,0.));
#5788=CARTESIAN_POINT('',(0.0957603852387149,-0.005,0.00036967820578808));
#5789=CARTESIAN_POINT('',(0.0966242729157986,-0.005,0.000379562348119013));
#5790=CARTESIAN_POINT('',(0.0965688176165331,-0.005,0.00124172493410266));
#5791=CARTESIAN_POINT('',(0.0957398368202892,-0.005,0.00120999767317782));
#5792=CARTESIAN_POINT('',(0.0960921678922354,-0.005,0.00122130095862639));
#5793=CARTESIAN_POINT('',(0.0965789398021713,-0.005,0.00123691729872367));
#5794=CARTESIAN_POINT('',(0.0967094997037978,-0.005,0.00125658111645156));
#5795=CARTESIAN_POINT('',(0.0969321266628315,-0.005,0.00129098155070237));
#5796=CARTESIAN_POINT('',(0.0972089540629739,-0.005,0.00135176999470077));
#5797=CARTESIAN_POINT('',(0.0975710001817961,-0.005,0.00144858382104166));
#5798=CARTESIAN_POINT('',(0.0980038536220584,-0.005,0.00158858337015042));
#5799=CARTESIAN_POINT('',(0.098507495329632,-0.005,0.00177954748446314));
#5800=CARTESIAN_POINT('',(0.0990765684130336,-0.005,0.00202839998226245));
#5801=CARTESIAN_POINT('',(0.0997068404048399,-0.005,0.00234329040893316));
#5802=CARTESIAN_POINT('',(0.10039222537968,-0.005,0.00272607575333634));
#5803=CARTESIAN_POINT('',(0.100872347686642,-0.005,0.00303599983575418));
#5804=CARTESIAN_POINT('',(0.101118414123564,-0.005,0.00319483835163097));
#5805=CARTESIAN_POINT('',(0.095285799075968,-0.005,0.0055298782486235));
#5806=CARTESIAN_POINT('',(0.0956327809538455,-0.005,0.00559207571597754));
#5807=CARTESIAN_POINT('',(0.0961121625493279,-0.005,0.0056780062012165));
#5808=CARTESIAN_POINT('',(0.0962439577414476,-0.005,0.00568591701498486));
#5809=CARTESIAN_POINT('',(0.0964688720197351,-0.005,0.00569855506023256));
#5810=CARTESIAN_POINT('',(0.0967522887051756,-0.005,0.00569665064241145));
#5811=CARTESIAN_POINT('',(0.0971265519739856,-0.005,0.0056772260511766));
#5812=CARTESIAN_POINT('',(0.0975790540710164,-0.005,0.00563028111875326));
#5813=CARTESIAN_POINT('',(0.0981113936708014,-0.005,0.0055482030275));
#5814=CARTESIAN_POINT('',(0.0987197704855545,-0.005,0.00542310550080988));
#5815=CARTESIAN_POINT('',(0.099401738923181,-0.005,0.00524613710095941));
#5816=CARTESIAN_POINT('',(0.100151732140075,-0.005,0.00501421608371539));
#5817=CARTESIAN_POINT('',(0.100685799462689,-0.005,0.00481088762672853));
#5818=CARTESIAN_POINT('',(0.100959513141989,-0.005,0.00470668020247369));
#5819=CARTESIAN_POINT('',(0.0961032611213322,-0.005,0.00567119910347453));
#5820=CARTESIAN_POINT('',(0.095978250908245,-0.005,0.00652605117343198));
#5821=CARTESIAN_POINT('',(0.0951311862208578,-0.005,0.0063561069759192));
#5822=CARTESIAN_POINT('',(0.06345,-0.005,0.));
#5823=CARTESIAN_POINT('',(0.0949774653792101,-0.005,0.00707930667598958));
#5824=CARTESIAN_POINT('',(0.0958204200091087,-0.005,0.00726858717371498));
#5825=CARTESIAN_POINT('',(0.0955869228601725,-0.005,0.00810037963360226));
#5826=CARTESIAN_POINT('',(0.094782653751736,-0.005,0.00789699089044824));
#5827=CARTESIAN_POINT('',(0.0951249354592348,-0.005,0.00798130092088614));
#5828=CARTESIAN_POINT('',(0.0955978234153692,-0.005,0.0080977815773219));
#5829=CARTESIAN_POINT('',(0.0957214419323054,-0.005,0.00814416062335387));
#5830=CARTESIAN_POINT('',(0.095932051705693,-0.005,0.00822409607305481));
#5831=CARTESIAN_POINT('',(0.0961901911347857,-0.005,0.00834111179653247));
#5832=CARTESIAN_POINT('',(0.0965241969509376,-0.005,0.00851108362920401));
#5833=CARTESIAN_POINT('',(0.0969184839620306,-0.005,0.00873801914290976));
#5834=CARTESIAN_POINT('',(0.0973714162180309,-0.005,0.00902952323213899));
#5835=CARTESIAN_POINT('',(0.0978763143456207,-0.005,0.00939125465276689));
#5836=CARTESIAN_POINT('',(0.0984273439811843,-0.005,0.00983030488360041));
#5837=CARTESIAN_POINT('',(0.0990181661017276,-0.005,0.0103472249988045));
#5838=CARTESIAN_POINT('',(0.0994233597443406,-0.005,0.0107501995370709));
#5839=CARTESIAN_POINT('',(0.099631024654835,-0.005,0.010956727139234));
#5840=CARTESIAN_POINT('',(0.0934403841469139,-0.005,0.0120280719556601));
#5841=CARTESIAN_POINT('',(0.0937668520576558,-0.005,0.0121610518480368));
#5842=CARTESIAN_POINT('',(0.094217892062634,-0.005,0.0123447735840668));
#5843=CARTESIAN_POINT('',(0.0943451624629278,-0.005,0.0123799132888095));
#5844=CARTESIAN_POINT('',(0.0945625342272494,-0.005,0.0124390374703343));
#5845=CARTESIAN_POINT('',(0.0948401535288502,-0.005,0.0124961003108877));
#5846=CARTESIAN_POINT('',(0.0952102768468866,-0.005,0.0125549139026053));
#5847=CARTESIAN_POINT('',(0.0956626510876998,-0.005,0.0126030753056811));
#5848=CARTESIAN_POINT('',(0.0962004227847366,-0.005,0.0126334704439295));
#5849=CARTESIAN_POINT('',(0.0968215143447206,-0.005,0.0126375952505494));
#5850=CARTESIAN_POINT('',(0.0975253739349954,-0.005,0.0126062832457812));
#5851=CARTESIAN_POINT('',(0.0983071970914978,-0.005,0.0125353626170305));
#5852=CARTESIAN_POINT('',(0.0988718681250268,-0.005,0.0124475162147231));
#5853=CARTESIAN_POINT('',(0.099161266445495,-0.005,0.0124024942465728));
#5854=CARTESIAN_POINT('',(0.094210600427398,-0.005,0.0123362645267973));
#5855=CARTESIAN_POINT('',(0.0939105882481356,-0.005,0.0131464449432361));
#5856=CARTESIAN_POINT('',(0.0931173673419511,-0.005,0.0128040997827936));
#5857=CARTESIAN_POINT('',(0.06345,-0.005,0.));
#5858=CARTESIAN_POINT('',(0.09281664399707,-0.005,0.0134795354741679));
#5859=CARTESIAN_POINT('',(0.0936018244175119,-0.005,0.0138399398612686));
#5860=CARTESIAN_POINT('',(0.0932004903647572,-0.005,0.0146050088731794));
#5861=CARTESIAN_POINT('',(0.0924560833634781,-0.005,0.0142388477118395));
#5862=CARTESIAN_POINT('',(0.0927733563534619,-0.005,0.0143924797343722));
#5863=CARTESIAN_POINT('',(0.0932116928829435,-0.005,0.014604733943524));
#5864=CARTESIAN_POINT('',(0.0933229672928119,-0.005,0.0146758012309971));
#5865=CARTESIAN_POINT('',(0.0935123552228385,-0.005,0.0147977781334234));
#5866=CARTESIAN_POINT('',(0.0937405247491398,-0.005,0.0149659069877606));
#5867=CARTESIAN_POINT('',(0.0940318926057178,-0.005,0.0152016082420597));
#5868=CARTESIAN_POINT('',(0.0943703809532577,-0.005,0.0155055615494561));
#5869=CARTESIAN_POINT('',(0.0947528084446875,-0.005,0.0158848654861107));
#5870=CARTESIAN_POINT('',(0.0951714651455197,-0.005,0.0163436664307058));
#5871=CARTESIAN_POINT('',(0.095619169785633,-0.005,0.0168876878638179));
#5872=CARTESIAN_POINT('',(0.0960896072901331,-0.005,0.0175161508603306));
#5873=CARTESIAN_POINT('',(0.0964021633618801,-0.005,0.0179945639334369));
#5874=CARTESIAN_POINT('',(0.0965623507928706,-0.005,0.0182397543746426));
#5875=CARTESIAN_POINT('',(0.09028424552081,-0.005,0.0180005812011415));
#5876=CARTESIAN_POINT('',(0.09057593125015,-0.005,0.0181985316591357));
#5877=CARTESIAN_POINT('',(0.0909789170520764,-0.005,0.0184720151244976));
#5878=CARTESIAN_POINT('',(0.0910961003333404,-0.005,0.0185328479464982));
#5879=CARTESIAN_POINT('',(0.0912964293945298,-0.005,0.0186358742538583));
#5880=CARTESIAN_POINT('',(0.0915561180166456,-0.005,0.018749410432836));
#5881=CARTESIAN_POINT('',(0.0919059252188615,-0.005,0.0188838917713293));
#5882=CARTESIAN_POINT('',(0.092338400678401,-0.005,0.0190250546254856));
#5883=CARTESIAN_POINT('',(0.0928581012690143,-0.005,0.0191665945798421));
#5884=CARTESIAN_POINT('',(0.09346476289273,-0.005,0.0192997614459298));
#5885=CARTESIAN_POINT('',(0.094159751594065,-0.005,0.019415474321104));
#5886=CARTESIAN_POINT('',(0.0949392352666335,-0.005,0.0195086536526378));
#5887=CARTESIAN_POINT('',(0.0955098311773197,-0.005,0.0195401286143246));
#5888=CARTESIAN_POINT('',(0.0958022660436641,-0.005,0.0195562597783265));
#5889=CARTESIAN_POINT('',(0.090973553889049,-0.005,0.0184621759943342));
#5890=CARTESIAN_POINT('',(0.0905116517154635,-0.005,0.0191922759853789));
#5891=CARTESIAN_POINT('',(0.089806942150378,-0.005,0.0186924919882724));
#5892=CARTESIAN_POINT('',(0.06345,-0.005,0.));
#5893=CARTESIAN_POINT('',(0.0893723593554656,-0.005,0.0192906438901377));
#5894=CARTESIAN_POINT('',(0.0900654494143637,-0.005,0.0198064207654851));
#5895=CARTESIAN_POINT('',(0.0895138186817103,-0.005,0.0204713291423905));
#5896=CARTESIAN_POINT('',(0.0888618079456058,-0.005,0.0199583985626515));
#5897=CARTESIAN_POINT('',(0.0891402058659675,-0.005,0.020174638120686));
#5898=CARTESIAN_POINT('',(0.089524833559086,-0.005,0.0204733893551052));
#5899=CARTESIAN_POINT('',(0.0896189006362215,-0.005,0.0205660389025382));
#5900=CARTESIAN_POINT('',(0.0897787895615607,-0.005,0.0207247262817437));
#5901=CARTESIAN_POINT('',(0.0899670170818925,-0.005,0.0209366202292342));
#5902=CARTESIAN_POINT('',(0.090203012805426,-0.005,0.0212277496293279));
#5903=CARTESIAN_POINT('',(0.0904709089243781,-0.005,0.0215954365123518));
#5904=CARTESIAN_POINT('',(0.0907661177347711,-0.005,0.0220459628942978));
#5905=CARTESIAN_POINT('',(0.0910802357020817,-0.005,0.0225817815600101));
#5906=CARTESIAN_POINT('',(0.0914050485056464,-0.005,0.0232069978482695));
#5907=CARTESIAN_POINT('',(0.0917345410177471,-0.005,0.0239195368774429));
#5908=CARTESIAN_POINT('',(0.0919407993184823,-0.005,0.0244524795384139));
#5909=CARTESIAN_POINT('',(0.0920465083105699,-0.005,0.024725616819827));
#5910=CARTESIAN_POINT('',(0.0859553216004505,-0.005,0.0231863786717611));
#5911=CARTESIAN_POINT('',(0.0861994770823529,-0.005,0.0234406483104867));
#5912=CARTESIAN_POINT('',(0.086536796267943,-0.005,0.0237919409654249));
#5913=CARTESIAN_POINT('',(0.0866387709584781,-0.005,0.0238758082184539));
#5914=CARTESIAN_POINT('',(0.0868133019752758,-0.005,0.0240182339076424));
#5915=CARTESIAN_POINT('',(0.087043710278996,-0.005,0.0241832813492163));
#5916=CARTESIAN_POINT('',(0.0873579131120933,-0.005,0.0243875529546798));
#5917=CARTESIAN_POINT('',(0.0877515885375299,-0.005,0.0246155477658157));
#5918=CARTESIAN_POINT('',(0.0882305046121096,-0.005,0.0248620465610907));
#5919=CARTESIAN_POINT('',(0.0887962222755153,-0.005,0.0251184354555927));
#5920=CARTESIAN_POINT('',(0.0894519657467363,-0.005,0.0253761160028121));
#5921=CARTESIAN_POINT('',(0.0901950427585019,-0.005,0.0256293229107185));
#5922=CARTESIAN_POINT('',(0.0907466257670254,-0.005,0.02577874362954));
#5923=CARTESIAN_POINT('',(0.0910293163723286,-0.005,0.0258553229164212));
#5924=CARTESIAN_POINT('',(0.0865335959730839,-0.005,0.0237812017795691));
#5925=CARTESIAN_POINT('',(0.0859299911466133,-0.005,0.0243993124722027));
#5926=CARTESIAN_POINT('',(0.0853445921121928,-0.005,0.0237639325973356));
#5927=CARTESIAN_POINT('',(0.06345,-0.005,0.));
#5928=CARTESIAN_POINT('',(0.0847951432207464,-0.005,0.0242586586013288));
#5929=CARTESIAN_POINT('',(0.0853658515567119,-0.005,0.0249072660404984));
#5930=CARTESIAN_POINT('',(0.0846880330541946,-0.005,0.0254429540957432));
#5931=CARTESIAN_POINT('',(0.0841569145811269,-0.005,0.0248056716252536));
#5932=CARTESIAN_POINT('',(0.0843842701068454,-0.005,0.0250750680124714));
#5933=CARTESIAN_POINT('',(0.084698378887763,-0.005,0.0254472594096464));
#5934=CARTESIAN_POINT('',(0.0847711274495109,-0.005,0.0255574419872345));
#5935=CARTESIAN_POINT('',(0.0848945294568933,-0.005,0.0257459044432815));
#5936=CARTESIAN_POINT('',(0.0850345885254011,-0.005,0.0259923027016399));
#5937=CARTESIAN_POINT('',(0.0852048979703386,-0.005,0.0263261364957502));
#5938=CARTESIAN_POINT('',(0.0853904935147964,-0.005,0.0267414872732563));
#5939=CARTESIAN_POINT('',(0.0855855816025694,-0.005,0.0272435459357371));
#5940=CARTESIAN_POINT('',(0.0857814323738817,-0.005,0.0278329644757319));
#5941=CARTESIAN_POINT('',(0.0859691574627574,-0.005,0.0285120506672208));
#5942=CARTESIAN_POINT('',(0.0861433045785993,-0.005,0.0292775243543387));
#5943=CARTESIAN_POINT('',(0.0862342506308436,-0.005,0.0298417044515472));
#5944=CARTESIAN_POINT('',(0.086280861193826,-0.005,0.030130851163312));
#5945=CARTESIAN_POINT('',(0.0806428071336367,-0.005,0.0273588201338357));
#5946=CARTESIAN_POINT('',(0.0808287616019545,-0.005,0.0276582961499594));
#5947=CARTESIAN_POINT('',(0.0810856717041608,-0.005,0.0280720448197639));
#5948=CARTESIAN_POINT('',(0.0811679810206618,-0.005,0.0281752811024241));
#5949=CARTESIAN_POINT('',(0.0813090861501411,-0.005,0.0283508814873892));
#5950=CARTESIAN_POINT('',(0.0815001441869714,-0.005,0.0285602268263768));
#5951=CARTESIAN_POINT('',(0.0817650104794313,-0.005,0.0288253610494481));
#5952=CARTESIAN_POINT('',(0.0821026803656089,-0.005,0.0291302233502762));
#5953=CARTESIAN_POINT('',(0.0825198809936018,-0.005,0.0294709078062841));
#5954=CARTESIAN_POINT('',(0.083019930120192,-0.005,0.0298393133042201));
#5955=CARTESIAN_POINT('',(0.0836077692250005,-0.005,0.0302276996470828));
#5956=CARTESIAN_POINT('',(0.0842819635448699,-0.005,0.0306298677744646));
#5957=CARTESIAN_POINT('',(0.0847904268269693,-0.005,0.0308907038480083));
#5958=CARTESIAN_POINT('',(0.0850510182352795,-0.005,0.031024384375464));
#5959=CARTESIAN_POINT('',(0.081084774145712,-0.005,0.0280608749321699));
#5960=CARTESIAN_POINT('',(0.0803658470936904,-0.005,0.0285399819231001));
#5961=CARTESIAN_POINT('',(0.0799253433367954,-0.005,0.0277967753198948));
#5962=CARTESIAN_POINT('',(0.06345,-0.005,0.));
#5963=CARTESIAN_POINT('',(0.0792850419019195,-0.005,0.0281664535256829));
#5964=CARTESIAN_POINT('',(0.0797084258221082,-0.005,0.0289195442712191));
#5965=CARTESIAN_POINT('',(0.0789340434708211,-0.005,0.0293025998662726));
#5966=CARTESIAN_POINT('',(0.0785470296866526,-0.005,0.0285688178070135));
#5967=CARTESIAN_POINT('',(0.078713406290281,-0.005,0.0288795971085858));
#5968=CARTESIAN_POINT('',(0.0789432680980105,-0.005,0.0293089621184876));
#5969=CARTESIAN_POINT('',(0.078991518683136,-0.005,0.0294318622188756));
#5970=CARTESIAN_POINT('',(0.0790730405126905,-0.005,0.0296418630380916));
#5971=CARTESIAN_POINT('',(0.0791588098760025,-0.005,0.0299119968210777));
#5972=CARTESIAN_POINT('',(0.0792559897023649,-0.005,0.0302739448704897));
#5973=CARTESIAN_POINT('',(0.0793511732564494,-0.005,0.0307188067204267));
#5974=CARTESIAN_POINT('',(0.0794376143360303,-0.005,0.0312504552907472));
#5975=CARTESIAN_POINT('',(0.0795066382928416,-0.005,0.0318677132864826));
#5976=CARTESIAN_POINT('',(0.0795490711798394,-0.005,0.0325709900560159));
#5977=CARTESIAN_POINT('',(0.0795602618348097,-0.005,0.0333559435278009));
#5978=CARTESIAN_POINT('',(0.0795319208596723,-0.005,0.0339267036837625));
#5979=CARTESIAN_POINT('',(0.0795173958882851,-0.005,0.0342192227270949));
#5980=CARTESIAN_POINT('',(0.074578884494841,-0.005,0.0303355498738772));
#5981=CARTESIAN_POINT('',(0.0746985108470002,-0.005,0.030667143728449));
#5982=CARTESIAN_POINT('',(0.0748637836615649,-0.005,0.0311252656108629));
#5983=CARTESIAN_POINT('',(0.0749228302919368,-0.005,0.0312433590022194));
#5984=CARTESIAN_POINT('',(0.0750243425628418,-0.005,0.0314444595035141));
#5985=CARTESIAN_POINT('',(0.0751677001797745,-0.005,0.0316889533440514));
#5986=CARTESIAN_POINT('',(0.0753716540036471,-0.005,0.0320033625469269));
#5987=CARTESIAN_POINT('',(0.07563856055622,-0.005,0.0323717683920096));
#5988=CARTESIAN_POINT('',(0.075975812068232,-0.005,0.0327917489632372));
#5989=CARTESIAN_POINT('',(0.0763883381116728,-0.005,0.0332560699765417));
#5990=CARTESIAN_POINT('',(0.0768825814604236,-0.005,0.0337581877681802));
#5991=CARTESIAN_POINT('',(0.0774584275614752,-0.005,0.0342917404380541));
#5992=CARTESIAN_POINT('',(0.0779015488318453,-0.005,0.0346525920782757));
#5993=CARTESIAN_POINT('',(0.078128651948163,-0.005,0.0348375313657856));
#5994=CARTESIAN_POINT('',(0.0748652280671376,-0.005,0.0311141531992177));
#5995=CARTESIAN_POINT('',(0.0740623993515332,-0.005,0.0314333172139304));
#5996=CARTESIAN_POINT('',(0.0737860430001114,-0.005,0.030614765577248));
#5997=CARTESIAN_POINT('',(0.06345,-0.005,0.));
#5998=CARTESIAN_POINT('',(0.0730828732670173,-0.005,0.0308432392733251));
#5999=CARTESIAN_POINT('',(0.0733404288624954,-0.005,0.0316678996459177));
#6000=CARTESIAN_POINT('',(0.0725033268870886,-0.005,0.0318815814131714));
#6001=CARTESIAN_POINT('',(0.0722773321512855,-0.005,0.0310833695622093));
#6002=CARTESIAN_POINT('',(0.0723754583768819,-0.005,0.0314219492313729));
#6003=CARTESIAN_POINT('',(0.0725110271474262,-0.005,0.0318897225427468));
#6004=CARTESIAN_POINT('',(0.0725326709738274,-0.005,0.0320199688418078));
#6005=CARTESIAN_POINT('',(0.0725687497304172,-0.005,0.0322423299806972));
#6006=CARTESIAN_POINT('',(0.0725964808557897,-0.005,0.0325243931457487));
#6007=CARTESIAN_POINT('',(0.0726162838388443,-0.005,0.0328986365838838));
#6008=CARTESIAN_POINT('',(0.0726168954245007,-0.005,0.0333535669087254));
#6009=CARTESIAN_POINT('',(0.0725909116059213,-0.005,0.0338915697932297));
#6010=CARTESIAN_POINT('',(0.0725300920701054,-0.005,0.0345096901083596));
#6011=CARTESIAN_POINT('',(0.072425378234448,-0.005,0.0352064208864125));
#6012=CARTESIAN_POINT('',(0.0722731233432258,-0.005,0.0359765479095229));
#6013=CARTESIAN_POINT('',(0.0721267339773152,-0.005,0.0365289431666109));
#6014=CARTESIAN_POINT('',(0.0720517082825064,-0.005,0.0368120500556553));
#6015=CARTESIAN_POINT('',(0.0680285762013081,-0.005,0.0319864705183115));
#6016=CARTESIAN_POINT('',(0.0680766461916883,-0.005,0.0323356899687228));
#6017=CARTESIAN_POINT('',(0.068143058503548,-0.005,0.0328181629391721));
#6018=CARTESIAN_POINT('',(0.0681762618267064,-0.005,0.0329459521913477));
#6019=CARTESIAN_POINT('',(0.0682337446656887,-0.005,0.033163763752078));
#6020=CARTESIAN_POINT('',(0.0683231364469577,-0.005,0.0334327205401218));
#6021=CARTESIAN_POINT('',(0.0684572640414606,-0.005,0.0337826635319332));
#6022=CARTESIAN_POINT('',(0.0686417421633217,-0.005,0.0341985118180329));
#6023=CARTESIAN_POINT('',(0.0688843050499655,-0.005,0.0346794333382272));
#6024=CARTESIAN_POINT('',(0.069191278642639,-0.005,0.0352193768105596));
#6025=CARTESIAN_POINT('',(0.069570325429349,-0.005,0.0358132810940507));
#6026=CARTESIAN_POINT('',(0.0700226560737508,-0.005,0.0364548994944734));
#6027=CARTESIAN_POINT('',(0.0703810688065445,-0.005,0.0368999957531371));
#6028=CARTESIAN_POINT('',(0.0705647581349251,-0.005,0.0371281110663999));
#6029=CARTESIAN_POINT('',(0.0681467817456877,-0.005,0.0328075936691877));
#6030=CARTESIAN_POINT('',(0.0672951388337719,-0.005,0.0329528657087213));
#6031=CARTESIAN_POINT('',(0.0671950079864855,-0.005,0.0320947436729313));
#6032=CARTESIAN_POINT('',(0.06345,-0.005,0.));
#6033=CARTESIAN_POINT('',(0.0664597018466921,-0.005,0.0321720274624404));
#6034=CARTESIAN_POINT('',(0.0665401727020484,-0.005,0.0330322158466475));
#6035=CARTESIAN_POINT('',(0.0656769364757081,-0.005,0.0330671848675136));
#6036=CARTESIAN_POINT('',(0.0656218378426681,-0.005,0.032239428912981));
#6037=CARTESIAN_POINT('',(0.0656474251033119,-0.005,0.0325910113935079));
#6038=CARTESIAN_POINT('',(0.0656827758308671,-0.005,0.0330767490680216));
#6039=CARTESIAN_POINT('',(0.0656768669594716,-0.005,0.0332086491774954));
#6040=CARTESIAN_POINT('',(0.0656659258283087,-0.005,0.0334336523872816));
#6041=CARTESIAN_POINT('',(0.0656344067324942,-0.005,0.0337153174205966));
#6042=CARTESIAN_POINT('',(0.0655759673868563,-0.005,0.0340855000133889));
#6043=CARTESIAN_POINT('',(0.0654819802748567,-0.005,0.0345306161749417));
#6044=CARTESIAN_POINT('',(0.0653447071756733,-0.005,0.0350514600659527));
#6045=CARTESIAN_POINT('',(0.0651567022527897,-0.005,0.0356434278766356));
#6046=CARTESIAN_POINT('',(0.064909418191568,-0.005,0.036303162184922));
#6047=CARTESIAN_POINT('',(0.0646003720234997,-0.005,0.0370248045129683));
#6048=CARTESIAN_POINT('',(0.0643423321845605,-0.005,0.0375346925477615));
#6049=CARTESIAN_POINT('',(0.0642100847492065,-0.005,0.037796014152969));
#6050=CARTESIAN_POINT('',(0.0612781621573319,-0.005,0.032239428912981));
#6051=CARTESIAN_POINT('',(0.0612525748966881,-0.005,0.0325910113935079));
#6052=CARTESIAN_POINT('',(0.0612172241691329,-0.005,0.0330767490680216));
#6053=CARTESIAN_POINT('',(0.0612231330405284,-0.005,0.0332086491774954));
#6054=CARTESIAN_POINT('',(0.0612340741716913,-0.005,0.0334336523872816));
#6055=CARTESIAN_POINT('',(0.0612655932675058,-0.005,0.0337153174205966));
#6056=CARTESIAN_POINT('',(0.0613240326131437,-0.005,0.0340855000133889));
#6057=CARTESIAN_POINT('',(0.0614180197251433,-0.005,0.0345306161749417));
#6058=CARTESIAN_POINT('',(0.0615552928243268,-0.005,0.0350514600659527));
#6059=CARTESIAN_POINT('',(0.0617432977472103,-0.005,0.0356434278766356));
#6060=CARTESIAN_POINT('',(0.061990581808432,-0.005,0.036303162184922));
#6061=CARTESIAN_POINT('',(0.0622996279765003,-0.005,0.0370248045129683));
#6062=CARTESIAN_POINT('',(0.0625576678154396,-0.005,0.0375346925477615));
#6063=CARTESIAN_POINT('',(0.0626899152507935,-0.005,0.037796014152969));
#6064=CARTESIAN_POINT('',(0.0612230635242919,-0.005,0.0330671848675136));
#6065=CARTESIAN_POINT('',(0.0603598272979516,-0.005,0.0330322158466475));
#6066=CARTESIAN_POINT('',(0.060440298153308,-0.005,0.0321720274624404));
#6067=CARTESIAN_POINT('',(0.06345,-0.005,0.));
#6068=CARTESIAN_POINT('',(0.06345,-0.005,0.));
#6069=CARTESIAN_POINT('',(0.06345,0.,0.));
#6070=CARTESIAN_POINT('',(0.06705,0.,0.));
#6071=CARTESIAN_POINT('',(0.06345,-0.005,0.));
#6072=CARTESIAN_POINT('',(0.100743821080204,-0.005,-0.00478862289575374));
#6073=CARTESIAN_POINT('',(0.100743821080204,0.,-0.00478862289575374));
#6074=CARTESIAN_POINT('',(0.06345,0.,0.));
#6075=CARTESIAN_POINT('',(0.100924472294742,0.,-0.00306984140153972));
#6076=CARTESIAN_POINT('',(0.100924472294742,-0.005,-0.00306984140153972));
#6077=CARTESIAN_POINT('',(0.06345,0.,0.));
#6078=CARTESIAN_POINT('',(0.0603598272979516,0.,0.0330322158466475));
#6079=CARTESIAN_POINT('',(0.0612230635242919,0.,0.0330671848675136));
#6080=CARTESIAN_POINT('',(0.060440298153308,0.,0.0321720274624404));
#6081=CARTESIAN_POINT('',(0.0612781621573319,0.,0.032239428912981));
#6082=CARTESIAN_POINT('',(0.0612525748966881,0.,0.0325910113935079));
#6083=CARTESIAN_POINT('',(0.0612172241691329,0.,0.0330767490680216));
#6084=CARTESIAN_POINT('',(0.0612231330405284,0.,0.0332086491774954));
#6085=CARTESIAN_POINT('',(0.0612340741716913,0.,0.0334336523872816));
#6086=CARTESIAN_POINT('',(0.0612655932675058,0.,0.0337153174205966));
#6087=CARTESIAN_POINT('',(0.0613240326131437,0.,0.0340855000133889));
#6088=CARTESIAN_POINT('',(0.0614180197251433,0.,0.0345306161749417));
#6089=CARTESIAN_POINT('',(0.0615552928243268,0.,0.0350514600659527));
#6090=CARTESIAN_POINT('',(0.0617432977472103,0.,0.0356434278766356));
#6091=CARTESIAN_POINT('',(0.061990581808432,0.,0.036303162184922));
#6092=CARTESIAN_POINT('',(0.0622996279765003,0.,0.0370248045129683));
#6093=CARTESIAN_POINT('',(0.0625576678154396,0.,0.0375346925477615));
#6094=CARTESIAN_POINT('',(0.0626899152507935,0.,0.037796014152969));
#6095=CARTESIAN_POINT('',(0.0656218378426681,0.,0.032239428912981));
#6096=CARTESIAN_POINT('',(0.0656474251033119,0.,0.0325910113935079));
#6097=CARTESIAN_POINT('',(0.0656827758308671,0.,0.0330767490680216));
#6098=CARTESIAN_POINT('',(0.0656768669594716,0.,0.0332086491774954));
#6099=CARTESIAN_POINT('',(0.0656659258283087,0.,0.0334336523872816));
#6100=CARTESIAN_POINT('',(0.0656344067324942,0.,0.0337153174205966));
#6101=CARTESIAN_POINT('',(0.0655759673868563,0.,0.0340855000133889));
#6102=CARTESIAN_POINT('',(0.0654819802748567,0.,0.0345306161749417));
#6103=CARTESIAN_POINT('',(0.0653447071756733,0.,0.0350514600659527));
#6104=CARTESIAN_POINT('',(0.0651567022527897,0.,0.0356434278766356));
#6105=CARTESIAN_POINT('',(0.064909418191568,0.,0.036303162184922));
#6106=CARTESIAN_POINT('',(0.0646003720234997,0.,0.0370248045129683));
#6107=CARTESIAN_POINT('',(0.0643423321845605,0.,0.0375346925477615));
#6108=CARTESIAN_POINT('',(0.0642100847492065,0.,0.037796014152969));
#6109=CARTESIAN_POINT('',(0.0656769364757081,0.,0.0330671848675136));
#6110=CARTESIAN_POINT('',(0.0665401727020484,0.,0.0330322158466475));
#6111=CARTESIAN_POINT('',(0.0664597018466921,0.,0.0321720274624404));
#6112=CARTESIAN_POINT('',(0.06345,0.,0.));
#6113=CARTESIAN_POINT('',(0.0671950079864855,0.,0.0320947436729313));
#6114=CARTESIAN_POINT('',(0.0672951388337719,0.,0.0329528657087213));
#6115=CARTESIAN_POINT('',(0.0681467817456877,0.,0.0328075936691877));
#6116=CARTESIAN_POINT('',(0.0680285762013081,0.,0.0319864705183115));
#6117=CARTESIAN_POINT('',(0.0680766461916883,0.,0.0323356899687228));
#6118=CARTESIAN_POINT('',(0.068143058503548,0.,0.0328181629391721));
#6119=CARTESIAN_POINT('',(0.0681762618267064,0.,0.0329459521913477));
#6120=CARTESIAN_POINT('',(0.0682337446656887,0.,0.033163763752078));
#6121=CARTESIAN_POINT('',(0.0683231364469577,0.,0.0334327205401218));
#6122=CARTESIAN_POINT('',(0.0684572640414606,0.,0.0337826635319332));
#6123=CARTESIAN_POINT('',(0.0686417421633217,0.,0.0341985118180329));
#6124=CARTESIAN_POINT('',(0.0688843050499655,0.,0.0346794333382272));
#6125=CARTESIAN_POINT('',(0.069191278642639,0.,0.0352193768105596));
#6126=CARTESIAN_POINT('',(0.069570325429349,0.,0.0358132810940507));
#6127=CARTESIAN_POINT('',(0.0700226560737508,0.,0.0364548994944734));
#6128=CARTESIAN_POINT('',(0.0703810688065445,0.,0.0368999957531371));
#6129=CARTESIAN_POINT('',(0.0705647581349251,0.,0.0371281110663999));
#6130=CARTESIAN_POINT('',(0.0722773321512855,0.,0.0310833695622093));
#6131=CARTESIAN_POINT('',(0.0723754583768819,0.,0.0314219492313729));
#6132=CARTESIAN_POINT('',(0.0725110271474262,0.,0.0318897225427468));
#6133=CARTESIAN_POINT('',(0.0725326709738274,0.,0.0320199688418078));
#6134=CARTESIAN_POINT('',(0.0725687497304172,0.,0.0322423299806972));
#6135=CARTESIAN_POINT('',(0.0725964808557897,0.,0.0325243931457487));
#6136=CARTESIAN_POINT('',(0.0726162838388443,0.,0.0328986365838838));
#6137=CARTESIAN_POINT('',(0.0726168954245007,0.,0.0333535669087254));
#6138=CARTESIAN_POINT('',(0.0725909116059213,0.,0.0338915697932297));
#6139=CARTESIAN_POINT('',(0.0725300920701054,0.,0.0345096901083596));
#6140=CARTESIAN_POINT('',(0.072425378234448,0.,0.0352064208864125));
#6141=CARTESIAN_POINT('',(0.0722731233432258,0.,0.0359765479095229));
#6142=CARTESIAN_POINT('',(0.0721267339773152,0.,0.0365289431666109));
#6143=CARTESIAN_POINT('',(0.0720517082825064,0.,0.0368120500556553));
#6144=CARTESIAN_POINT('',(0.0725033268870886,0.,0.0318815814131714));
#6145=CARTESIAN_POINT('',(0.0733404288624954,0.,0.0316678996459177));
#6146=CARTESIAN_POINT('',(0.0730828732670173,0.,0.0308432392733251));
#6147=CARTESIAN_POINT('',(0.06345,0.,0.));
#6148=CARTESIAN_POINT('',(0.0737860430001114,0.,0.030614765577248));
#6149=CARTESIAN_POINT('',(0.0740623993515332,0.,0.0314333172139304));
#6150=CARTESIAN_POINT('',(0.0748652280671376,0.,0.0311141531992177));
#6151=CARTESIAN_POINT('',(0.074578884494841,0.,0.0303355498738772));
#6152=CARTESIAN_POINT('',(0.0746985108470002,0.,0.030667143728449));
#6153=CARTESIAN_POINT('',(0.0748637836615649,0.,0.0311252656108629));
#6154=CARTESIAN_POINT('',(0.0749228302919368,0.,0.0312433590022194));
#6155=CARTESIAN_POINT('',(0.0750243425628418,0.,0.0314444595035141));
#6156=CARTESIAN_POINT('',(0.0751677001797745,0.,0.0316889533440514));
#6157=CARTESIAN_POINT('',(0.0753716540036471,0.,0.0320033625469269));
#6158=CARTESIAN_POINT('',(0.07563856055622,0.,0.0323717683920096));
#6159=CARTESIAN_POINT('',(0.075975812068232,0.,0.0327917489632372));
#6160=CARTESIAN_POINT('',(0.0763883381116728,0.,0.0332560699765417));
#6161=CARTESIAN_POINT('',(0.0768825814604236,0.,0.0337581877681802));
#6162=CARTESIAN_POINT('',(0.0774584275614752,0.,0.0342917404380541));
#6163=CARTESIAN_POINT('',(0.0779015488318453,0.,0.0346525920782757));
#6164=CARTESIAN_POINT('',(0.078128651948163,0.,0.0348375313657856));
#6165=CARTESIAN_POINT('',(0.0785470296866526,0.,0.0285688178070135));
#6166=CARTESIAN_POINT('',(0.078713406290281,0.,0.0288795971085858));
#6167=CARTESIAN_POINT('',(0.0789432680980105,0.,0.0293089621184876));
#6168=CARTESIAN_POINT('',(0.078991518683136,0.,0.0294318622188756));
#6169=CARTESIAN_POINT('',(0.0790730405126905,0.,0.0296418630380916));
#6170=CARTESIAN_POINT('',(0.0791588098760025,0.,0.0299119968210777));
#6171=CARTESIAN_POINT('',(0.0792559897023649,0.,0.0302739448704897));
#6172=CARTESIAN_POINT('',(0.0793511732564494,0.,0.0307188067204267));
#6173=CARTESIAN_POINT('',(0.0794376143360303,0.,0.0312504552907472));
#6174=CARTESIAN_POINT('',(0.0795066382928416,0.,0.0318677132864826));
#6175=CARTESIAN_POINT('',(0.0795490711798394,0.,0.0325709900560159));
#6176=CARTESIAN_POINT('',(0.0795602618348097,0.,0.0333559435278009));
#6177=CARTESIAN_POINT('',(0.0795319208596723,0.,0.0339267036837625));
#6178=CARTESIAN_POINT('',(0.0795173958882851,0.,0.0342192227270949));
#6179=CARTESIAN_POINT('',(0.0789340434708211,0.,0.0293025998662726));
#6180=CARTESIAN_POINT('',(0.0797084258221082,0.,0.0289195442712191));
#6181=CARTESIAN_POINT('',(0.0792850419019195,0.,0.0281664535256829));
#6182=CARTESIAN_POINT('',(0.06345,0.,0.));
#6183=CARTESIAN_POINT('',(0.0799253433367954,0.,0.0277967753198948));
#6184=CARTESIAN_POINT('',(0.0803658470936904,0.,0.0285399819231001));
#6185=CARTESIAN_POINT('',(0.081084774145712,0.,0.0280608749321699));
#6186=CARTESIAN_POINT('',(0.0806428071336367,0.,0.0273588201338357));
#6187=CARTESIAN_POINT('',(0.0808287616019545,0.,0.0276582961499594));
#6188=CARTESIAN_POINT('',(0.0810856717041608,0.,0.0280720448197639));
#6189=CARTESIAN_POINT('',(0.0811679810206618,0.,0.0281752811024241));
#6190=CARTESIAN_POINT('',(0.0813090861501411,0.,0.0283508814873892));
#6191=CARTESIAN_POINT('',(0.0815001441869714,0.,0.0285602268263768));
#6192=CARTESIAN_POINT('',(0.0817650104794313,0.,0.0288253610494481));
#6193=CARTESIAN_POINT('',(0.0821026803656089,0.,0.0291302233502762));
#6194=CARTESIAN_POINT('',(0.0825198809936018,0.,0.0294709078062841));
#6195=CARTESIAN_POINT('',(0.083019930120192,0.,0.0298393133042201));
#6196=CARTESIAN_POINT('',(0.0836077692250005,0.,0.0302276996470828));
#6197=CARTESIAN_POINT('',(0.0842819635448699,0.,0.0306298677744646));
#6198=CARTESIAN_POINT('',(0.0847904268269693,0.,0.0308907038480083));
#6199=CARTESIAN_POINT('',(0.0850510182352795,0.,0.031024384375464));
#6200=CARTESIAN_POINT('',(0.0841569145811269,0.,0.0248056716252536));
#6201=CARTESIAN_POINT('',(0.0843842701068454,0.,0.0250750680124714));
#6202=CARTESIAN_POINT('',(0.084698378887763,0.,0.0254472594096464));
#6203=CARTESIAN_POINT('',(0.0847711274495109,0.,0.0255574419872345));
#6204=CARTESIAN_POINT('',(0.0848945294568933,0.,0.0257459044432815));
#6205=CARTESIAN_POINT('',(0.0850345885254011,0.,0.0259923027016399));
#6206=CARTESIAN_POINT('',(0.0852048979703386,0.,0.0263261364957502));
#6207=CARTESIAN_POINT('',(0.0853904935147964,0.,0.0267414872732563));
#6208=CARTESIAN_POINT('',(0.0855855816025694,0.,0.0272435459357371));
#6209=CARTESIAN_POINT('',(0.0857814323738817,0.,0.0278329644757319));
#6210=CARTESIAN_POINT('',(0.0859691574627574,0.,0.0285120506672208));
#6211=CARTESIAN_POINT('',(0.0861433045785993,0.,0.0292775243543387));
#6212=CARTESIAN_POINT('',(0.0862342506308436,0.,0.0298417044515472));
#6213=CARTESIAN_POINT('',(0.086280861193826,0.,0.030130851163312));
#6214=CARTESIAN_POINT('',(0.0846880330541946,0.,0.0254429540957432));
#6215=CARTESIAN_POINT('',(0.0853658515567119,0.,0.0249072660404984));
#6216=CARTESIAN_POINT('',(0.0847951432207464,0.,0.0242586586013288));
#6217=CARTESIAN_POINT('',(0.06345,0.,0.));
#6218=CARTESIAN_POINT('',(0.0853445921121928,0.,0.0237639325973356));
#6219=CARTESIAN_POINT('',(0.0859299911466133,0.,0.0243993124722027));
#6220=CARTESIAN_POINT('',(0.0865335959730839,0.,0.0237812017795691));
#6221=CARTESIAN_POINT('',(0.0859553216004505,0.,0.0231863786717611));
#6222=CARTESIAN_POINT('',(0.0861994770823529,0.,0.0234406483104867));
#6223=CARTESIAN_POINT('',(0.086536796267943,0.,0.0237919409654249));
#6224=CARTESIAN_POINT('',(0.0866387709584781,0.,0.0238758082184539));
#6225=CARTESIAN_POINT('',(0.0868133019752758,0.,0.0240182339076424));
#6226=CARTESIAN_POINT('',(0.087043710278996,0.,0.0241832813492163));
#6227=CARTESIAN_POINT('',(0.0873579131120933,0.,0.0243875529546798));
#6228=CARTESIAN_POINT('',(0.0877515885375299,0.,0.0246155477658157));
#6229=CARTESIAN_POINT('',(0.0882305046121096,0.,0.0248620465610907));
#6230=CARTESIAN_POINT('',(0.0887962222755153,0.,0.0251184354555927));
#6231=CARTESIAN_POINT('',(0.0894519657467363,0.,0.0253761160028121));
#6232=CARTESIAN_POINT('',(0.0901950427585019,0.,0.0256293229107185));
#6233=CARTESIAN_POINT('',(0.0907466257670254,0.,0.02577874362954));
#6234=CARTESIAN_POINT('',(0.0910293163723286,0.,0.0258553229164212));
#6235=CARTESIAN_POINT('',(0.0888618079456058,0.,0.0199583985626515));
#6236=CARTESIAN_POINT('',(0.0891402058659675,0.,0.020174638120686));
#6237=CARTESIAN_POINT('',(0.089524833559086,0.,0.0204733893551052));
#6238=CARTESIAN_POINT('',(0.0896189006362215,0.,0.0205660389025382));
#6239=CARTESIAN_POINT('',(0.0897787895615607,0.,0.0207247262817437));
#6240=CARTESIAN_POINT('',(0.0899670170818925,0.,0.0209366202292342));
#6241=CARTESIAN_POINT('',(0.090203012805426,0.,0.0212277496293279));
#6242=CARTESIAN_POINT('',(0.0904709089243781,0.,0.0215954365123518));
#6243=CARTESIAN_POINT('',(0.0907661177347711,0.,0.0220459628942978));
#6244=CARTESIAN_POINT('',(0.0910802357020817,0.,0.0225817815600101));
#6245=CARTESIAN_POINT('',(0.0914050485056464,0.,0.0232069978482695));
#6246=CARTESIAN_POINT('',(0.0917345410177471,0.,0.0239195368774429));
#6247=CARTESIAN_POINT('',(0.0919407993184823,0.,0.0244524795384139));
#6248=CARTESIAN_POINT('',(0.0920465083105699,0.,0.024725616819827));
#6249=CARTESIAN_POINT('',(0.0895138186817103,0.,0.0204713291423905));
#6250=CARTESIAN_POINT('',(0.0900654494143637,0.,0.0198064207654851));
#6251=CARTESIAN_POINT('',(0.0893723593554656,0.,0.0192906438901377));
#6252=CARTESIAN_POINT('',(0.06345,0.,0.));
#6253=CARTESIAN_POINT('',(0.089806942150378,0.,0.0186924919882724));
#6254=CARTESIAN_POINT('',(0.0905116517154635,0.,0.0191922759853789));
#6255=CARTESIAN_POINT('',(0.090973553889049,0.,0.0184621759943342));
#6256=CARTESIAN_POINT('',(0.09028424552081,0.,0.0180005812011415));
#6257=CARTESIAN_POINT('',(0.09057593125015,0.,0.0181985316591357));
#6258=CARTESIAN_POINT('',(0.0909789170520764,0.,0.0184720151244976));
#6259=CARTESIAN_POINT('',(0.0910961003333404,0.,0.0185328479464982));
#6260=CARTESIAN_POINT('',(0.0912964293945298,0.,0.0186358742538583));
#6261=CARTESIAN_POINT('',(0.0915561180166456,0.,0.018749410432836));
#6262=CARTESIAN_POINT('',(0.0919059252188615,0.,0.0188838917713293));
#6263=CARTESIAN_POINT('',(0.092338400678401,0.,0.0190250546254856));
#6264=CARTESIAN_POINT('',(0.0928581012690143,0.,0.0191665945798421));
#6265=CARTESIAN_POINT('',(0.09346476289273,0.,0.0192997614459298));
#6266=CARTESIAN_POINT('',(0.094159751594065,0.,0.019415474321104));
#6267=CARTESIAN_POINT('',(0.0949392352666335,0.,0.0195086536526378));
#6268=CARTESIAN_POINT('',(0.0955098311773197,0.,0.0195401286143246));
#6269=CARTESIAN_POINT('',(0.0958022660436641,0.,0.0195562597783265));
#6270=CARTESIAN_POINT('',(0.0924560833634781,0.,0.0142388477118395));
#6271=CARTESIAN_POINT('',(0.0927733563534619,0.,0.0143924797343722));
#6272=CARTESIAN_POINT('',(0.0932116928829435,0.,0.014604733943524));
#6273=CARTESIAN_POINT('',(0.0933229672928119,0.,0.0146758012309971));
#6274=CARTESIAN_POINT('',(0.0935123552228385,0.,0.0147977781334234));
#6275=CARTESIAN_POINT('',(0.0937405247491398,0.,0.0149659069877606));
#6276=CARTESIAN_POINT('',(0.0940318926057178,0.,0.0152016082420597));
#6277=CARTESIAN_POINT('',(0.0943703809532577,0.,0.0155055615494561));
#6278=CARTESIAN_POINT('',(0.0947528084446875,0.,0.0158848654861107));
#6279=CARTESIAN_POINT('',(0.0951714651455197,0.,0.0163436664307058));
#6280=CARTESIAN_POINT('',(0.095619169785633,0.,0.0168876878638179));
#6281=CARTESIAN_POINT('',(0.0960896072901331,0.,0.0175161508603306));
#6282=CARTESIAN_POINT('',(0.0964021633618801,0.,0.0179945639334369));
#6283=CARTESIAN_POINT('',(0.0965623507928706,0.,0.0182397543746426));
#6284=CARTESIAN_POINT('',(0.0932004903647572,0.,0.0146050088731794));
#6285=CARTESIAN_POINT('',(0.0936018244175119,0.,0.0138399398612686));
#6286=CARTESIAN_POINT('',(0.09281664399707,0.,0.0134795354741679));
#6287=CARTESIAN_POINT('',(0.06345,0.,0.));
#6288=CARTESIAN_POINT('',(0.0931173673419511,0.,0.0128040997827936));
#6289=CARTESIAN_POINT('',(0.0939105882481356,0.,0.0131464449432361));
#6290=CARTESIAN_POINT('',(0.094210600427398,0.,0.0123362645267973));
#6291=CARTESIAN_POINT('',(0.0934403841469139,0.,0.0120280719556601));
#6292=CARTESIAN_POINT('',(0.0937668520576558,0.,0.0121610518480368));
#6293=CARTESIAN_POINT('',(0.094217892062634,0.,0.0123447735840668));
#6294=CARTESIAN_POINT('',(0.0943451624629278,0.,0.0123799132888095));
#6295=CARTESIAN_POINT('',(0.0945625342272494,0.,0.0124390374703343));
#6296=CARTESIAN_POINT('',(0.0948401535288502,0.,0.0124961003108877));
#6297=CARTESIAN_POINT('',(0.0952102768468866,0.,0.0125549139026053));
#6298=CARTESIAN_POINT('',(0.0956626510876998,0.,0.0126030753056811));
#6299=CARTESIAN_POINT('',(0.0962004227847366,0.,0.0126334704439295));
#6300=CARTESIAN_POINT('',(0.0968215143447206,0.,0.0126375952505494));
#6301=CARTESIAN_POINT('',(0.0975253739349954,0.,0.0126062832457812));
#6302=CARTESIAN_POINT('',(0.0983071970914978,0.,0.0125353626170305));
#6303=CARTESIAN_POINT('',(0.0988718681250268,0.,0.0124475162147231));
#6304=CARTESIAN_POINT('',(0.099161266445495,0.,0.0124024942465728));
#6305=CARTESIAN_POINT('',(0.094782653751736,0.,0.00789699089044824));
#6306=CARTESIAN_POINT('',(0.0951249354592348,0.,0.00798130092088614));
#6307=CARTESIAN_POINT('',(0.0955978234153692,0.,0.0080977815773219));
#6308=CARTESIAN_POINT('',(0.0957214419323054,0.,0.00814416062335387));
#6309=CARTESIAN_POINT('',(0.095932051705693,0.,0.00822409607305481));
#6310=CARTESIAN_POINT('',(0.0961901911347857,0.,0.00834111179653247));
#6311=CARTESIAN_POINT('',(0.0965241969509376,0.,0.00851108362920401));
#6312=CARTESIAN_POINT('',(0.0969184839620306,0.,0.00873801914290976));
#6313=CARTESIAN_POINT('',(0.0973714162180309,0.,0.00902952323213899));
#6314=CARTESIAN_POINT('',(0.0978763143456207,0.,0.00939125465276689));
#6315=CARTESIAN_POINT('',(0.0984273439811843,0.,0.00983030488360041));
#6316=CARTESIAN_POINT('',(0.0990181661017276,0.,0.0103472249988045));
#6317=CARTESIAN_POINT('',(0.0994233597443406,0.,0.0107501995370709));
#6318=CARTESIAN_POINT('',(0.099631024654835,0.,0.010956727139234));
#6319=CARTESIAN_POINT('',(0.0955869228601725,0.,0.00810037963360226));
#6320=CARTESIAN_POINT('',(0.0958204200091087,0.,0.00726858717371498));
#6321=CARTESIAN_POINT('',(0.0949774653792101,0.,0.00707930667598958));
#6322=CARTESIAN_POINT('',(0.06345,0.,0.));
#6323=CARTESIAN_POINT('',(0.0951311862208578,0.,0.0063561069759192));
#6324=CARTESIAN_POINT('',(0.095978250908245,0.,0.00652605117343198));
#6325=CARTESIAN_POINT('',(0.0961032611213322,0.,0.00567119910347453));
#6326=CARTESIAN_POINT('',(0.095285799075968,0.,0.0055298782486235));
#6327=CARTESIAN_POINT('',(0.0956327809538455,0.,0.00559207571597754));
#6328=CARTESIAN_POINT('',(0.0961121625493279,0.,0.0056780062012165));
#6329=CARTESIAN_POINT('',(0.0962439577414476,0.,0.00568591701498486));
#6330=CARTESIAN_POINT('',(0.0964688720197351,0.,0.00569855506023256));
#6331=CARTESIAN_POINT('',(0.0967522887051756,0.,0.00569665064241145));
#6332=CARTESIAN_POINT('',(0.0971265519739856,0.,0.0056772260511766));
#6333=CARTESIAN_POINT('',(0.0975790540710164,0.,0.00563028111875326));
#6334=CARTESIAN_POINT('',(0.0981113936708014,0.,0.0055482030275));
#6335=CARTESIAN_POINT('',(0.0987197704855545,0.,0.00542310550080988));
#6336=CARTESIAN_POINT('',(0.099401738923181,0.,0.00524613710095941));
#6337=CARTESIAN_POINT('',(0.100151732140075,0.,0.00501421608371539));
#6338=CARTESIAN_POINT('',(0.100685799462689,0.,0.00481088762672853));
#6339=CARTESIAN_POINT('',(0.100959513141989,0.,0.00470668020247369));
#6340=CARTESIAN_POINT('',(0.0957398368202892,0.,0.00120999767317782));
#6341=CARTESIAN_POINT('',(0.0960921678922354,0.,0.00122130095862639));
#6342=CARTESIAN_POINT('',(0.0965789398021713,0.,0.00123691729872367));
#6343=CARTESIAN_POINT('',(0.0967094997037978,0.,0.00125658111645156));
#6344=CARTESIAN_POINT('',(0.0969321266628315,0.,0.00129098155070237));
#6345=CARTESIAN_POINT('',(0.0972089540629739,0.,0.00135176999470077));
#6346=CARTESIAN_POINT('',(0.0975710001817961,0.,0.00144858382104166));
#6347=CARTESIAN_POINT('',(0.0980038536220584,0.,0.00158858337015042));
#6348=CARTESIAN_POINT('',(0.098507495329632,0.,0.00177954748446314));
#6349=CARTESIAN_POINT('',(0.0990765684130336,0.,0.00202839998226245));
#6350=CARTESIAN_POINT('',(0.0997068404048399,0.,0.00234329040893316));
#6351=CARTESIAN_POINT('',(0.10039222537968,0.,0.00272607575333634));
#6352=CARTESIAN_POINT('',(0.100872347686642,0.,0.00303599983575418));
#6353=CARTESIAN_POINT('',(0.101118414123564,0.,0.00319483835163097));
#6354=CARTESIAN_POINT('',(0.0965688176165331,0.,0.00124172493410266));
#6355=CARTESIAN_POINT('',(0.0966242729157986,0.,0.000379562348119013));
#6356=CARTESIAN_POINT('',(0.0957603852387149,0.,0.00036967820578808));
#6357=CARTESIAN_POINT('',(0.06345,0.,0.));
#6358=CARTESIAN_POINT('',(0.0957603852387149,0.,-0.00036967820578808));
#6359=CARTESIAN_POINT('',(0.0966242729157986,0.,-0.000379562348119013));
#6360=CARTESIAN_POINT('',(0.0965688176165331,0.,-0.00124172493410266));
#6361=CARTESIAN_POINT('',(0.0957398368202892,0.,-0.00120999767317782));
#6362=CARTESIAN_POINT('',(0.0960921678922354,0.,-0.00122130095862639));
#6363=CARTESIAN_POINT('',(0.0965789398021713,0.,-0.00123691729872367));
#6364=CARTESIAN_POINT('',(0.0967094997037978,0.,-0.00125658111645156));
#6365=CARTESIAN_POINT('',(0.0969321266628315,0.,-0.00129098155070237));
#6366=CARTESIAN_POINT('',(0.0972089540629739,0.,-0.00135176999470077));
#6367=CARTESIAN_POINT('',(0.0975710001817961,0.,-0.00144858382104166));
#6368=CARTESIAN_POINT('',(0.0980038536220584,0.,-0.00158858337015042));
#6369=CARTESIAN_POINT('',(0.098507495329632,0.,-0.00177954748446314));
#6370=CARTESIAN_POINT('',(0.0990765684130336,0.,-0.00202839998226245));
#6371=CARTESIAN_POINT('',(0.0997068404048399,0.,-0.00234329040893316));
#6372=CARTESIAN_POINT('',(0.10039222537968,0.,-0.00272607575333634));
#6373=CARTESIAN_POINT('',(0.100872347686642,0.,-0.00303599983575418));
#6374=CARTESIAN_POINT('',(0.101118414123564,0.,-0.00319483835163097));
#6375=CARTESIAN_POINT('',(0.0952857990759679,0.,-0.00552987824862351));
#6376=CARTESIAN_POINT('',(0.0956327809538455,0.,-0.00559207571597755));
#6377=CARTESIAN_POINT('',(0.0961121625493279,0.,-0.00567800620121651));
#6378=CARTESIAN_POINT('',(0.0962439577414476,0.,-0.00568591701498487));
#6379=CARTESIAN_POINT('',(0.0964688720197351,0.,-0.00569855506023258));
#6380=CARTESIAN_POINT('',(0.0967522887051756,0.,-0.00569665064241147));
#6381=CARTESIAN_POINT('',(0.0971265519739856,0.,-0.00567722605117662));
#6382=CARTESIAN_POINT('',(0.0975790540710165,0.,-0.00563028111875327));
#6383=CARTESIAN_POINT('',(0.0981113936708014,0.,-0.00554820302750002));
#6384=CARTESIAN_POINT('',(0.0987197704855544,0.,-0.0054231055008099));
#6385=CARTESIAN_POINT('',(0.099401738923181,0.,-0.00524613710095943));
#6386=CARTESIAN_POINT('',(0.100151732140074,0.,-0.00501421608371541));
#6387=CARTESIAN_POINT('',(0.100685799462689,0.,-0.00481088762672855));
#6388=CARTESIAN_POINT('',(0.100959513141989,0.,-0.00470668020247371));
#6389=CARTESIAN_POINT('',(0.0961032611213322,0.,-0.00567119910347455));
#6390=CARTESIAN_POINT('',(0.095978250908245,0.,-0.006526051173432));
#6391=CARTESIAN_POINT('',(0.0951311862208578,0.,-0.00635610697591922));
#6392=CARTESIAN_POINT('',(0.06345,0.,0.));
#6393=CARTESIAN_POINT('',(0.0949774653792101,0.,-0.00707930667598959));
#6394=CARTESIAN_POINT('',(0.0958204200091087,0.,-0.007268587173715));
#6395=CARTESIAN_POINT('',(0.0955869228601725,0.,-0.00810037963360227));
#6396=CARTESIAN_POINT('',(0.094782653751736,0.,-0.00789699089044826));
#6397=CARTESIAN_POINT('',(0.0951249354592348,0.,-0.00798130092088616));
#6398=CARTESIAN_POINT('',(0.0955978234153692,0.,-0.00809778157732192));
#6399=CARTESIAN_POINT('',(0.0957214419323054,0.,-0.00814416062335389));
#6400=CARTESIAN_POINT('',(0.095932051705693,0.,-0.00822409607305483));
#6401=CARTESIAN_POINT('',(0.0961901911347857,0.,-0.00834111179653248));
#6402=CARTESIAN_POINT('',(0.0965241969509376,0.,-0.00851108362920403));
#6403=CARTESIAN_POINT('',(0.0969184839620306,0.,-0.00873801914290978));
#6404=CARTESIAN_POINT('',(0.0973714162180309,0.,-0.00902952323213901));
#6405=CARTESIAN_POINT('',(0.0978763143456207,0.,-0.00939125465276691));
#6406=CARTESIAN_POINT('',(0.0984273439811843,0.,-0.00983030488360043));
#6407=CARTESIAN_POINT('',(0.0990181661017276,0.,-0.0103472249988045));
#6408=CARTESIAN_POINT('',(0.0994233597443406,0.,-0.0107501995370709));
#6409=CARTESIAN_POINT('',(0.099631024654835,0.,-0.0109567271392341));
#6410=CARTESIAN_POINT('',(0.0934403841469139,0.,-0.0120280719556601));
#6411=CARTESIAN_POINT('',(0.0937668520576558,0.,-0.0121610518480368));
#6412=CARTESIAN_POINT('',(0.094217892062634,0.,-0.0123447735840668));
#6413=CARTESIAN_POINT('',(0.0943451624629278,0.,-0.0123799132888095));
#6414=CARTESIAN_POINT('',(0.0945625342272494,0.,-0.0124390374703343));
#6415=CARTESIAN_POINT('',(0.0948401535288502,0.,-0.0124961003108877));
#6416=CARTESIAN_POINT('',(0.0952102768468866,0.,-0.0125549139026053));
#6417=CARTESIAN_POINT('',(0.0956626510876998,0.,-0.0126030753056811));
#6418=CARTESIAN_POINT('',(0.0962004227847366,0.,-0.0126334704439295));
#6419=CARTESIAN_POINT('',(0.0968215143447206,0.,-0.0126375952505494));
#6420=CARTESIAN_POINT('',(0.0975253739349954,0.,-0.0126062832457812));
#6421=CARTESIAN_POINT('',(0.0983071970914978,0.,-0.0125353626170305));
#6422=CARTESIAN_POINT('',(0.0988718681250268,0.,-0.0124475162147231));
#6423=CARTESIAN_POINT('',(0.099161266445495,0.,-0.0124024942465728));
#6424=CARTESIAN_POINT('',(0.094210600427398,0.,-0.0123362645267973));
#6425=CARTESIAN_POINT('',(0.0939105882481357,0.,-0.0131464449432361));
#6426=CARTESIAN_POINT('',(0.0931173673419511,0.,-0.0128040997827936));
#6427=CARTESIAN_POINT('',(0.06345,0.,0.));
#6428=CARTESIAN_POINT('',(0.09281664399707,0.,-0.0134795354741679));
#6429=CARTESIAN_POINT('',(0.0936018244175119,0.,-0.0138399398612686));
#6430=CARTESIAN_POINT('',(0.0932004903647571,0.,-0.0146050088731794));
#6431=CARTESIAN_POINT('',(0.0924560833634781,0.,-0.0142388477118395));
#6432=CARTESIAN_POINT('',(0.0927733563534619,0.,-0.0143924797343722));
#6433=CARTESIAN_POINT('',(0.0932116928829435,0.,-0.014604733943524));
#6434=CARTESIAN_POINT('',(0.0933229672928119,0.,-0.0146758012309971));
#6435=CARTESIAN_POINT('',(0.0935123552228385,0.,-0.0147977781334234));
#6436=CARTESIAN_POINT('',(0.0937405247491398,0.,-0.0149659069877606));
#6437=CARTESIAN_POINT('',(0.0940318926057178,0.,-0.0152016082420597));
#6438=CARTESIAN_POINT('',(0.0943703809532577,0.,-0.0155055615494561));
#6439=CARTESIAN_POINT('',(0.0947528084446875,0.,-0.0158848654861107));
#6440=CARTESIAN_POINT('',(0.0951714651455197,0.,-0.0163436664307058));
#6441=CARTESIAN_POINT('',(0.095619169785633,0.,-0.0168876878638179));
#6442=CARTESIAN_POINT('',(0.0960896072901331,0.,-0.0175161508603306));
#6443=CARTESIAN_POINT('',(0.0964021633618801,0.,-0.0179945639334369));
#6444=CARTESIAN_POINT('',(0.0965623507928706,0.,-0.0182397543746426));
#6445=CARTESIAN_POINT('',(0.09028424552081,0.,-0.0180005812011415));
#6446=CARTESIAN_POINT('',(0.09057593125015,0.,-0.0181985316591357));
#6447=CARTESIAN_POINT('',(0.0909789170520764,0.,-0.0184720151244976));
#6448=CARTESIAN_POINT('',(0.0910961003333404,0.,-0.0185328479464982));
#6449=CARTESIAN_POINT('',(0.0912964293945298,0.,-0.0186358742538583));
#6450=CARTESIAN_POINT('',(0.0915561180166456,0.,-0.018749410432836));
#6451=CARTESIAN_POINT('',(0.0919059252188615,0.,-0.0188838917713293));
#6452=CARTESIAN_POINT('',(0.092338400678401,0.,-0.0190250546254856));
#6453=CARTESIAN_POINT('',(0.0928581012690143,0.,-0.0191665945798421));
#6454=CARTESIAN_POINT('',(0.09346476289273,0.,-0.0192997614459298));
#6455=CARTESIAN_POINT('',(0.094159751594065,0.,-0.019415474321104));
#6456=CARTESIAN_POINT('',(0.0949392352666335,0.,-0.0195086536526378));
#6457=CARTESIAN_POINT('',(0.0955098311773197,0.,-0.0195401286143246));
#6458=CARTESIAN_POINT('',(0.0958022660436641,0.,-0.0195562597783265));
#6459=CARTESIAN_POINT('',(0.0909735538890491,0.,-0.0184621759943342));
#6460=CARTESIAN_POINT('',(0.0905116517154635,0.,-0.0191922759853789));
#6461=CARTESIAN_POINT('',(0.089806942150378,0.,-0.0186924919882724));
#6462=CARTESIAN_POINT('',(0.06345,0.,0.));
#6463=CARTESIAN_POINT('',(0.0893723593554656,0.,-0.0192906438901377));
#6464=CARTESIAN_POINT('',(0.0900654494143637,0.,-0.0198064207654851));
#6465=CARTESIAN_POINT('',(0.0895138186817103,0.,-0.0204713291423905));
#6466=CARTESIAN_POINT('',(0.0888618079456058,0.,-0.0199583985626515));
#6467=CARTESIAN_POINT('',(0.0891402058659675,0.,-0.020174638120686));
#6468=CARTESIAN_POINT('',(0.089524833559086,0.,-0.0204733893551052));
#6469=CARTESIAN_POINT('',(0.0896189006362215,0.,-0.0205660389025382));
#6470=CARTESIAN_POINT('',(0.0897787895615607,0.,-0.0207247262817437));
#6471=CARTESIAN_POINT('',(0.0899670170818925,0.,-0.0209366202292342));
#6472=CARTESIAN_POINT('',(0.090203012805426,0.,-0.0212277496293279));
#6473=CARTESIAN_POINT('',(0.090470908924378,0.,-0.0215954365123519));
#6474=CARTESIAN_POINT('',(0.0907661177347711,0.,-0.0220459628942978));
#6475=CARTESIAN_POINT('',(0.0910802357020817,0.,-0.0225817815600101));
#6476=CARTESIAN_POINT('',(0.0914050485056464,0.,-0.0232069978482695));
#6477=CARTESIAN_POINT('',(0.0917345410177471,0.,-0.0239195368774429));
#6478=CARTESIAN_POINT('',(0.0919407993184823,0.,-0.0244524795384139));
#6479=CARTESIAN_POINT('',(0.0920465083105699,0.,-0.024725616819827));
#6480=CARTESIAN_POINT('',(0.0859553216004505,0.,-0.0231863786717611));
#6481=CARTESIAN_POINT('',(0.0861994770823529,0.,-0.0234406483104867));
#6482=CARTESIAN_POINT('',(0.086536796267943,0.,-0.0237919409654249));
#6483=CARTESIAN_POINT('',(0.0866387709584781,0.,-0.023875808218454));
#6484=CARTESIAN_POINT('',(0.0868133019752758,0.,-0.0240182339076424));
#6485=CARTESIAN_POINT('',(0.087043710278996,0.,-0.0241832813492163));
#6486=CARTESIAN_POINT('',(0.0873579131120933,0.,-0.0243875529546798));
#6487=CARTESIAN_POINT('',(0.0877515885375299,0.,-0.0246155477658157));
#6488=CARTESIAN_POINT('',(0.0882305046121096,0.,-0.0248620465610907));
#6489=CARTESIAN_POINT('',(0.0887962222755153,0.,-0.0251184354555927));
#6490=CARTESIAN_POINT('',(0.0894519657467363,0.,-0.0253761160028122));
#6491=CARTESIAN_POINT('',(0.0901950427585019,0.,-0.0256293229107185));
#6492=CARTESIAN_POINT('',(0.0907466257670254,0.,-0.0257787436295401));
#6493=CARTESIAN_POINT('',(0.0910293163723286,0.,-0.0258553229164213));
#6494=CARTESIAN_POINT('',(0.0865335959730839,0.,-0.0237812017795692));
#6495=CARTESIAN_POINT('',(0.0859299911466132,0.,-0.0243993124722028));
#6496=CARTESIAN_POINT('',(0.0853445921121928,0.,-0.0237639325973356));
#6497=CARTESIAN_POINT('',(0.06345,0.,0.));
#6498=CARTESIAN_POINT('',(0.0847951432207464,0.,-0.0242586586013288));
#6499=CARTESIAN_POINT('',(0.0853658515567118,0.,-0.0249072660404984));
#6500=CARTESIAN_POINT('',(0.0846880330541946,0.,-0.0254429540957431));
#6501=CARTESIAN_POINT('',(0.0841569145811269,0.,-0.0248056716252536));
#6502=CARTESIAN_POINT('',(0.0843842701068453,0.,-0.0250750680124714));
#6503=CARTESIAN_POINT('',(0.084698378887763,0.,-0.0254472594096465));
#6504=CARTESIAN_POINT('',(0.0847711274495109,0.,-0.0255574419872346));
#6505=CARTESIAN_POINT('',(0.0848945294568933,0.,-0.0257459044432815));
#6506=CARTESIAN_POINT('',(0.085034588525401,0.,-0.0259923027016399));
#6507=CARTESIAN_POINT('',(0.0852048979703386,0.,-0.0263261364957502));
#6508=CARTESIAN_POINT('',(0.0853904935147964,0.,-0.0267414872732563));
#6509=CARTESIAN_POINT('',(0.0855855816025694,0.,-0.0272435459357371));
#6510=CARTESIAN_POINT('',(0.0857814323738817,0.,-0.0278329644757319));
#6511=CARTESIAN_POINT('',(0.0859691574627574,0.,-0.0285120506672208));
#6512=CARTESIAN_POINT('',(0.0861433045785993,0.,-0.0292775243543387));
#6513=CARTESIAN_POINT('',(0.0862342506308435,0.,-0.0298417044515472));
#6514=CARTESIAN_POINT('',(0.086280861193826,0.,-0.030130851163312));
#6515=CARTESIAN_POINT('',(0.0806428071336367,0.,-0.0273588201338357));
#6516=CARTESIAN_POINT('',(0.0808287616019545,0.,-0.0276582961499594));
#6517=CARTESIAN_POINT('',(0.0810856717041608,0.,-0.0280720448197639));
#6518=CARTESIAN_POINT('',(0.0811679810206618,0.,-0.0281752811024241));
#6519=CARTESIAN_POINT('',(0.0813090861501411,0.,-0.0283508814873892));
#6520=CARTESIAN_POINT('',(0.0815001441869714,0.,-0.0285602268263768));
#6521=CARTESIAN_POINT('',(0.0817650104794313,0.,-0.0288253610494481));
#6522=CARTESIAN_POINT('',(0.0821026803656089,0.,-0.0291302233502762));
#6523=CARTESIAN_POINT('',(0.0825198809936018,0.,-0.0294709078062841));
#6524=CARTESIAN_POINT('',(0.083019930120192,0.,-0.0298393133042201));
#6525=CARTESIAN_POINT('',(0.0836077692250005,0.,-0.0302276996470828));
#6526=CARTESIAN_POINT('',(0.0842819635448699,0.,-0.0306298677744646));
#6527=CARTESIAN_POINT('',(0.0847904268269693,0.,-0.0308907038480083));
#6528=CARTESIAN_POINT('',(0.0850510182352795,0.,-0.031024384375464));
#6529=CARTESIAN_POINT('',(0.081084774145712,0.,-0.02806087493217));
#6530=CARTESIAN_POINT('',(0.0803658470936904,0.,-0.0285399819231002));
#6531=CARTESIAN_POINT('',(0.0799253433367954,0.,-0.0277967753198948));
#6532=CARTESIAN_POINT('',(0.06345,0.,0.));
#6533=CARTESIAN_POINT('',(0.0792850419019195,0.,-0.0281664535256829));
#6534=CARTESIAN_POINT('',(0.0797084258221082,0.,-0.0289195442712191));
#6535=CARTESIAN_POINT('',(0.0789340434708211,0.,-0.0293025998662726));
#6536=CARTESIAN_POINT('',(0.0785470296866526,0.,-0.0285688178070135));
#6537=CARTESIAN_POINT('',(0.078713406290281,0.,-0.0288795971085858));
#6538=CARTESIAN_POINT('',(0.0789432680980105,0.,-0.0293089621184876));
#6539=CARTESIAN_POINT('',(0.078991518683136,0.,-0.0294318622188756));
#6540=CARTESIAN_POINT('',(0.0790730405126905,0.,-0.0296418630380916));
#6541=CARTESIAN_POINT('',(0.0791588098760025,0.,-0.0299119968210777));
#6542=CARTESIAN_POINT('',(0.0792559897023649,0.,-0.0302739448704897));
#6543=CARTESIAN_POINT('',(0.0793511732564494,0.,-0.0307188067204267));
#6544=CARTESIAN_POINT('',(0.0794376143360303,0.,-0.0312504552907472));
#6545=CARTESIAN_POINT('',(0.0795066382928416,0.,-0.0318677132864826));
#6546=CARTESIAN_POINT('',(0.0795490711798394,0.,-0.0325709900560159));
#6547=CARTESIAN_POINT('',(0.0795602618348097,0.,-0.0333559435278009));
#6548=CARTESIAN_POINT('',(0.0795319208596723,0.,-0.0339267036837625));
#6549=CARTESIAN_POINT('',(0.0795173958882851,0.,-0.0342192227270949));
#6550=CARTESIAN_POINT('',(0.074578884494841,0.,-0.0303355498738772));
#6551=CARTESIAN_POINT('',(0.0746985108470002,0.,-0.030667143728449));
#6552=CARTESIAN_POINT('',(0.0748637836615649,0.,-0.0311252656108629));
#6553=CARTESIAN_POINT('',(0.0749228302919368,0.,-0.0312433590022194));
#6554=CARTESIAN_POINT('',(0.0750243425628418,0.,-0.0314444595035141));
#6555=CARTESIAN_POINT('',(0.0751677001797745,0.,-0.0316889533440514));
#6556=CARTESIAN_POINT('',(0.0753716540036471,0.,-0.0320033625469269));
#6557=CARTESIAN_POINT('',(0.07563856055622,0.,-0.0323717683920096));
#6558=CARTESIAN_POINT('',(0.075975812068232,0.,-0.0327917489632372));
#6559=CARTESIAN_POINT('',(0.0763883381116727,0.,-0.0332560699765417));
#6560=CARTESIAN_POINT('',(0.0768825814604236,0.,-0.0337581877681802));
#6561=CARTESIAN_POINT('',(0.0774584275614752,0.,-0.0342917404380541));
#6562=CARTESIAN_POINT('',(0.0779015488318453,0.,-0.0346525920782757));
#6563=CARTESIAN_POINT('',(0.078128651948163,0.,-0.0348375313657856));
#6564=CARTESIAN_POINT('',(0.0748652280671376,0.,-0.0311141531992177));
#6565=CARTESIAN_POINT('',(0.0740623993515332,0.,-0.0314333172139304));
#6566=CARTESIAN_POINT('',(0.0737860430001114,0.,-0.030614765577248));
#6567=CARTESIAN_POINT('',(0.06345,0.,0.));
#6568=CARTESIAN_POINT('',(0.0730828732670173,0.,-0.0308432392733251));
#6569=CARTESIAN_POINT('',(0.0733404288624954,0.,-0.0316678996459177));
#6570=CARTESIAN_POINT('',(0.0725033268870886,0.,-0.0318815814131714));
#6571=CARTESIAN_POINT('',(0.0722773321512855,0.,-0.0310833695622093));
#6572=CARTESIAN_POINT('',(0.0723754583768819,0.,-0.0314219492313729));
#6573=CARTESIAN_POINT('',(0.0725110271474262,0.,-0.0318897225427468));
#6574=CARTESIAN_POINT('',(0.0725326709738274,0.,-0.0320199688418078));
#6575=CARTESIAN_POINT('',(0.0725687497304172,0.,-0.0322423299806972));
#6576=CARTESIAN_POINT('',(0.0725964808557897,0.,-0.0325243931457487));
#6577=CARTESIAN_POINT('',(0.0726162838388443,0.,-0.0328986365838838));
#6578=CARTESIAN_POINT('',(0.0726168954245007,0.,-0.0333535669087254));
#6579=CARTESIAN_POINT('',(0.0725909116059213,0.,-0.0338915697932297));
#6580=CARTESIAN_POINT('',(0.0725300920701054,0.,-0.0345096901083596));
#6581=CARTESIAN_POINT('',(0.072425378234448,0.,-0.0352064208864125));
#6582=CARTESIAN_POINT('',(0.0722731233432258,0.,-0.0359765479095229));
#6583=CARTESIAN_POINT('',(0.0721267339773152,0.,-0.0365289431666109));
#6584=CARTESIAN_POINT('',(0.0720517082825064,0.,-0.0368120500556553));
#6585=CARTESIAN_POINT('',(0.0680285762013081,0.,-0.0319864705183115));
#6586=CARTESIAN_POINT('',(0.0680766461916883,0.,-0.0323356899687228));
#6587=CARTESIAN_POINT('',(0.068143058503548,0.,-0.0328181629391721));
#6588=CARTESIAN_POINT('',(0.0681762618267063,0.,-0.0329459521913477));
#6589=CARTESIAN_POINT('',(0.0682337446656887,0.,-0.033163763752078));
#6590=CARTESIAN_POINT('',(0.0683231364469577,0.,-0.0334327205401218));
#6591=CARTESIAN_POINT('',(0.0684572640414606,0.,-0.0337826635319332));
#6592=CARTESIAN_POINT('',(0.0686417421633217,0.,-0.034198511818033));
#6593=CARTESIAN_POINT('',(0.0688843050499655,0.,-0.0346794333382273));
#6594=CARTESIAN_POINT('',(0.0691912786426389,0.,-0.0352193768105596));
#6595=CARTESIAN_POINT('',(0.069570325429349,0.,-0.0358132810940507));
#6596=CARTESIAN_POINT('',(0.0700226560737507,0.,-0.0364548994944734));
#6597=CARTESIAN_POINT('',(0.0703810688065445,0.,-0.0368999957531371));
#6598=CARTESIAN_POINT('',(0.0705647581349251,0.,-0.0371281110663999));
#6599=CARTESIAN_POINT('',(0.0681467817456877,0.,-0.0328075936691878));
#6600=CARTESIAN_POINT('',(0.0672951388337719,0.,-0.0329528657087213));
#6601=CARTESIAN_POINT('',(0.0671950079864854,0.,-0.0320947436729313));
#6602=CARTESIAN_POINT('',(0.06345,0.,0.));
#6603=CARTESIAN_POINT('',(0.066459701846692,0.,-0.0321720274624404));
#6604=CARTESIAN_POINT('',(0.0665401727020484,0.,-0.0330322158466475));
#6605=CARTESIAN_POINT('',(0.0656769364757081,0.,-0.0330671848675136));
#6606=CARTESIAN_POINT('',(0.0656218378426681,0.,-0.032239428912981));
#6607=CARTESIAN_POINT('',(0.0656474251033119,0.,-0.0325910113935079));
#6608=CARTESIAN_POINT('',(0.0656827758308671,0.,-0.0330767490680216));
#6609=CARTESIAN_POINT('',(0.0656768669594716,0.,-0.0332086491774954));
#6610=CARTESIAN_POINT('',(0.0656659258283087,0.,-0.0334336523872816));
#6611=CARTESIAN_POINT('',(0.0656344067324942,0.,-0.0337153174205966));
#6612=CARTESIAN_POINT('',(0.0655759673868563,0.,-0.0340855000133889));
#6613=CARTESIAN_POINT('',(0.0654819802748567,0.,-0.0345306161749417));
#6614=CARTESIAN_POINT('',(0.0653447071756732,0.,-0.0350514600659528));
#6615=CARTESIAN_POINT('',(0.0651567022527897,0.,-0.0356434278766356));
#6616=CARTESIAN_POINT('',(0.064909418191568,0.,-0.036303162184922));
#6617=CARTESIAN_POINT('',(0.0646003720234997,0.,-0.0370248045129683));
#6618=CARTESIAN_POINT('',(0.0643423321845605,0.,-0.0375346925477615));
#6619=CARTESIAN_POINT('',(0.0642100847492065,0.,-0.037796014152969));
#6620=CARTESIAN_POINT('',(0.0612781621573319,0.,-0.032239428912981));
#6621=CARTESIAN_POINT('',(0.0612525748966881,0.,-0.0325910113935079));
#6622=CARTESIAN_POINT('',(0.0612172241691329,0.,-0.0330767490680216));
#6623=CARTESIAN_POINT('',(0.0612231330405285,0.,-0.0332086491774954));
#6624=CARTESIAN_POINT('',(0.0612340741716913,0.,-0.0334336523872816));
#6625=CARTESIAN_POINT('',(0.0612655932675058,0.,-0.0337153174205966));
#6626=CARTESIAN_POINT('',(0.0613240326131437,0.,-0.0340855000133889));
#6627=CARTESIAN_POINT('',(0.0614180197251433,0.,-0.0345306161749417));
#6628=CARTESIAN_POINT('',(0.0615552928243268,0.,-0.0350514600659528));
#6629=CARTESIAN_POINT('',(0.0617432977472103,0.,-0.0356434278766356));
#6630=CARTESIAN_POINT('',(0.061990581808432,0.,-0.036303162184922));
#6631=CARTESIAN_POINT('',(0.0622996279765003,0.,-0.0370248045129683));
#6632=CARTESIAN_POINT('',(0.0625576678154396,0.,-0.0375346925477615));
#6633=CARTESIAN_POINT('',(0.0626899152507935,0.,-0.037796014152969));
#6634=CARTESIAN_POINT('',(0.0612230635242919,0.,-0.0330671848675136));
#6635=CARTESIAN_POINT('',(0.0603598272979516,0.,-0.0330322158466475));
#6636=CARTESIAN_POINT('',(0.060440298153308,0.,-0.0321720274624404));
#6637=CARTESIAN_POINT('',(0.06345,0.,0.));
#6638=CARTESIAN_POINT('',(0.0597049920135146,0.,-0.0320947436729313));
#6639=CARTESIAN_POINT('',(0.0596048611662281,0.,-0.0329528657087213));
#6640=CARTESIAN_POINT('',(0.0587532182543123,0.,-0.0328075936691877));
#6641=CARTESIAN_POINT('',(0.0588714237986919,0.,-0.0319864705183115));
#6642=CARTESIAN_POINT('',(0.0588233538083117,0.,-0.0323356899687228));
#6643=CARTESIAN_POINT('',(0.058756941496452,0.,-0.0328181629391721));
#6644=CARTESIAN_POINT('',(0.0587237381732937,0.,-0.0329459521913477));
#6645=CARTESIAN_POINT('',(0.0586662553343113,0.,-0.033163763752078));
#6646=CARTESIAN_POINT('',(0.0585768635530423,0.,-0.0334327205401218));
#6647=CARTESIAN_POINT('',(0.0584427359585394,0.,-0.0337826635319332));
#6648=CARTESIAN_POINT('',(0.0582582578366783,0.,-0.034198511818033));
#6649=CARTESIAN_POINT('',(0.0580156949500345,0.,-0.0346794333382273));
#6650=CARTESIAN_POINT('',(0.0577087213573611,0.,-0.0352193768105596));
#6651=CARTESIAN_POINT('',(0.057329674570651,0.,-0.0358132810940507));
#6652=CARTESIAN_POINT('',(0.0568773439262493,0.,-0.0364548994944734));
#6653=CARTESIAN_POINT('',(0.0565189311934555,0.,-0.0368999957531371));
#6654=CARTESIAN_POINT('',(0.056335241865075,0.,-0.0371281110663999));
#6655=CARTESIAN_POINT('',(0.0546226678487145,0.,-0.0310833695622093));
#6656=CARTESIAN_POINT('',(0.0545245416231182,0.,-0.0314219492313729));
#6657=CARTESIAN_POINT('',(0.0543889728525738,0.,-0.0318897225427468));
#6658=CARTESIAN_POINT('',(0.0543673290261727,0.,-0.0320199688418078));
#6659=CARTESIAN_POINT('',(0.0543312502695828,0.,-0.0322423299806972));
#6660=CARTESIAN_POINT('',(0.0543035191442103,0.,-0.0325243931457487));
#6661=CARTESIAN_POINT('',(0.0542837161611557,0.,-0.0328986365838838));
#6662=CARTESIAN_POINT('',(0.0542831045754993,0.,-0.0333535669087254));
#6663=CARTESIAN_POINT('',(0.0543090883940787,0.,-0.0338915697932297));
#6664=CARTESIAN_POINT('',(0.0543699079298946,0.,-0.0345096901083596));
#6665=CARTESIAN_POINT('',(0.0544746217655521,0.,-0.0352064208864125));
#6666=CARTESIAN_POINT('',(0.0546268766567743,0.,-0.0359765479095229));
#6667=CARTESIAN_POINT('',(0.0547732660226848,0.,-0.0365289431666109));
#6668=CARTESIAN_POINT('',(0.0548482917174936,0.,-0.0368120500556553));
#6669=CARTESIAN_POINT('',(0.0543966731129114,0.,-0.0318815814131714));
#6670=CARTESIAN_POINT('',(0.0535595711375046,0.,-0.0316678996459177));
#6671=CARTESIAN_POINT('',(0.0538171267329827,0.,-0.0308432392733251));
#6672=CARTESIAN_POINT('',(0.06345,0.,0.));
#6673=CARTESIAN_POINT('',(0.0531139569998886,0.,-0.030614765577248));
#6674=CARTESIAN_POINT('',(0.0528376006484668,0.,-0.0314333172139304));
#6675=CARTESIAN_POINT('',(0.0520347719328624,0.,-0.0311141531992177));
#6676=CARTESIAN_POINT('',(0.052321115505159,0.,-0.0303355498738772));
#6677=CARTESIAN_POINT('',(0.0522014891529999,0.,-0.030667143728449));
#6678=CARTESIAN_POINT('',(0.0520362163384351,0.,-0.0311252656108629));
#6679=CARTESIAN_POINT('',(0.0519771697080633,0.,-0.0312433590022194));
#6680=CARTESIAN_POINT('',(0.0518756574371582,0.,-0.0314444595035141));
#6681=CARTESIAN_POINT('',(0.0517322998202255,0.,-0.0316889533440514));
#6682=CARTESIAN_POINT('',(0.0515283459963529,0.,-0.0320033625469269));
#6683=CARTESIAN_POINT('',(0.05126143944378,0.,-0.0323717683920096));
#6684=CARTESIAN_POINT('',(0.0509241879317681,0.,-0.0327917489632372));
#6685=CARTESIAN_POINT('',(0.0505116618883273,0.,-0.0332560699765417));
#6686=CARTESIAN_POINT('',(0.0500174185395764,0.,-0.0337581877681802));
#6687=CARTESIAN_POINT('',(0.0494415724385248,0.,-0.0342917404380541));
#6688=CARTESIAN_POINT('',(0.0489984511681547,0.,-0.0346525920782757));
#6689=CARTESIAN_POINT('',(0.048771348051837,0.,-0.0348375313657856));
#6690=CARTESIAN_POINT('',(0.0483529703133474,0.,-0.0285688178070135));
#6691=CARTESIAN_POINT('',(0.048186593709719,0.,-0.0288795971085858));
#6692=CARTESIAN_POINT('',(0.0479567319019895,0.,-0.0293089621184876));
#6693=CARTESIAN_POINT('',(0.047908481316864,0.,-0.0294318622188756));
#6694=CARTESIAN_POINT('',(0.0478269594873095,0.,-0.0296418630380916));
#6695=CARTESIAN_POINT('',(0.0477411901239975,0.,-0.0299119968210776));
#6696=CARTESIAN_POINT('',(0.0476440102976351,0.,-0.0302739448704897));
#6697=CARTESIAN_POINT('',(0.0475488267435506,0.,-0.0307188067204267));
#6698=CARTESIAN_POINT('',(0.0474623856639698,0.,-0.0312504552907472));
#6699=CARTESIAN_POINT('',(0.0473933617071584,0.,-0.0318677132864826));
#6700=CARTESIAN_POINT('',(0.0473509288201606,0.,-0.0325709900560159));
#6701=CARTESIAN_POINT('',(0.0473397381651903,0.,-0.0333559435278009));
#6702=CARTESIAN_POINT('',(0.0473680791403277,0.,-0.0339267036837625));
#6703=CARTESIAN_POINT('',(0.0473826041117149,0.,-0.0342192227270949));
#6704=CARTESIAN_POINT('',(0.0479659565291789,0.,-0.0293025998662726));
#6705=CARTESIAN_POINT('',(0.0471915741778918,0.,-0.0289195442712191));
#6706=CARTESIAN_POINT('',(0.0476149580980805,0.,-0.0281664535256829));
#6707=CARTESIAN_POINT('',(0.06345,0.,0.));
#6708=CARTESIAN_POINT('',(0.0469746566632046,0.,-0.0277967753198948));
#6709=CARTESIAN_POINT('',(0.0465341529063096,0.,-0.0285399819231001));
#6710=CARTESIAN_POINT('',(0.045815225854288,0.,-0.0280608749321699));
#6711=CARTESIAN_POINT('',(0.0462571928663633,0.,-0.0273588201338357));
#6712=CARTESIAN_POINT('',(0.0460712383980455,0.,-0.0276582961499594));
#6713=CARTESIAN_POINT('',(0.0458143282958392,0.,-0.0280720448197639));
#6714=CARTESIAN_POINT('',(0.0457320189793382,0.,-0.0281752811024241));
#6715=CARTESIAN_POINT('',(0.045590913849859,0.,-0.0283508814873892));
#6716=CARTESIAN_POINT('',(0.0453998558130287,0.,-0.0285602268263768));
#6717=CARTESIAN_POINT('',(0.0451349895205687,0.,-0.0288253610494481));
#6718=CARTESIAN_POINT('',(0.0447973196343911,0.,-0.0291302233502762));
#6719=CARTESIAN_POINT('',(0.0443801190063982,0.,-0.0294709078062841));
#6720=CARTESIAN_POINT('',(0.043880069879808,0.,-0.0298393133042201));
#6721=CARTESIAN_POINT('',(0.0432922307749996,0.,-0.0302276996470828));
#6722=CARTESIAN_POINT('',(0.0426180364551302,0.,-0.0306298677744645));
#6723=CARTESIAN_POINT('',(0.0421095731730307,0.,-0.0308907038480083));
#6724=CARTESIAN_POINT('',(0.0418489817647205,0.,-0.031024384375464));
#6725=CARTESIAN_POINT('',(0.0427430854188731,0.,-0.0248056716252536));
#6726=CARTESIAN_POINT('',(0.0425157298931546,0.,-0.0250750680124714));
#6727=CARTESIAN_POINT('',(0.042201621112237,0.,-0.0254472594096464));
#6728=CARTESIAN_POINT('',(0.0421288725504891,0.,-0.0255574419872345));
#6729=CARTESIAN_POINT('',(0.0420054705431067,0.,-0.0257459044432815));
#6730=CARTESIAN_POINT('',(0.0418654114745989,0.,-0.0259923027016399));
#6731=CARTESIAN_POINT('',(0.0416951020296614,0.,-0.0263261364957502));
#6732=CARTESIAN_POINT('',(0.0415095064852036,0.,-0.0267414872732563));
#6733=CARTESIAN_POINT('',(0.0413144183974306,0.,-0.0272435459357371));
#6734=CARTESIAN_POINT('',(0.0411185676261183,0.,-0.0278329644757319));
#6735=CARTESIAN_POINT('',(0.0409308425372427,0.,-0.0285120506672208));
#6736=CARTESIAN_POINT('',(0.0407566954214007,0.,-0.0292775243543387));
#6737=CARTESIAN_POINT('',(0.0406657493691564,0.,-0.0298417044515472));
#6738=CARTESIAN_POINT('',(0.040619138806174,0.,-0.030130851163312));
#6739=CARTESIAN_POINT('',(0.0422119669458054,0.,-0.0254429540957432));
#6740=CARTESIAN_POINT('',(0.0415341484432881,0.,-0.0249072660404984));
#6741=CARTESIAN_POINT('',(0.0421048567792536,0.,-0.0242586586013288));
#6742=CARTESIAN_POINT('',(0.06345,0.,0.));
#6743=CARTESIAN_POINT('',(0.0415554078878072,0.,-0.0237639325973356));
#6744=CARTESIAN_POINT('',(0.0409700088533868,0.,-0.0243993124722027));
#6745=CARTESIAN_POINT('',(0.0403664040269162,0.,-0.0237812017795691));
#6746=CARTESIAN_POINT('',(0.0409446783995495,0.,-0.0231863786717611));
#6747=CARTESIAN_POINT('',(0.0407005229176471,0.,-0.0234406483104867));
#6748=CARTESIAN_POINT('',(0.0403632037320571,0.,-0.0237919409654249));
#6749=CARTESIAN_POINT('',(0.040261229041522,0.,-0.0238758082184539));
#6750=CARTESIAN_POINT('',(0.0400866980247242,0.,-0.0240182339076424));
#6751=CARTESIAN_POINT('',(0.039856289721004,0.,-0.0241832813492163));
#6752=CARTESIAN_POINT('',(0.0395420868879067,0.,-0.0243875529546798));
#6753=CARTESIAN_POINT('',(0.0391484114624701,0.,-0.0246155477658157));
#6754=CARTESIAN_POINT('',(0.0386694953878904,0.,-0.0248620465610907));
#6755=CARTESIAN_POINT('',(0.0381037777244847,0.,-0.0251184354555927));
#6756=CARTESIAN_POINT('',(0.0374480342532637,0.,-0.0253761160028122));
#6757=CARTESIAN_POINT('',(0.0367049572414982,0.,-0.0256293229107185));
#6758=CARTESIAN_POINT('',(0.0361533742329746,0.,-0.02577874362954));
#6759=CARTESIAN_POINT('',(0.0358706836276714,0.,-0.0258553229164212));
#6760=CARTESIAN_POINT('',(0.0380381920543943,0.,-0.0199583985626515));
#6761=CARTESIAN_POINT('',(0.0377597941340325,0.,-0.020174638120686));
#6762=CARTESIAN_POINT('',(0.037375166440914,0.,-0.0204733893551052));
#6763=CARTESIAN_POINT('',(0.0372810993637785,0.,-0.0205660389025382));
#6764=CARTESIAN_POINT('',(0.0371212104384393,0.,-0.0207247262817437));
#6765=CARTESIAN_POINT('',(0.0369329829181076,0.,-0.0209366202292342));
#6766=CARTESIAN_POINT('',(0.0366969871945741,0.,-0.0212277496293279));
#6767=CARTESIAN_POINT('',(0.0364290910756219,0.,-0.0215954365123518));
#6768=CARTESIAN_POINT('',(0.0361338822652289,0.,-0.0220459628942978));
#6769=CARTESIAN_POINT('',(0.0358197642979183,0.,-0.0225817815600101));
#6770=CARTESIAN_POINT('',(0.0354949514943536,0.,-0.0232069978482695));
#6771=CARTESIAN_POINT('',(0.0351654589822529,0.,-0.0239195368774429));
#6772=CARTESIAN_POINT('',(0.0349592006815176,0.,-0.0244524795384139));
#6773=CARTESIAN_POINT('',(0.0348534916894301,0.,-0.024725616819827));
#6774=CARTESIAN_POINT('',(0.0373861813182897,0.,-0.0204713291423905));
#6775=CARTESIAN_POINT('',(0.0368345505856362,0.,-0.0198064207654851));
#6776=CARTESIAN_POINT('',(0.0375276406445344,0.,-0.0192906438901377));
#6777=CARTESIAN_POINT('',(0.06345,0.,0.));
#6778=CARTESIAN_POINT('',(0.0370930578496221,0.,-0.0186924919882724));
#6779=CARTESIAN_POINT('',(0.0363883482845365,0.,-0.0191922759853789));
#6780=CARTESIAN_POINT('',(0.035926446110951,0.,-0.0184621759943342));
#6781=CARTESIAN_POINT('',(0.03661575447919,0.,-0.0180005812011415));
#6782=CARTESIAN_POINT('',(0.0363240687498501,0.,-0.0181985316591357));
#6783=CARTESIAN_POINT('',(0.0359210829479236,0.,-0.0184720151244976));
#6784=CARTESIAN_POINT('',(0.0358038996666597,0.,-0.0185328479464982));
#6785=CARTESIAN_POINT('',(0.0356035706054703,0.,-0.0186358742538583));
#6786=CARTESIAN_POINT('',(0.0353438819833544,0.,-0.018749410432836));
#6787=CARTESIAN_POINT('',(0.0349940747811385,0.,-0.0188838917713293));
#6788=CARTESIAN_POINT('',(0.034561599321599,0.,-0.0190250546254856));
#6789=CARTESIAN_POINT('',(0.0340418987309858,0.,-0.0191665945798421));
#6790=CARTESIAN_POINT('',(0.03343523710727,0.,-0.0192997614459298));
#6791=CARTESIAN_POINT('',(0.032740248405935,0.,-0.019415474321104));
#6792=CARTESIAN_POINT('',(0.0319607647333666,0.,-0.0195086536526378));
#6793=CARTESIAN_POINT('',(0.0313901688226803,0.,-0.0195401286143245));
#6794=CARTESIAN_POINT('',(0.031097733956336,0.,-0.0195562597783265));
#6795=CARTESIAN_POINT('',(0.0344439166365219,0.,-0.0142388477118395));
#6796=CARTESIAN_POINT('',(0.0341266436465381,0.,-0.0143924797343722));
#6797=CARTESIAN_POINT('',(0.0336883071170565,0.,-0.014604733943524));
#6798=CARTESIAN_POINT('',(0.0335770327071881,0.,-0.0146758012309971));
#6799=CARTESIAN_POINT('',(0.0333876447771616,0.,-0.0147977781334234));
#6800=CARTESIAN_POINT('',(0.0331594752508602,0.,-0.0149659069877606));
#6801=CARTESIAN_POINT('',(0.0328681073942822,0.,-0.0152016082420597));
#6802=CARTESIAN_POINT('',(0.0325296190467423,0.,-0.0155055615494561));
#6803=CARTESIAN_POINT('',(0.0321471915553125,0.,-0.0158848654861107));
#6804=CARTESIAN_POINT('',(0.0317285348544803,0.,-0.0163436664307058));
#6805=CARTESIAN_POINT('',(0.031280830214367,0.,-0.0168876878638179));
#6806=CARTESIAN_POINT('',(0.0308103927098669,0.,-0.0175161508603306));
#6807=CARTESIAN_POINT('',(0.0304978366381199,0.,-0.0179945639334369));
#6808=CARTESIAN_POINT('',(0.0303376492071295,0.,-0.0182397543746426));
#6809=CARTESIAN_POINT('',(0.0336995096352428,0.,-0.0146050088731794));
#6810=CARTESIAN_POINT('',(0.0332981755824881,0.,-0.0138399398612686));
#6811=CARTESIAN_POINT('',(0.03408335600293,0.,-0.0134795354741679));
#6812=CARTESIAN_POINT('',(0.06345,0.,0.));
#6813=CARTESIAN_POINT('',(0.0337826326580489,0.,-0.0128040997827936));
#6814=CARTESIAN_POINT('',(0.0329894117518644,0.,-0.0131464449432361));
#6815=CARTESIAN_POINT('',(0.032689399572602,0.,-0.0123362645267973));
#6816=CARTESIAN_POINT('',(0.0334596158530861,0.,-0.0120280719556601));
#6817=CARTESIAN_POINT('',(0.0331331479423443,0.,-0.0121610518480368));
#6818=CARTESIAN_POINT('',(0.032682107937366,0.,-0.0123447735840668));
#6819=CARTESIAN_POINT('',(0.0325548375370722,0.,-0.0123799132888095));
#6820=CARTESIAN_POINT('',(0.0323374657727506,0.,-0.0124390374703343));
#6821=CARTESIAN_POINT('',(0.0320598464711499,0.,-0.0124961003108877));
#6822=CARTESIAN_POINT('',(0.0316897231531134,0.,-0.0125549139026053));
#6823=CARTESIAN_POINT('',(0.0312373489123003,0.,-0.0126030753056811));
#6824=CARTESIAN_POINT('',(0.0306995772152635,0.,-0.0126334704439295));
#6825=CARTESIAN_POINT('',(0.0300784856552794,0.,-0.0126375952505494));
#6826=CARTESIAN_POINT('',(0.0293746260650047,0.,-0.0126062832457812));
#6827=CARTESIAN_POINT('',(0.0285928029085021,0.,-0.0125353626170305));
#6828=CARTESIAN_POINT('',(0.0280281318749732,0.,-0.0124475162147231));
#6829=CARTESIAN_POINT('',(0.0277387335545051,0.,-0.0124024942465728));
#6830=CARTESIAN_POINT('',(0.032117346248264,0.,-0.00789699089044825));
#6831=CARTESIAN_POINT('',(0.0317750645407653,0.,-0.00798130092088615));
#6832=CARTESIAN_POINT('',(0.0313021765846309,0.,-0.00809778157732191));
#6833=CARTESIAN_POINT('',(0.0311785580676946,0.,-0.00814416062335387));
#6834=CARTESIAN_POINT('',(0.030967948294307,0.,-0.00822409607305482));
#6835=CARTESIAN_POINT('',(0.0307098088652143,0.,-0.00834111179653247));
#6836=CARTESIAN_POINT('',(0.0303758030490624,0.,-0.00851108362920402));
#6837=CARTESIAN_POINT('',(0.0299815160379695,0.,-0.00873801914290977));
#6838=CARTESIAN_POINT('',(0.029528583781969,0.,-0.00902952323213899));
#6839=CARTESIAN_POINT('',(0.0290236856543794,0.,-0.00939125465276689));
#6840=CARTESIAN_POINT('',(0.0284726560188158,0.,-0.00983030488360042));
#6841=CARTESIAN_POINT('',(0.0278818338982724,0.,-0.0103472249988045));
#6842=CARTESIAN_POINT('',(0.0274766402556594,0.,-0.0107501995370709));
#6843=CARTESIAN_POINT('',(0.027268975345165,0.,-0.010956727139234));
#6844=CARTESIAN_POINT('',(0.0313130771398275,0.,-0.00810037963360227));
#6845=CARTESIAN_POINT('',(0.0310795799908914,0.,-0.00726858717371499));
#6846=CARTESIAN_POINT('',(0.0319225346207899,0.,-0.00707930667598958));
#6847=CARTESIAN_POINT('',(0.06345,0.,0.));
#6848=CARTESIAN_POINT('',(0.0317688137791422,0.,-0.0063561069759192));
#6849=CARTESIAN_POINT('',(0.030921749091755,0.,-0.00652605117343198));
#6850=CARTESIAN_POINT('',(0.0307967388786679,0.,-0.00567119910347453));
#6851=CARTESIAN_POINT('',(0.031614200924032,0.,-0.0055298782486235));
#6852=CARTESIAN_POINT('',(0.0312672190461545,0.,-0.00559207571597754));
#6853=CARTESIAN_POINT('',(0.0307878374506721,0.,-0.0056780062012165));
#6854=CARTESIAN_POINT('',(0.0306560422585524,0.,-0.00568591701498486));
#6855=CARTESIAN_POINT('',(0.0304311279802649,0.,-0.00569855506023256));
#6856=CARTESIAN_POINT('',(0.0301477112948245,0.,-0.00569665064241146));
#6857=CARTESIAN_POINT('',(0.0297734480260144,0.,-0.0056772260511766));
#6858=CARTESIAN_POINT('',(0.0293209459289836,0.,-0.00563028111875326));
#6859=CARTESIAN_POINT('',(0.0287886063291986,0.,-0.00554820302750001));
#6860=CARTESIAN_POINT('',(0.0281802295144455,0.,-0.00542310550080988));
#6861=CARTESIAN_POINT('',(0.0274982610768191,0.,-0.00524613710095941));
#6862=CARTESIAN_POINT('',(0.0267482678599254,0.,-0.00501421608371539));
#6863=CARTESIAN_POINT('',(0.0262142005373112,0.,-0.00481088762672854));
#6864=CARTESIAN_POINT('',(0.0259404868580109,0.,-0.0047066802024737));
#6865=CARTESIAN_POINT('',(0.0311601631797108,0.,-0.00120999767317782));
#6866=CARTESIAN_POINT('',(0.0308078321077646,0.,-0.00122130095862639));
#6867=CARTESIAN_POINT('',(0.0303210601978287,0.,-0.00123691729872367));
#6868=CARTESIAN_POINT('',(0.0301905002962023,0.,-0.00125658111645156));
#6869=CARTESIAN_POINT('',(0.0299678733371685,0.,-0.00129098155070236));
#6870=CARTESIAN_POINT('',(0.0296910459370262,0.,-0.00135176999470076));
#6871=CARTESIAN_POINT('',(0.0293289998182039,0.,-0.00144858382104165));
#6872=CARTESIAN_POINT('',(0.0288961463779417,0.,-0.00158858337015042));
#6873=CARTESIAN_POINT('',(0.028392504670368,0.,-0.00177954748446313));
#6874=CARTESIAN_POINT('',(0.0278234315869665,0.,-0.00202839998226245));
#6875=CARTESIAN_POINT('',(0.0271931595951602,0.,-0.00234329040893315));
#6876=CARTESIAN_POINT('',(0.0265077746203204,0.,-0.00272607575333633));
#6877=CARTESIAN_POINT('',(0.0260276523133584,0.,-0.00303599983575417));
#6878=CARTESIAN_POINT('',(0.0257815858764355,0.,-0.00319483835163096));
#6879=CARTESIAN_POINT('',(0.0303311823834669,0.,-0.00124172493410266));
#6880=CARTESIAN_POINT('',(0.0302757270842015,0.,-0.000379562348119009));
#6881=CARTESIAN_POINT('',(0.0311396147612851,0.,-0.000369678205788077));
#6882=CARTESIAN_POINT('',(0.06345,0.,0.));
#6883=CARTESIAN_POINT('',(0.0311396147612851,0.,0.000369678205788085));
#6884=CARTESIAN_POINT('',(0.0302757270842015,0.,0.000379562348119017));
#6885=CARTESIAN_POINT('',(0.0303311823834669,0.,0.00124172493410266));
#6886=CARTESIAN_POINT('',(0.0311601631797108,0.,0.00120999767317783));
#6887=CARTESIAN_POINT('',(0.0308078321077646,0.,0.0012213009586264));
#6888=CARTESIAN_POINT('',(0.0303210601978287,0.,0.00123691729872368));
#6889=CARTESIAN_POINT('',(0.0301905002962023,0.,0.00125658111645157));
#6890=CARTESIAN_POINT('',(0.0299678733371685,0.,0.00129098155070237));
#6891=CARTESIAN_POINT('',(0.0296910459370262,0.,0.00135176999470077));
#6892=CARTESIAN_POINT('',(0.0293289998182039,0.,0.00144858382104166));
#6893=CARTESIAN_POINT('',(0.0288961463779417,0.,0.00158858337015042));
#6894=CARTESIAN_POINT('',(0.028392504670368,0.,0.00177954748446314));
#6895=CARTESIAN_POINT('',(0.0278234315869665,0.,0.00202839998226245));
#6896=CARTESIAN_POINT('',(0.0271931595951602,0.,0.00234329040893316));
#6897=CARTESIAN_POINT('',(0.0265077746203204,0.,0.00272607575333634));
#6898=CARTESIAN_POINT('',(0.0260276523133584,0.,0.00303599983575418));
#6899=CARTESIAN_POINT('',(0.0257815858764355,0.,0.00319483835163097));
#6900=CARTESIAN_POINT('',(0.031614200924032,0.,0.0055298782486235));
#6901=CARTESIAN_POINT('',(0.0312672190461545,0.,0.00559207571597754));
#6902=CARTESIAN_POINT('',(0.0307878374506721,0.,0.0056780062012165));
#6903=CARTESIAN_POINT('',(0.0306560422585524,0.,0.00568591701498486));
#6904=CARTESIAN_POINT('',(0.0304311279802649,0.,0.00569855506023256));
#6905=CARTESIAN_POINT('',(0.0301477112948244,0.,0.00569665064241145));
#6906=CARTESIAN_POINT('',(0.0297734480260144,0.,0.0056772260511766));
#6907=CARTESIAN_POINT('',(0.0293209459289836,0.,0.00563028111875326));
#6908=CARTESIAN_POINT('',(0.0287886063291986,0.,0.0055482030275));
#6909=CARTESIAN_POINT('',(0.0281802295144455,0.,0.00542310550080988));
#6910=CARTESIAN_POINT('',(0.0274982610768191,0.,0.00524613710095941));
#6911=CARTESIAN_POINT('',(0.0267482678599254,0.,0.00501421608371539));
#6912=CARTESIAN_POINT('',(0.0262142005373112,0.,0.00481088762672853));
#6913=CARTESIAN_POINT('',(0.0259404868580109,0.,0.00470668020247369));
#6914=CARTESIAN_POINT('',(0.0307967388786678,0.,0.00567119910347453));
#6915=CARTESIAN_POINT('',(0.0309217490917549,0.,0.00652605117343198));
#6916=CARTESIAN_POINT('',(0.0317688137791422,0.,0.0063561069759192));
#6917=CARTESIAN_POINT('',(0.06345,0.,0.));
#6918=CARTESIAN_POINT('',(0.0319225346207899,0.,0.00707930667598957));
#6919=CARTESIAN_POINT('',(0.0310795799908914,0.,0.00726858717371498));
#6920=CARTESIAN_POINT('',(0.0313130771398276,0.,0.00810037963360225));
#6921=CARTESIAN_POINT('',(0.032117346248264,0.,0.00789699089044824));
#6922=CARTESIAN_POINT('',(0.0317750645407653,0.,0.00798130092088614));
#6923=CARTESIAN_POINT('',(0.0313021765846309,0.,0.0080977815773219));
#6924=CARTESIAN_POINT('',(0.0311785580676946,0.,0.00814416062335387));
#6925=CARTESIAN_POINT('',(0.030967948294307,0.,0.00822409607305481));
#6926=CARTESIAN_POINT('',(0.0307098088652143,0.,0.00834111179653247));
#6927=CARTESIAN_POINT('',(0.0303758030490624,0.,0.00851108362920401));
#6928=CARTESIAN_POINT('',(0.0299815160379695,0.,0.00873801914290976));
#6929=CARTESIAN_POINT('',(0.029528583781969,0.,0.00902952323213899));
#6930=CARTESIAN_POINT('',(0.0290236856543794,0.,0.00939125465276689));
#6931=CARTESIAN_POINT('',(0.0284726560188158,0.,0.00983030488360041));
#6932=CARTESIAN_POINT('',(0.0278818338982724,0.,0.0103472249988045));
#6933=CARTESIAN_POINT('',(0.0274766402556594,0.,0.0107501995370709));
#6934=CARTESIAN_POINT('',(0.027268975345165,0.,0.010956727139234));
#6935=CARTESIAN_POINT('',(0.0334596158530861,0.,0.0120280719556601));
#6936=CARTESIAN_POINT('',(0.0331331479423443,0.,0.0121610518480368));
#6937=CARTESIAN_POINT('',(0.032682107937366,0.,0.0123447735840669));
#6938=CARTESIAN_POINT('',(0.0325548375370722,0.,0.0123799132888095));
#6939=CARTESIAN_POINT('',(0.0323374657727506,0.,0.0124390374703343));
#6940=CARTESIAN_POINT('',(0.0320598464711499,0.,0.0124961003108877));
#6941=CARTESIAN_POINT('',(0.0316897231531134,0.,0.0125549139026054));
#6942=CARTESIAN_POINT('',(0.0312373489123003,0.,0.0126030753056811));
#6943=CARTESIAN_POINT('',(0.0306995772152635,0.,0.0126334704439295));
#6944=CARTESIAN_POINT('',(0.0300784856552794,0.,0.0126375952505494));
#6945=CARTESIAN_POINT('',(0.0293746260650047,0.,0.0126062832457813));
#6946=CARTESIAN_POINT('',(0.0285928029085021,0.,0.0125353626170305));
#6947=CARTESIAN_POINT('',(0.0280281318749732,0.,0.0124475162147231));
#6948=CARTESIAN_POINT('',(0.0277387335545051,0.,0.0124024942465729));
#6949=CARTESIAN_POINT('',(0.032689399572602,0.,0.0123362645267973));
#6950=CARTESIAN_POINT('',(0.0329894117518644,0.,0.0131464449432361));
#6951=CARTESIAN_POINT('',(0.0337826326580489,0.,0.0128040997827936));
#6952=CARTESIAN_POINT('',(0.06345,0.,0.));
#6953=CARTESIAN_POINT('',(0.03408335600293,0.,0.013479535474168));
#6954=CARTESIAN_POINT('',(0.0332981755824881,0.,0.0138399398612686));
#6955=CARTESIAN_POINT('',(0.0336995096352429,0.,0.0146050088731794));
#6956=CARTESIAN_POINT('',(0.0344439166365219,0.,0.0142388477118395));
#6957=CARTESIAN_POINT('',(0.0341266436465381,0.,0.0143924797343722));
#6958=CARTESIAN_POINT('',(0.0336883071170565,0.,0.014604733943524));
#6959=CARTESIAN_POINT('',(0.0335770327071881,0.,0.0146758012309971));
#6960=CARTESIAN_POINT('',(0.0333876447771616,0.,0.0147977781334234));
#6961=CARTESIAN_POINT('',(0.0331594752508602,0.,0.0149659069877606));
#6962=CARTESIAN_POINT('',(0.0328681073942822,0.,0.0152016082420597));
#6963=CARTESIAN_POINT('',(0.0325296190467423,0.,0.0155055615494561));
#6964=CARTESIAN_POINT('',(0.0321471915553125,0.,0.0158848654861107));
#6965=CARTESIAN_POINT('',(0.0317285348544803,0.,0.0163436664307058));
#6966=CARTESIAN_POINT('',(0.031280830214367,0.,0.0168876878638179));
#6967=CARTESIAN_POINT('',(0.0308103927098669,0.,0.0175161508603306));
#6968=CARTESIAN_POINT('',(0.0304978366381199,0.,0.0179945639334369));
#6969=CARTESIAN_POINT('',(0.0303376492071295,0.,0.0182397543746426));
#6970=CARTESIAN_POINT('',(0.03661575447919,0.,0.0180005812011415));
#6971=CARTESIAN_POINT('',(0.0363240687498501,0.,0.0181985316591357));
#6972=CARTESIAN_POINT('',(0.0359210829479236,0.,0.0184720151244976));
#6973=CARTESIAN_POINT('',(0.0358038996666597,0.,0.0185328479464982));
#6974=CARTESIAN_POINT('',(0.0356035706054703,0.,0.0186358742538583));
#6975=CARTESIAN_POINT('',(0.0353438819833544,0.,0.018749410432836));
#6976=CARTESIAN_POINT('',(0.0349940747811385,0.,0.0188838917713293));
#6977=CARTESIAN_POINT('',(0.034561599321599,0.,0.0190250546254856));
#6978=CARTESIAN_POINT('',(0.0340418987309858,0.,0.0191665945798421));
#6979=CARTESIAN_POINT('',(0.03343523710727,0.,0.0192997614459298));
#6980=CARTESIAN_POINT('',(0.032740248405935,0.,0.019415474321104));
#6981=CARTESIAN_POINT('',(0.0319607647333666,0.,0.0195086536526378));
#6982=CARTESIAN_POINT('',(0.0313901688226803,0.,0.0195401286143246));
#6983=CARTESIAN_POINT('',(0.031097733956336,0.,0.0195562597783265));
#6984=CARTESIAN_POINT('',(0.035926446110951,0.,0.0184621759943342));
#6985=CARTESIAN_POINT('',(0.0363883482845365,0.,0.0191922759853789));
#6986=CARTESIAN_POINT('',(0.0370930578496221,0.,0.0186924919882724));
#6987=CARTESIAN_POINT('',(0.06345,0.,0.));
#6988=CARTESIAN_POINT('',(0.0375276406445344,0.,0.0192906438901377));
#6989=CARTESIAN_POINT('',(0.0368345505856363,0.,0.0198064207654851));
#6990=CARTESIAN_POINT('',(0.0373861813182898,0.,0.0204713291423905));
#6991=CARTESIAN_POINT('',(0.0380381920543943,0.,0.0199583985626515));
#6992=CARTESIAN_POINT('',(0.0377597941340325,0.,0.020174638120686));
#6993=CARTESIAN_POINT('',(0.037375166440914,0.,0.0204733893551052));
#6994=CARTESIAN_POINT('',(0.0372810993637785,0.,0.0205660389025382));
#6995=CARTESIAN_POINT('',(0.0371212104384393,0.,0.0207247262817437));
#6996=CARTESIAN_POINT('',(0.0369329829181076,0.,0.0209366202292342));
#6997=CARTESIAN_POINT('',(0.0366969871945741,0.,0.0212277496293279));
#6998=CARTESIAN_POINT('',(0.0364290910756219,0.,0.0215954365123519));
#6999=CARTESIAN_POINT('',(0.0361338822652289,0.,0.0220459628942978));
#7000=CARTESIAN_POINT('',(0.0358197642979183,0.,0.0225817815600101));
#7001=CARTESIAN_POINT('',(0.0354949514943537,0.,0.0232069978482695));
#7002=CARTESIAN_POINT('',(0.0351654589822529,0.,0.0239195368774429));
#7003=CARTESIAN_POINT('',(0.0349592006815176,0.,0.0244524795384139));
#7004=CARTESIAN_POINT('',(0.0348534916894301,0.,0.024725616819827));
#7005=CARTESIAN_POINT('',(0.0409446783995495,0.,0.0231863786717611));
#7006=CARTESIAN_POINT('',(0.0407005229176471,0.,0.0234406483104867));
#7007=CARTESIAN_POINT('',(0.0403632037320571,0.,0.0237919409654249));
#7008=CARTESIAN_POINT('',(0.040261229041522,0.,0.0238758082184539));
#7009=CARTESIAN_POINT('',(0.0400866980247242,0.,0.0240182339076424));
#7010=CARTESIAN_POINT('',(0.039856289721004,0.,0.0241832813492163));
#7011=CARTESIAN_POINT('',(0.0395420868879067,0.,0.0243875529546798));
#7012=CARTESIAN_POINT('',(0.0391484114624701,0.,0.0246155477658157));
#7013=CARTESIAN_POINT('',(0.0386694953878904,0.,0.0248620465610907));
#7014=CARTESIAN_POINT('',(0.0381037777244847,0.,0.0251184354555927));
#7015=CARTESIAN_POINT('',(0.0374480342532637,0.,0.0253761160028121));
#7016=CARTESIAN_POINT('',(0.0367049572414982,0.,0.0256293229107185));
#7017=CARTESIAN_POINT('',(0.0361533742329746,0.,0.02577874362954));
#7018=CARTESIAN_POINT('',(0.0358706836276714,0.,0.0258553229164212));
#7019=CARTESIAN_POINT('',(0.0403664040269161,0.,0.0237812017795692));
#7020=CARTESIAN_POINT('',(0.0409700088533868,0.,0.0243993124722027));
#7021=CARTESIAN_POINT('',(0.0415554078878072,0.,0.0237639325973356));
#7022=CARTESIAN_POINT('',(0.06345,0.,0.));
#7023=CARTESIAN_POINT('',(0.0421048567792536,0.,0.0242586586013288));
#7024=CARTESIAN_POINT('',(0.0415341484432881,0.,0.0249072660404984));
#7025=CARTESIAN_POINT('',(0.0422119669458055,0.,0.0254429540957431));
#7026=CARTESIAN_POINT('',(0.0427430854188731,0.,0.0248056716252536));
#7027=CARTESIAN_POINT('',(0.0425157298931546,0.,0.0250750680124714));
#7028=CARTESIAN_POINT('',(0.042201621112237,0.,0.0254472594096464));
#7029=CARTESIAN_POINT('',(0.0421288725504891,0.,0.0255574419872345));
#7030=CARTESIAN_POINT('',(0.0420054705431067,0.,0.0257459044432815));
#7031=CARTESIAN_POINT('',(0.0418654114745989,0.,0.0259923027016399));
#7032=CARTESIAN_POINT('',(0.0416951020296614,0.,0.0263261364957502));
#7033=CARTESIAN_POINT('',(0.0415095064852036,0.,0.0267414872732563));
#7034=CARTESIAN_POINT('',(0.0413144183974306,0.,0.0272435459357371));
#7035=CARTESIAN_POINT('',(0.0411185676261183,0.,0.0278329644757319));
#7036=CARTESIAN_POINT('',(0.0409308425372427,0.,0.0285120506672208));
#7037=CARTESIAN_POINT('',(0.0407566954214007,0.,0.0292775243543387));
#7038=CARTESIAN_POINT('',(0.0406657493691564,0.,0.0298417044515472));
#7039=CARTESIAN_POINT('',(0.040619138806174,0.,0.030130851163312));
#7040=CARTESIAN_POINT('',(0.0462571928663634,0.,0.0273588201338357));
#7041=CARTESIAN_POINT('',(0.0460712383980456,0.,0.0276582961499594));
#7042=CARTESIAN_POINT('',(0.0458143282958392,0.,0.0280720448197639));
#7043=CARTESIAN_POINT('',(0.0457320189793383,0.,0.0281752811024241));
#7044=CARTESIAN_POINT('',(0.045590913849859,0.,0.0283508814873892));
#7045=CARTESIAN_POINT('',(0.0453998558130287,0.,0.0285602268263768));
#7046=CARTESIAN_POINT('',(0.0451349895205688,0.,0.0288253610494481));
#7047=CARTESIAN_POINT('',(0.0447973196343911,0.,0.0291302233502762));
#7048=CARTESIAN_POINT('',(0.0443801190063983,0.,0.0294709078062841));
#7049=CARTESIAN_POINT('',(0.043880069879808,0.,0.0298393133042201));
#7050=CARTESIAN_POINT('',(0.0432922307749996,0.,0.0302276996470828));
#7051=CARTESIAN_POINT('',(0.0426180364551302,0.,0.0306298677744646));
#7052=CARTESIAN_POINT('',(0.0421095731730307,0.,0.0308907038480083));
#7053=CARTESIAN_POINT('',(0.0418489817647206,0.,0.031024384375464));
#7054=CARTESIAN_POINT('',(0.045815225854288,0.,0.02806087493217));
#7055=CARTESIAN_POINT('',(0.0465341529063096,0.,0.0285399819231002));
#7056=CARTESIAN_POINT('',(0.0469746566632046,0.,0.0277967753198948));
#7057=CARTESIAN_POINT('',(0.06345,0.,0.));
#7058=CARTESIAN_POINT('',(0.0476149580980805,0.,0.0281664535256829));
#7059=CARTESIAN_POINT('',(0.0471915741778919,0.,0.0289195442712191));
#7060=CARTESIAN_POINT('',(0.0479659565291789,0.,0.0293025998662726));
#7061=CARTESIAN_POINT('',(0.0483529703133475,0.,0.0285688178070135));
#7062=CARTESIAN_POINT('',(0.0481865937097191,0.,0.0288795971085858));
#7063=CARTESIAN_POINT('',(0.0479567319019895,0.,0.0293089621184876));
#7064=CARTESIAN_POINT('',(0.047908481316864,0.,0.0294318622188756));
#7065=CARTESIAN_POINT('',(0.0478269594873095,0.,0.0296418630380916));
#7066=CARTESIAN_POINT('',(0.0477411901239975,0.,0.0299119968210777));
#7067=CARTESIAN_POINT('',(0.0476440102976352,0.,0.0302739448704897));
#7068=CARTESIAN_POINT('',(0.0475488267435506,0.,0.0307188067204267));
#7069=CARTESIAN_POINT('',(0.0474623856639698,0.,0.0312504552907472));
#7070=CARTESIAN_POINT('',(0.0473933617071584,0.,0.0318677132864826));
#7071=CARTESIAN_POINT('',(0.0473509288201606,0.,0.0325709900560159));
#7072=CARTESIAN_POINT('',(0.0473397381651903,0.,0.0333559435278009));
#7073=CARTESIAN_POINT('',(0.0473680791403277,0.,0.0339267036837625));
#7074=CARTESIAN_POINT('',(0.047382604111715,0.,0.0342192227270949));
#7075=CARTESIAN_POINT('',(0.052321115505159,0.,0.0303355498738772));
#7076=CARTESIAN_POINT('',(0.0522014891529999,0.,0.030667143728449));
#7077=CARTESIAN_POINT('',(0.0520362163384351,0.,0.0311252656108629));
#7078=CARTESIAN_POINT('',(0.0519771697080633,0.,0.0312433590022194));
#7079=CARTESIAN_POINT('',(0.0518756574371582,0.,0.0314444595035141));
#7080=CARTESIAN_POINT('',(0.0517322998202255,0.,0.0316889533440514));
#7081=CARTESIAN_POINT('',(0.0515283459963529,0.,0.0320033625469269));
#7082=CARTESIAN_POINT('',(0.05126143944378,0.,0.0323717683920096));
#7083=CARTESIAN_POINT('',(0.0509241879317681,0.,0.0327917489632372));
#7084=CARTESIAN_POINT('',(0.0505116618883273,0.,0.0332560699765417));
#7085=CARTESIAN_POINT('',(0.0500174185395764,0.,0.0337581877681802));
#7086=CARTESIAN_POINT('',(0.0494415724385248,0.,0.0342917404380541));
#7087=CARTESIAN_POINT('',(0.0489984511681548,0.,0.0346525920782757));
#7088=CARTESIAN_POINT('',(0.048771348051837,0.,0.0348375313657856));
#7089=CARTESIAN_POINT('',(0.0520347719328624,0.,0.0311141531992177));
#7090=CARTESIAN_POINT('',(0.0528376006484668,0.,0.0314333172139304));
#7091=CARTESIAN_POINT('',(0.0531139569998886,0.,0.030614765577248));
#7092=CARTESIAN_POINT('',(0.06345,0.,0.));
#7093=CARTESIAN_POINT('',(0.0538171267329827,0.,0.0308432392733251));
#7094=CARTESIAN_POINT('',(0.0535595711375046,0.,0.0316678996459177));
#7095=CARTESIAN_POINT('',(0.0543966731129114,0.,0.0318815814131714));
#7096=CARTESIAN_POINT('',(0.0546226678487145,0.,0.0310833695622093));
#7097=CARTESIAN_POINT('',(0.0545245416231182,0.,0.0314219492313729));
#7098=CARTESIAN_POINT('',(0.0543889728525738,0.,0.0318897225427468));
#7099=CARTESIAN_POINT('',(0.0543673290261727,0.,0.0320199688418078));
#7100=CARTESIAN_POINT('',(0.0543312502695828,0.,0.0322423299806972));
#7101=CARTESIAN_POINT('',(0.0543035191442104,0.,0.0325243931457487));
#7102=CARTESIAN_POINT('',(0.0542837161611557,0.,0.0328986365838838));
#7103=CARTESIAN_POINT('',(0.0542831045754993,0.,0.0333535669087254));
#7104=CARTESIAN_POINT('',(0.0543090883940787,0.,0.0338915697932297));
#7105=CARTESIAN_POINT('',(0.0543699079298946,0.,0.0345096901083596));
#7106=CARTESIAN_POINT('',(0.0544746217655521,0.,0.0352064208864125));
#7107=CARTESIAN_POINT('',(0.0546268766567743,0.,0.0359765479095229));
#7108=CARTESIAN_POINT('',(0.0547732660226848,0.,0.0365289431666109));
#7109=CARTESIAN_POINT('',(0.0548482917174936,0.,0.0368120500556553));
#7110=CARTESIAN_POINT('',(0.0588714237986919,0.,0.0319864705183115));
#7111=CARTESIAN_POINT('',(0.0588233538083117,0.,0.0323356899687228));
#7112=CARTESIAN_POINT('',(0.058756941496452,0.,0.0328181629391721));
#7113=CARTESIAN_POINT('',(0.0587237381732937,0.,0.0329459521913477));
#7114=CARTESIAN_POINT('',(0.0586662553343113,0.,0.033163763752078));
#7115=CARTESIAN_POINT('',(0.0585768635530423,0.,0.0334327205401218));
#7116=CARTESIAN_POINT('',(0.0584427359585394,0.,0.0337826635319332));
#7117=CARTESIAN_POINT('',(0.0582582578366783,0.,0.0341985118180329));
#7118=CARTESIAN_POINT('',(0.0580156949500345,0.,0.0346794333382272));
#7119=CARTESIAN_POINT('',(0.0577087213573611,0.,0.0352193768105596));
#7120=CARTESIAN_POINT('',(0.057329674570651,0.,0.0358132810940507));
#7121=CARTESIAN_POINT('',(0.0568773439262493,0.,0.0364548994944734));
#7122=CARTESIAN_POINT('',(0.0565189311934555,0.,0.0368999957531371));
#7123=CARTESIAN_POINT('',(0.056335241865075,0.,0.0371281110663999));
#7124=CARTESIAN_POINT('',(0.0587532182543123,0.,0.0328075936691878));
#7125=CARTESIAN_POINT('',(0.0596048611662281,0.,0.0329528657087213));
#7126=CARTESIAN_POINT('',(0.0597049920135146,0.,0.0320947436729313));
#7127=CARTESIAN_POINT('',(0.06345,0.,0.));
#7128=CARTESIAN_POINT('',(0.096568817631439,-0.005,0.00124172493506142));
#7129=CARTESIAN_POINT('',(0.096568817631439,-2.60208521396521E-18,0.00124172493506142));
#7130=CARTESIAN_POINT('',(0.0966437505787413,-0.005,0.00124654470961272));
#7131=CARTESIAN_POINT('',(0.0966437505787413,-2.60208521396521E-18,0.00124654470961272));
#7132=CARTESIAN_POINT('',(0.096701343558966,-0.005,0.00125537297170755));
#7133=CARTESIAN_POINT('',(0.096701343558966,-6.07153216591882E-18,0.00125537297170755));
#7134=CARTESIAN_POINT('',(0.0969049458595983,-0.005,0.00128682468368426));
#7135=CARTESIAN_POINT('',(0.0969049458595983,-1.73472347597681E-18,0.00128682468368426));
#7136=CARTESIAN_POINT('',(0.0971170242746392,-0.005,0.00133104464122509));
#7137=CARTESIAN_POINT('',(0.0971170242746392,-6.07153216591882E-18,0.00133104464122509));
#7138=CARTESIAN_POINT('',(0.0974266922196526,-0.005,0.00140787618593289));
#7139=CARTESIAN_POINT('',(0.0974266922196526,-2.60208521396521E-18,0.00140787618593289));
#7140=CARTESIAN_POINT('',(0.0978591418329169,-0.005,0.0015370235845692));
#7141=CARTESIAN_POINT('',(0.0978591418329169,-4.33680868994202E-18,0.0015370235845692));
#7142=CARTESIAN_POINT('',(0.0986071987285957,-0.005,0.00181235467103731));
#7143=CARTESIAN_POINT('',(0.0986071987285957,-4.33680868994202E-18,0.00181235467103731));
#7144=CARTESIAN_POINT('',(0.0996259259472088,-0.005,0.00227911978416198));
#7145=CARTESIAN_POINT('',(0.0996259259472088,-2.60208521396521E-18,0.00227911978416198));
#7146=CARTESIAN_POINT('',(0.100488627086628,-0.005,0.00278981116964131));
#7147=CARTESIAN_POINT('',(0.100488627086628,-3.46944695195361E-18,0.00278981116964131));
#7148=CARTESIAN_POINT('',(0.100924472291476,-0.005,0.00306984139944113));
#7149=CARTESIAN_POINT('',(0.100924472291476,-3.46944695195361E-18,0.00306984139944113));
#7150=CARTESIAN_POINT('',(0.0965688176165331,-1.7347234759768E-18,0.00124172493410266));
#7151=CARTESIAN_POINT('',(0.06345,-0.005,0.));
#7152=CARTESIAN_POINT('',(0.0957603852387149,-0.005,-0.00036967820578808));
#7153=CARTESIAN_POINT('',(0.0957603852387149,-0.005,0.00036967820578808));
#7154=CARTESIAN_POINT('',(0.096568817631439,-0.005,-0.00124172493506142));
#7155=CARTESIAN_POINT('',(0.096568817631439,2.60208521396521E-18,-0.00124172493506142));
#7156=CARTESIAN_POINT('',(0.0966437505787413,-0.005,-0.00124654470961272));
#7157=CARTESIAN_POINT('',(0.0966437505787413,1.73472347597681E-18,-0.00124654470961272));
#7158=CARTESIAN_POINT('',(0.096701343558966,-0.005,-0.00125537297170755));
#7159=CARTESIAN_POINT('',(0.096701343558966,1.73472347597681E-18,-0.00125537297170755));
#7160=CARTESIAN_POINT('',(0.0969049458595983,-0.005,-0.00128682468368426));
#7161=CARTESIAN_POINT('',(0.0969049458595983,1.73472347597681E-18,-0.00128682468368426));
#7162=CARTESIAN_POINT('',(0.0971170242746392,-0.005,-0.00133104464122509));
#7163=CARTESIAN_POINT('',(0.0971170242746392,5.20417042793042E-18,-0.00133104464122509));
#7164=CARTESIAN_POINT('',(0.0974266922196527,-0.005,-0.00140787618593289));
#7165=CARTESIAN_POINT('',(0.0974266922196527,0.,-0.00140787618593289));
#7166=CARTESIAN_POINT('',(0.0978591418329169,-0.005,-0.0015370235845692));
#7167=CARTESIAN_POINT('',(0.0978591418329169,4.33680868994202E-18,-0.0015370235845692));
#7168=CARTESIAN_POINT('',(0.0986071987285957,-0.005,-0.00181235467103731));
#7169=CARTESIAN_POINT('',(0.0986071987285957,8.67361737988404E-19,-0.00181235467103731));
#7170=CARTESIAN_POINT('',(0.0996259259472087,-0.005,-0.00227911978416198));
#7171=CARTESIAN_POINT('',(0.0996259259472087,5.20417042793042E-18,-0.00227911978416198));
#7172=CARTESIAN_POINT('',(0.100488627086628,-0.005,-0.00278981116964131));
#7173=CARTESIAN_POINT('',(0.100488627086628,4.33680868994202E-18,-0.00278981116964131));
#7174=CARTESIAN_POINT('',(0.100924472291476,-0.005,-0.00306984139944113));
#7175=CARTESIAN_POINT('',(0.100924472291476,4.33680868994202E-18,-0.00306984139944113));
#7176=CARTESIAN_POINT('',(0.0965688176165331,-0.005,-0.00124172493410266));
#7177=CARTESIAN_POINT('',(0.0966242729157986,-0.0025,0.000379562348119013));
#7178=CARTESIAN_POINT('',(0.0966242729157986,-0.0025,-0.000379562348119013));
#7179=CARTESIAN_POINT('',(0.0961032611361117,-0.005,-0.00567119910563584));
#7180=CARTESIAN_POINT('',(0.0961032611361117,-1.73472347597681E-18,-0.00567119910563584));
#7181=CARTESIAN_POINT('',(0.0961775587062077,-0.005,-0.00568206409049399));
#7182=CARTESIAN_POINT('',(0.0961775587062077,-1.73472347597681E-18,-0.00568206409049399));
#7183=CARTESIAN_POINT('',(0.0962357286405327,-0.005,-0.00568540300100503));
#7184=CARTESIAN_POINT('',(0.0962357286405327,-2.60208521396521E-18,-0.00568540300100503));
#7185=CARTESIAN_POINT('',(0.0964414209210163,-0.005,-0.00569696988297491));
#7186=CARTESIAN_POINT('',(0.0964414209210163,1.73472347597681E-18,-0.00569696988297491));
#7187=CARTESIAN_POINT('',(0.0966580587599962,-0.005,-0.00569780981945889));
#7188=CARTESIAN_POINT('',(0.0966580587599962,-2.60208521396521E-18,-0.00569780981945889));
#7189=CARTESIAN_POINT('',(0.0969769338938035,-0.005,-0.00568704081438209));
#7190=CARTESIAN_POINT('',(0.0969769338938035,1.73472347597681E-18,-0.00568704081438209));
#7191=CARTESIAN_POINT('',(0.0974267846994715,-0.005,-0.00565062692655221));
#7192=CARTESIAN_POINT('',(0.0974267846994715,0.,-0.00565062692655221));
#7193=CARTESIAN_POINT('',(0.0982157393089144,-0.005,-0.00553684225892446));
#7194=CARTESIAN_POINT('',(0.0982157393089144,0.,-0.00553684225892446));
#7195=CARTESIAN_POINT('',(0.0993092508174875,-0.005,-0.00529208238191923));
#7196=CARTESIAN_POINT('',(0.0993092508174875,8.67361737988404E-19,-0.00529208238191923));
#7197=CARTESIAN_POINT('',(0.100259278576601,-0.005,-0.00497191648106416));
#7198=CARTESIAN_POINT('',(0.100259278576601,0.,-0.00497191648106416));
#7199=CARTESIAN_POINT('',(0.100743821076573,-0.005,-0.00478862289712732));
#7200=CARTESIAN_POINT('',(0.100743821076573,0.,-0.00478862289712732));
#7201=CARTESIAN_POINT('',(0.0961032611213322,-1.7347234759768E-18,-0.00567119910347455));
#7202=CARTESIAN_POINT('',(0.06345,-0.005,0.));
#7203=CARTESIAN_POINT('',(0.0949774653792101,-0.005,-0.00707930667598959));
#7204=CARTESIAN_POINT('',(0.0951311862208578,-0.005,-0.00635610697591922));
#7205=CARTESIAN_POINT('',(0.0955869228745533,-0.005,-0.00810037963763919));
#7206=CARTESIAN_POINT('',(0.0955869228745533,0.,-0.00810037963763919));
#7207=CARTESIAN_POINT('',(0.0956592162696967,-0.005,-0.00812067352432421));
#7208=CARTESIAN_POINT('',(0.0956592162696967,0.,-0.00812067352432421));
#7209=CARTESIAN_POINT('',(0.0957137152062234,-0.005,-0.00814128312160865));
#7210=CARTESIAN_POINT('',(0.0957137152062234,1.73472347597681E-18,-0.00814128312160865));
#7211=CARTESIAN_POINT('',(0.0959063291294747,-0.005,-0.0082143788367965));
#7212=CARTESIAN_POINT('',(0.0959063291294747,0.,-0.0082143788367965));
#7213=CARTESIAN_POINT('',(0.0961045792761741,-0.005,-0.00830172606402671));
#7214=CARTESIAN_POINT('',(0.0961045792761741,8.67361737988404E-19,-0.00830172606402671));
#7215=CARTESIAN_POINT('',(0.0963915060572448,-0.005,-0.00844126224118312));
#7216=CARTESIAN_POINT('',(0.0963915060572448,-1.73472347597681E-18,-0.00844126224118312));
#7217=CARTESIAN_POINT('',(0.0967876543548823,-0.005,-0.0086574987895875));
#7218=CARTESIAN_POINT('',(0.0967876543548823,3.46944695195361E-18,-0.0086574987895875));
#7219=CARTESIAN_POINT('',(0.0974621198608806,-0.005,-0.00908234300523218));
#7220=CARTESIAN_POINT('',(0.0974621198608806,8.67361737988404E-19,-0.00908234300523218));
#7221=CARTESIAN_POINT('',(0.0983615395216848,-0.005,-0.00975071347924524));
#7222=CARTESIAN_POINT('',(0.0983615395216848,0.,-0.00975071347924524));
#7223=CARTESIAN_POINT('',(0.0990992098619165,-0.005,-0.0104296106852342));
#7224=CARTESIAN_POINT('',(0.0990992098619165,8.67361737988404E-19,-0.0104296106852342));
#7225=CARTESIAN_POINT('',(0.0994673092447724,-0.005,-0.0107941388961207));
#7226=CARTESIAN_POINT('',(0.0994673092447724,-8.67361737988404E-19,-0.0107941388961207));
#7227=CARTESIAN_POINT('',(0.0955869228601725,-0.005,-0.00810037963360227));
#7228=CARTESIAN_POINT('',(0.095978250908245,-0.0025,-0.006526051173432));
#7229=CARTESIAN_POINT('',(0.0958204200091087,-0.0025,-0.007268587173715));
#7230=CARTESIAN_POINT('',(0.0865335959837704,-0.005,-0.0237812017900048));
#7231=CARTESIAN_POINT('',(0.0865335959837704,-8.67361737988404E-19,-0.0237812017900048));
#7232=CARTESIAN_POINT('',(0.0865873177027528,-0.005,-0.0238336627633823));
#7233=CARTESIAN_POINT('',(0.0865873177027528,-8.67361737988404E-19,-0.0238336627633823));
#7234=CARTESIAN_POINT('',(0.0866324156058263,-0.005,-0.0238705554282515));
#7235=CARTESIAN_POINT('',(0.0866324156058263,0.,-0.0238705554282515));
#7236=CARTESIAN_POINT('',(0.0867920253137124,-0.005,-0.0240008161213157));
#7237=CARTESIAN_POINT('',(0.0867920253137124,2.60208521396521E-18,-0.0240008161213157));
#7238=CARTESIAN_POINT('',(0.0869667953047936,-0.005,-0.0241288321710463));
#7239=CARTESIAN_POINT('',(0.0869667953047936,-1.73472347597681E-18,-0.0241288321710463));
#7240=CARTESIAN_POINT('',(0.0872311005694933,-0.005,-0.0243075499639015));
#7241=CARTESIAN_POINT('',(0.0872311005694933,1.73472347597681E-18,-0.0243075499639015));
#7242=CARTESIAN_POINT('',(0.087616441062457,-0.005,-0.0245425061791193));
#7243=CARTESIAN_POINT('',(0.087616441062457,-1.73472347597681E-18,-0.0245425061791193));
#7244=CARTESIAN_POINT('',(0.0883215996988553,-0.005,-0.0249141883334678));
#7245=CARTESIAN_POINT('',(0.0883215996988553,2.60208521396521E-18,-0.0249141883334678));
#7246=CARTESIAN_POINT('',(0.0893501353388921,-0.005,-0.0253589233713809));
#7247=CARTESIAN_POINT('',(0.0893501353388921,8.67361737988404E-19,-0.0253589233713809));
#7248=CARTESIAN_POINT('',(0.0903069127359528,-0.005,-0.0256583160226454));
#7249=CARTESIAN_POINT('',(0.0903069127359528,0.,-0.0256583160226454));
#7250=CARTESIAN_POINT('',(0.0908066531184044,-0.005,-0.0257948353338727));
#7251=CARTESIAN_POINT('',(0.0908066531184044,0.,-0.0257948353338727));
#7252=CARTESIAN_POINT('',(0.0865335959730839,-1.7347234759768E-18,-0.0237812017795692));
#7253=CARTESIAN_POINT('',(0.06345,-0.005,0.));
#7254=CARTESIAN_POINT('',(0.0847951432207464,-0.005,-0.0242586586013288));
#7255=CARTESIAN_POINT('',(0.0853445921121928,-0.005,-0.0237639325973356));
#7256=CARTESIAN_POINT('',(0.084688033063456,-0.005,-0.0254429541074619));
#7257=CARTESIAN_POINT('',(0.084688033063456,8.67361737988404E-19,-0.0254429541074619));
#7258=CARTESIAN_POINT('',(0.0847345912014029,-0.005,-0.0255018651981755));
#7259=CARTESIAN_POINT('',(0.0847345912014029,8.67361737988404E-19,-0.0255018651981755));
#7260=CARTESIAN_POINT('',(0.084766567749889,-0.005,-0.0255505723837819));
#7261=CARTESIAN_POINT('',(0.084766567749889,-8.67361737988404E-19,-0.0255505723837819));
#7262=CARTESIAN_POINT('',(0.0848794311037592,-0.005,-0.0257229236830581));
#7263=CARTESIAN_POINT('',(0.0848794311037592,1.73472347597681E-18,-0.0257229236830581));
#7264=CARTESIAN_POINT('',(0.0849884774295818,-0.005,-0.0259101175867936));
#7265=CARTESIAN_POINT('',(0.0849884774295818,8.67361737988404E-19,-0.0259101175867936));
#7266=CARTESIAN_POINT('',(0.0851385887645156,-0.005,-0.0261916560558444));
#7267=CARTESIAN_POINT('',(0.0851385887645156,1.73472347597681E-18,-0.0261916560558444));
#7268=CARTESIAN_POINT('',(0.0853319788154383,-0.005,-0.0265994452253806));
#7269=CARTESIAN_POINT('',(0.0853319788154383,-8.67361737988404E-19,-0.0265994452253806));
#7270=CARTESIAN_POINT('',(0.0856279157074329,-0.005,-0.0273395922934048));
#7271=CARTESIAN_POINT('',(0.0856279157074329,3.46944695195361E-18,-0.0273395922934048));
#7272=CARTESIAN_POINT('',(0.0859627031904059,-0.005,-0.0284089809776624));
#7273=CARTESIAN_POINT('',(0.0859627031904059,1.73472347597681E-18,-0.0284089809776624));
#7274=CARTESIAN_POINT('',(0.0861604452663968,-0.005,-0.029391812101783));
#7275=CARTESIAN_POINT('',(0.0861604452663968,-8.67361737988404E-19,-0.029391812101783));
#7276=CARTESIAN_POINT('',(0.0862439796163424,-0.005,-0.0299030850079398));
#7277=CARTESIAN_POINT('',(0.0862439796163424,1.73472347597681E-18,-0.0299030850079398));
#7278=CARTESIAN_POINT('',(0.0846880330541946,-0.005,-0.0254429540957431));
#7279=CARTESIAN_POINT('',(0.0859299911466132,-0.0025,-0.0243993124722028));
#7280=CARTESIAN_POINT('',(0.0853658515567118,-0.0025,-0.0249072660404984));
#7281=CARTESIAN_POINT('',(0.0810847741539953,-0.005,-0.0280608749445994));
#7282=CARTESIAN_POINT('',(0.0810847741539953,0.,-0.0280608749445994));
#7283=CARTESIAN_POINT('',(0.0811264146748484,-0.005,-0.028123358893268));
#7284=CARTESIAN_POINT('',(0.0811264146748484,8.67361737988404E-19,-0.028123358893268));
#7285=CARTESIAN_POINT('',(0.0811628566642061,-0.005,-0.0281688217461748));
#7286=CARTESIAN_POINT('',(0.0811628566642061,8.67361737988404E-19,-0.0281688217461748));
#7287=CARTESIAN_POINT('',(0.0812918957960867,-0.005,-0.0283294206548031));
#7288=CARTESIAN_POINT('',(0.0812918957960867,8.67361737988404E-19,-0.0283294206548031));
#7289=CARTESIAN_POINT('',(0.0814362306101918,-0.005,-0.0284909759710524));
#7290=CARTESIAN_POINT('',(0.0814362306101918,-8.67361737988404E-19,-0.0284909759710524));
#7291=CARTESIAN_POINT('',(0.0816576026522274,-0.005,-0.0287207405058178));
#7292=CARTESIAN_POINT('',(0.0816576026522274,3.46944695195361E-18,-0.0287207405058178));
#7293=CARTESIAN_POINT('',(0.0819856723869112,-0.005,-0.0290306791574433));
#7294=CARTESIAN_POINT('',(0.0819856723869112,-8.67361737988404E-19,-0.0290306791574433));
#7295=CARTESIAN_POINT('',(0.0825981445500836,-0.005,-0.0295408498893432));
#7296=CARTESIAN_POINT('',(0.0825981445500836,-8.67361737988404E-19,-0.0295408498893432));
#7297=CARTESIAN_POINT('',(0.0835117386049564,-0.005,-0.0301897109836264));
#7298=CARTESIAN_POINT('',(0.0835117386049564,0.,-0.0301897109836264));
#7299=CARTESIAN_POINT('',(0.0843853608879848,-0.005,-0.0306814863934973));
#7300=CARTESIAN_POINT('',(0.0843853608879848,2.60208521396521E-18,-0.0306814863934973));
#7301=CARTESIAN_POINT('',(0.0848457967832431,-0.005,-0.0309189242981135));
#7302=CARTESIAN_POINT('',(0.0848457967832431,0.,-0.0309189242981135));
#7303=CARTESIAN_POINT('',(0.081084774145712,-1.7347234759768E-18,-0.02806087493217));
#7304=CARTESIAN_POINT('',(0.06345,-0.005,0.));
#7305=CARTESIAN_POINT('',(0.0792850419019195,-0.005,-0.0281664535256829));
#7306=CARTESIAN_POINT('',(0.0799253433367954,-0.005,-0.0277967753198948));
#7307=CARTESIAN_POINT('',(0.0789340434774437,-0.005,-0.0293025998796608));
#7308=CARTESIAN_POINT('',(0.0789340434774437,8.67361737988404E-19,-0.0293025998796608));
#7309=CARTESIAN_POINT('',(0.0789673359038929,-0.005,-0.0293699036028808));
#7310=CARTESIAN_POINT('',(0.0789673359038929,8.67361737988404E-19,-0.0293699036028808));
#7311=CARTESIAN_POINT('',(0.0789884868947599,-0.005,-0.0294241947178823));
#7312=CARTESIAN_POINT('',(0.0789884868947599,8.67361737988404E-19,-0.0294241947178823));
#7313=CARTESIAN_POINT('',(0.0790630500635117,-0.005,-0.0296162453384874));
#7314=CARTESIAN_POINT('',(0.0790630500635117,-1.73472347597681E-18,-0.0296162453384874));
#7315=CARTESIAN_POINT('',(0.0791307936644476,-0.005,-0.0298220206122775));
#7316=CARTESIAN_POINT('',(0.0791307936644476,-8.67361737988404E-19,-0.0298220206122775));
#7317=CARTESIAN_POINT('',(0.0792190895674253,-0.005,-0.0301286166917508));
#7318=CARTESIAN_POINT('',(0.0792190895674253,-8.67361737988404E-19,-0.0301286166917508));
#7319=CARTESIAN_POINT('',(0.0793234694460057,-0.005,-0.0305677027420125));
#7320=CARTESIAN_POINT('',(0.0793234694460057,2.60208521396521E-18,-0.0305677027420125));
#7321=CARTESIAN_POINT('',(0.0794590541785122,-0.005,-0.0313532045603805));
#7322=CARTESIAN_POINT('',(0.0794590541785122,0.,-0.0313532045603805));
#7323=CARTESIAN_POINT('',(0.0795641873422524,-0.005,-0.0324688307677885));
#7324=CARTESIAN_POINT('',(0.0795641873422524,0.,-0.0324688307677885));
#7325=CARTESIAN_POINT('',(0.0795532661986428,-0.005,-0.0334712975631386));
#7326=CARTESIAN_POINT('',(0.0795532661986428,8.67361737988404E-19,-0.0334712975631386));
#7327=CARTESIAN_POINT('',(0.0795286755082327,-0.005,-0.0339887656975547));
#7328=CARTESIAN_POINT('',(0.0795286755082327,8.67361737988404E-19,-0.0339887656975547));
#7329=CARTESIAN_POINT('',(0.0789340434708211,-0.005,-0.0293025998662726));
#7330=CARTESIAN_POINT('',(0.0803658470936904,-0.0025,-0.0285399819231002));
#7331=CARTESIAN_POINT('',(0.0797084258221082,-0.0025,-0.0289195442712191));
#7332=CARTESIAN_POINT('',(0.0909735539016717,-0.005,-0.01846217600232));
#7333=CARTESIAN_POINT('',(0.0909735539016717,2.60208521396521E-18,-0.01846217600232));
#7334=CARTESIAN_POINT('',(0.0910370089218786,-0.005,-0.018502321204134));
#7335=CARTESIAN_POINT('',(0.0910370089218786,1.73472347597681E-18,-0.018502321204134));
#7336=CARTESIAN_POINT('',(0.0910887917438997,-0.005,-0.0185290312944801));
#7337=CARTESIAN_POINT('',(0.0910887917438997,1.73472347597681E-18,-0.0185290312944801));
#7338=CARTESIAN_POINT('',(0.0912719963176644,-0.005,-0.0186232607546333));
#7339=CARTESIAN_POINT('',(0.0912719963176644,5.20417042793042E-18,-0.0186232607546333));
#7340=CARTESIAN_POINT('',(0.0914695631984721,-0.005,-0.0187121426221828));
#7341=CARTESIAN_POINT('',(0.0914695631984721,8.67361737988404E-19,-0.0187121426221828));
#7342=CARTESIAN_POINT('',(0.0917652502774912,-0.005,-0.0188320028479968));
#7343=CARTESIAN_POINT('',(0.0917652502774912,3.46944695195361E-18,-0.0188320028479968));
#7344=CARTESIAN_POINT('',(0.0921910203001232,-0.005,-0.018981707912757));
#7345=CARTESIAN_POINT('',(0.0921910203001232,2.60208521396521E-18,-0.018981707912757));
#7346=CARTESIAN_POINT('',(0.0929580465936104,-0.005,-0.0191986571958802));
#7347=CARTESIAN_POINT('',(0.0929580465936104,2.60208521396521E-18,-0.0191986571958802));
#7348=CARTESIAN_POINT('',(0.09405657187588,-0.005,-0.0194198291221907));
#7349=CARTESIAN_POINT('',(0.09405657187588,1.73472347597681E-18,-0.0194198291221907));
#7350=CARTESIAN_POINT('',(0.095054688623594,-0.005,-0.0195137541193434));
#7351=CARTESIAN_POINT('',(0.095054688623594,2.60208521396521E-18,-0.0195137541193434));
#7352=CARTESIAN_POINT('',(0.0955718924405054,-0.005,-0.0195433882881888));
#7353=CARTESIAN_POINT('',(0.0955718924405054,2.60208521396521E-18,-0.0195433882881888));
#7354=CARTESIAN_POINT('',(0.0909735538890491,-1.7347234759768E-18,-0.0184621759943342));
#7355=CARTESIAN_POINT('',(0.06345,-0.005,0.));
#7356=CARTESIAN_POINT('',(0.0893723593554656,-0.005,-0.0192906438901377));
#7357=CARTESIAN_POINT('',(0.089806942150378,-0.005,-0.0186924919882724));
#7358=CARTESIAN_POINT('',(0.0895138186932059,-0.005,-0.0204713291519276));
#7359=CARTESIAN_POINT('',(0.0895138186932059,2.60208521396521E-18,-0.0204713291519276));
#7360=CARTESIAN_POINT('',(0.0895716077286114,-0.005,-0.0205192729127838));
#7361=CARTESIAN_POINT('',(0.0895716077286114,3.46944695195361E-18,-0.0205192729127838));
#7362=CARTESIAN_POINT('',(0.0896130123061071,-0.005,-0.0205602674312609));
#7363=CARTESIAN_POINT('',(0.0896130123061071,2.60208521396521E-18,-0.0205602674312609));
#7364=CARTESIAN_POINT('',(0.0897592431749533,-0.005,-0.0207053868303968));
#7365=CARTESIAN_POINT('',(0.0897592431749533,1.73472347597681E-18,-0.0207053868303968));
#7366=CARTESIAN_POINT('',(0.089904826377962,-0.005,-0.0208658180922284));
#7367=CARTESIAN_POINT('',(0.089904826377962,4.33680868994202E-18,-0.0208658180922284));
#7368=CARTESIAN_POINT('',(0.090110192559201,-0.005,-0.0211099943687877));
#7369=CARTESIAN_POINT('',(0.090110192559201,8.67361737988404E-19,-0.0211099943687877));
#7370=CARTESIAN_POINT('',(0.0903841407092522,-0.005,-0.0214686643141002));
#7371=CARTESIAN_POINT('',(0.0903841407092522,4.33680868994202E-18,-0.0214686643141002));
#7372=CARTESIAN_POINT('',(0.0908274958984921,-0.005,-0.0221311086532883));
#7373=CARTESIAN_POINT('',(0.0908274958984921,1.73472347597681E-18,-0.0221311086532883));
#7374=CARTESIAN_POINT('',(0.0913773058812032,-0.005,-0.0231075223973972));
#7375=CARTESIAN_POINT('',(0.0913773058812032,5.20417042793042E-18,-0.0231075223973972));
#7376=CARTESIAN_POINT('',(0.091775068899202,-0.005,-0.0240277634140171));
#7377=CARTESIAN_POINT('',(0.091775068899202,3.46944695195361E-18,-0.0240277634140171));
#7378=CARTESIAN_POINT('',(0.0919630774375686,-0.005,-0.0245104960125561));
#7379=CARTESIAN_POINT('',(0.0919630774375686,2.60208521396521E-18,-0.0245104960125561));
#7380=CARTESIAN_POINT('',(0.0895138186817103,-0.005,-0.0204713291423905));
#7381=CARTESIAN_POINT('',(0.0905116517154635,-0.0025,-0.0191922759853789));
#7382=CARTESIAN_POINT('',(0.0900654494143637,-0.0025,-0.0198064207654851));
#7383=CARTESIAN_POINT('',(0.0942106004414052,-0.005,-0.0123362645319842));
#7384=CARTESIAN_POINT('',(0.0942106004414052,-1.73472347597681E-18,-0.0123362645319842));
#7385=CARTESIAN_POINT('',(0.0942810154739624,-0.005,-0.0123623394242775));
#7386=CARTESIAN_POINT('',(0.0942810154739624,-8.67361737988404E-19,-0.0123623394242775));
#7387=CARTESIAN_POINT('',(0.0943372200571272,-0.005,-0.0123776995809832));
#7388=CARTESIAN_POINT('',(0.0943372200571272,0.,-0.0123776995809832));
#7389=CARTESIAN_POINT('',(0.094536012577784,-0.005,-0.0124317795286536));
#7390=CARTESIAN_POINT('',(0.094536012577784,-4.33680868994202E-18,-0.0124317795286536));
#7391=CARTESIAN_POINT('',(0.0947477417275958,-0.005,-0.0124776426499075));
#7392=CARTESIAN_POINT('',(0.0947477417275958,-8.67361737988404E-19,-0.0124776426499075));
#7393=CARTESIAN_POINT('',(0.0950618876767172,-0.005,-0.012533406841659));
#7394=CARTESIAN_POINT('',(0.0950618876767172,-3.46944695195361E-18,-0.012533406841659));
#7395=CARTESIAN_POINT('',(0.0955094790359573,-0.005,-0.0125913179262669));
#7396=CARTESIAN_POINT('',(0.0955094790359573,8.67361737988404E-19,-0.0125913179262669));
#7397=CARTESIAN_POINT('',(0.0963048502569074,-0.005,-0.0126440526134543));
#7398=CARTESIAN_POINT('',(0.0963048502569074,-2.60208521396521E-18,-0.0126440526134543));
#7399=CARTESIAN_POINT('',(0.0974253543552654,-0.005,-0.0126319951536818));
#7400=CARTESIAN_POINT('',(0.0974253543552654,8.67361737988404E-19,-0.0126319951536818));
#7401=CARTESIAN_POINT('',(0.098421187962262,-0.005,-0.0125163475236449));
#7402=CARTESIAN_POINT('',(0.098421187962262,0.,-0.0125163475236449));
#7403=CARTESIAN_POINT('',(0.0989332509250151,-0.005,-0.0124378013947293));
#7404=CARTESIAN_POINT('',(0.0989332509250151,-1.73472347597681E-18,-0.0124378013947293));
#7405=CARTESIAN_POINT('',(0.094210600427398,-1.7347234759768E-18,-0.0123362645267973));
#7406=CARTESIAN_POINT('',(0.06345,-0.005,0.));
#7407=CARTESIAN_POINT('',(0.09281664399707,-0.005,-0.0134795354741679));
#7408=CARTESIAN_POINT('',(0.0931173673419511,-0.005,-0.0128040997827936));
#7409=CARTESIAN_POINT('',(0.0932004903779843,-0.005,-0.014605008880118));
#7410=CARTESIAN_POINT('',(0.0932004903779843,0.,-0.014605008880118));
#7411=CARTESIAN_POINT('',(0.0932669846526988,-0.005,-0.0146398899387077));
#7412=CARTESIAN_POINT('',(0.0932669846526988,0.,-0.0146398899387077));
#7413=CARTESIAN_POINT('',(0.0933160076804865,-0.005,-0.0146713801328846));
#7414=CARTESIAN_POINT('',(0.0933160076804865,-8.67361737988404E-19,-0.0146713801328846));
#7415=CARTESIAN_POINT('',(0.0934892150736464,-0.005,-0.0147829252177778));
#7416=CARTESIAN_POINT('',(0.0934892150736464,-8.67361737988404E-19,-0.0147829252177778));
#7417=CARTESIAN_POINT('',(0.0936649724692839,-0.005,-0.0149095822217289));
#7418=CARTESIAN_POINT('',(0.0936649724692839,-2.60208521396521E-18,-0.0149095822217289));
#7419=CARTESIAN_POINT('',(0.0939166180092517,-0.005,-0.0151057246308234));
#7420=CARTESIAN_POINT('',(0.0939166180092517,1.73472347597681E-18,-0.0151057246308234));
#7421=CARTESIAN_POINT('',(0.0942591514097252,-0.005,-0.0153995997542125));
#7422=CARTESIAN_POINT('',(0.0942591514097252,1.73472347597681E-18,-0.0153995997542125));
#7423=CARTESIAN_POINT('',(0.0948305481469864,-0.005,-0.0159553893681813));
#7424=CARTESIAN_POINT('',(0.0948305481469864,0.,-0.0159553893681813));
#7425=CARTESIAN_POINT('',(0.09557135129491,-0.005,-0.016796154206171));
#7426=CARTESIAN_POINT('',(0.09557135129491,8.67361737988404E-19,-0.016796154206171));
#7427=CARTESIAN_POINT('',(0.0961517511023515,-0.005,-0.0176135861670578));
#7428=CARTESIAN_POINT('',(0.0961517511023515,0.,-0.0176135861670578));
#7429=CARTESIAN_POINT('',(0.0964360169538474,-0.005,-0.0180466807270147));
#7430=CARTESIAN_POINT('',(0.0964360169538474,0.,-0.0180466807270147));
#7431=CARTESIAN_POINT('',(0.0932004903647571,-0.005,-0.0146050088731794));
#7432=CARTESIAN_POINT('',(0.0939105882481357,-0.0025,-0.0131464449432361));
#7433=CARTESIAN_POINT('',(0.0936018244175119,-0.0025,-0.0138399398612686));
#7434=CARTESIAN_POINT('',(0.0748652280726557,-0.005,-0.0311141532130977));
#7435=CARTESIAN_POINT('',(0.0748652280726557,-8.67361737988404E-19,-0.0311141532130977));
#7436=CARTESIAN_POINT('',(0.0748929675048048,-0.005,-0.0311839292886694));
#7437=CARTESIAN_POINT('',(0.0748929675048048,-8.67361737988404E-19,-0.0311839292886694));
#7438=CARTESIAN_POINT('',(0.0749191608906438,-0.005,-0.0312359753847869));
#7439=CARTESIAN_POINT('',(0.0749191608906438,-2.60208521396521E-18,-0.0312359753847869));
#7440=CARTESIAN_POINT('',(0.075011989817257,-0.005,-0.031419893566033));
#7441=CARTESIAN_POINT('',(0.075011989817257,1.73472347597681E-18,-0.031419893566033));
#7442=CARTESIAN_POINT('',(0.0751195813304143,-0.005,-0.0316079274062525));
#7443=CARTESIAN_POINT('',(0.0751195813304143,-2.60208521396521E-18,-0.0316079274062525));
#7444=CARTESIAN_POINT('',(0.0752883451292879,-0.005,-0.0318786968702264));
#7445=CARTESIAN_POINT('',(0.0752883451292879,0.,-0.0318786968702264));
#7446=CARTESIAN_POINT('',(0.0755448058840331,-0.005,-0.0322500721519328));
#7447=CARTESIAN_POINT('',(0.0755448058840331,0.,-0.0322500721519328));
#7448=CARTESIAN_POINT('',(0.0760378236014814,-0.005,-0.0328764345523293));
#7449=CARTESIAN_POINT('',(0.0760378236014814,0.,-0.0328764345523293));
#7450=CARTESIAN_POINT('',(0.0767965476270815,-0.005,-0.0337010633595816));
#7451=CARTESIAN_POINT('',(0.0767965476270815,-1.73472347597681E-18,-0.0337010633595816));
#7452=CARTESIAN_POINT('',(0.0775488333102046,-0.005,-0.0343637285828471));
#7453=CARTESIAN_POINT('',(0.0775488333102046,0.,-0.0343637285828471));
#7454=CARTESIAN_POINT('',(0.0779498414602302,-0.005,-0.0346917079050671));
#7455=CARTESIAN_POINT('',(0.0779498414602302,0.,-0.0346917079050671));
#7456=CARTESIAN_POINT('',(0.0748652280671376,-1.7347234759768E-18,-0.0311141531992177));
#7457=CARTESIAN_POINT('',(0.06345,-0.005,0.));
#7458=CARTESIAN_POINT('',(0.0730828732670173,-0.005,-0.0308432392733251));
#7459=CARTESIAN_POINT('',(0.0737860430001114,-0.005,-0.030614765577248));
#7460=CARTESIAN_POINT('',(0.072503326890783,-0.005,-0.0318815814276439));
#7461=CARTESIAN_POINT('',(0.072503326890783,-2.60208521396521E-18,-0.0318815814276439));
#7462=CARTESIAN_POINT('',(0.0725218985669439,-0.005,-0.0319543362877064));
#7463=CARTESIAN_POINT('',(0.0725218985669439,-2.60208521396521E-18,-0.0319543362877064));
#7464=CARTESIAN_POINT('',(0.0725312996003972,-0.005,-0.0320118385498601));
#7465=CARTESIAN_POINT('',(0.0725312996003972,-8.67361737988404E-19,-0.0320118385498601));
#7466=CARTESIAN_POINT('',(0.0725643038157623,-0.005,-0.0322151949581122));
#7467=CARTESIAN_POINT('',(0.0725643038157623,-1.73472347597681E-18,-0.0322151949581122));
#7468=CARTESIAN_POINT('',(0.0725877839713806,-0.005,-0.032430558235073));
#7469=CARTESIAN_POINT('',(0.0725877839713806,-2.60208521396521E-18,-0.032430558235073));
#7470=CARTESIAN_POINT('',(0.0726104054877515,-0.005,-0.0327488122050845));
#7471=CARTESIAN_POINT('',(0.0726104054877515,-2.60208521396521E-18,-0.0327488122050845));
#7472=CARTESIAN_POINT('',(0.0726212132924254,-0.005,-0.0332000049687067));
#7473=CARTESIAN_POINT('',(0.0726212132924254,0.,-0.0332000049687067));
#7474=CARTESIAN_POINT('',(0.0725905201620253,-0.005,-0.0339965313387));
#7475=CARTESIAN_POINT('',(0.0725905201620253,-2.60208521396521E-18,-0.0339965313387));
#7476=CARTESIAN_POINT('',(0.0724614041827927,-0.005,-0.0351096368506261));
#7477=CARTESIAN_POINT('',(0.0724614041827927,8.67361737988404E-19,-0.0351096368506261));
#7478=CARTESIAN_POINT('',(0.0722422971259638,-0.005,-0.0360879267078796));
#7479=CARTESIAN_POINT('',(0.0722422971259638,-1.73472347597681E-18,-0.0360879267078796));
#7480=CARTESIAN_POINT('',(0.072110656126368,-0.005,-0.0365889742299933));
#7481=CARTESIAN_POINT('',(0.072110656126368,-1.73472347597681E-18,-0.0365889742299933));
#7482=CARTESIAN_POINT('',(0.0725033268870886,-0.005,-0.0318815814131714));
#7483=CARTESIAN_POINT('',(0.0740623993515332,-0.0025,-0.0314333172139304));
#7484=CARTESIAN_POINT('',(0.0733404288624954,-0.0025,-0.0316678996459177));
#7485=CARTESIAN_POINT('',(0.0681467817481993,-0.005,-0.0328075936839118));
#7486=CARTESIAN_POINT('',(0.0681467817481993,-8.67361737988404E-19,-0.0328075936839118));
#7487=CARTESIAN_POINT('',(0.0681594077453509,-0.005,-0.0328816123370613));
#7488=CARTESIAN_POINT('',(0.0681594077453509,-8.67361737988404E-19,-0.0328816123370613));
#7489=CARTESIAN_POINT('',(0.0681742077510202,-0.005,-0.0329379670122441));
#7490=CARTESIAN_POINT('',(0.0681742077510202,-1.73472347597681E-18,-0.0329379670122441));
#7491=CARTESIAN_POINT('',(0.0682267694028307,-0.005,-0.0331371663590503));
#7492=CARTESIAN_POINT('',(0.0682267694028307,-2.60208521396521E-18,-0.0331371663590503));
#7493=CARTESIAN_POINT('',(0.0682929153496338,-0.005,-0.033343460742136));
#7494=CARTESIAN_POINT('',(0.0682929153496338,1.73472347597681E-18,-0.033343460742136));
#7495=CARTESIAN_POINT('',(0.0684016951175161,-0.005,-0.0336434012104468));
#7496=CARTESIAN_POINT('',(0.0684016951175161,-4.33680868994202E-18,-0.0336434012104468));
#7497=CARTESIAN_POINT('',(0.068575338326705,-0.005,-0.0340599822403671));
#7498=CARTESIAN_POINT('',(0.068575338326705,1.73472347597681E-18,-0.0340599822403671));
#7499=CARTESIAN_POINT('',(0.0689273543584152,-0.005,-0.0347751612667426));
#7500=CARTESIAN_POINT('',(0.0689273543584152,-4.33680868994202E-18,-0.0347751612667426));
#7501=CARTESIAN_POINT('',(0.0694980484740623,-0.005,-0.035739517551079));
#7502=CARTESIAN_POINT('',(0.0694980484740623,0.,-0.035739517551079));
#7503=CARTESIAN_POINT('',(0.07009611906306,-0.005,-0.036544110937662));
#7504=CARTESIAN_POINT('',(0.07009611906306,8.67361737988404E-19,-0.036544110937662));
#7505=CARTESIAN_POINT('',(0.0704201734874464,-0.005,-0.0369482974072853));
#7506=CARTESIAN_POINT('',(0.0704201734874464,-8.67361737988404E-19,-0.0369482974072853));
#7507=CARTESIAN_POINT('',(0.0681467817456877,-1.7347234759768E-18,-0.0328075936691878));
#7508=CARTESIAN_POINT('',(0.06345,-0.005,0.));
#7509=CARTESIAN_POINT('',(0.066459701846692,-0.005,-0.0321720274624404));
#7510=CARTESIAN_POINT('',(0.0671950079864854,-0.005,-0.0320947436729313));
#7511=CARTESIAN_POINT('',(0.0656769364763127,-0.005,-0.033067184882438));
#7512=CARTESIAN_POINT('',(0.0656769364763127,-2.60208521396521E-18,-0.033067184882438));
#7513=CARTESIAN_POINT('',(0.0656799757308203,-0.005,-0.0331422111428418));
#7514=CARTESIAN_POINT('',(0.0656799757308203,-2.60208521396521E-18,-0.0331422111428418));
#7515=CARTESIAN_POINT('',(0.0656772159365868,-0.005,-0.0332004114273648));
#7516=CARTESIAN_POINT('',(0.0656772159365868,-6.07153216591882E-18,-0.0332004114273648));
#7517=CARTESIAN_POINT('',(0.065667218755982,-0.005,-0.0334061859724111));
#7518=CARTESIAN_POINT('',(0.065667218755982,-8.67361737988404E-19,-0.0334061859724111));
#7519=CARTESIAN_POINT('',(0.0656454092708119,-0.005,-0.0336217248439117));
#7520=CARTESIAN_POINT('',(0.0656454092708119,-6.07153216591882E-18,-0.0336217248439117));
#7521=CARTESIAN_POINT('',(0.0656013677317605,-0.005,-0.0339377274788201));
#7522=CARTESIAN_POINT('',(0.0656013677317605,-2.60208521396521E-18,-0.0339377274788201));
#7523=CARTESIAN_POINT('',(0.065518131109602,-0.005,-0.0343813076669694));
#7524=CARTESIAN_POINT('',(0.065518131109602,-2.60208521396521E-18,-0.0343813076669694));
#7525=CARTESIAN_POINT('',(0.065322501553376,-0.005,-0.0351540465640616));
#7526=CARTESIAN_POINT('',(0.065322501553376,-5.20417042793042E-18,-0.0351540465640616));
#7527=CARTESIAN_POINT('',(0.0649647794190301,-0.005,-0.0362159833283617));
#7528=CARTESIAN_POINT('',(0.0649647794190301,-2.60208521396521E-18,-0.0362159833283617));
#7529=CARTESIAN_POINT('',(0.0645470624787576,-0.005,-0.0371273402864011));
#7530=CARTESIAN_POINT('',(0.0645470624787576,-2.60208521396521E-18,-0.0371273402864011));
#7531=CARTESIAN_POINT('',(0.0643141245133421,-0.005,-0.0375900690152034));
#7532=CARTESIAN_POINT('',(0.0643141245133421,-4.33680868994202E-18,-0.0375900690152034));
#7533=CARTESIAN_POINT('',(0.0656769364757081,-0.005,-0.0330671848675136));
#7534=CARTESIAN_POINT('',(0.0672951388337719,-0.0025,-0.0329528657087213));
#7535=CARTESIAN_POINT('',(0.0665401727020484,-0.0025,-0.0330322158466475));
#7536=CARTESIAN_POINT('',(0.0612230635236874,-0.005,-0.033067184882438));
#7537=CARTESIAN_POINT('',(0.0612230635236874,-2.60208521396521E-18,-0.033067184882438));
#7538=CARTESIAN_POINT('',(0.0612200242691798,-0.005,-0.0331422111428418));
#7539=CARTESIAN_POINT('',(0.0612200242691798,-2.60208521396521E-18,-0.0331422111428418));
#7540=CARTESIAN_POINT('',(0.0612227840634132,-0.005,-0.0332004114273648));
#7541=CARTESIAN_POINT('',(0.0612227840634132,-2.60208521396521E-18,-0.0332004114273648));
#7542=CARTESIAN_POINT('',(0.061232781244018,-0.005,-0.0334061859724112));
#7543=CARTESIAN_POINT('',(0.061232781244018,-3.46944695195361E-18,-0.0334061859724112));
#7544=CARTESIAN_POINT('',(0.0612545907291881,-0.005,-0.0336217248439117));
#7545=CARTESIAN_POINT('',(0.0612545907291881,-8.67361737988404E-19,-0.0336217248439117));
#7546=CARTESIAN_POINT('',(0.0612986322682395,-0.005,-0.0339377274788201));
#7547=CARTESIAN_POINT('',(0.0612986322682395,-3.46944695195361E-18,-0.0339377274788201));
#7548=CARTESIAN_POINT('',(0.061381868890398,-0.005,-0.0343813076669694));
#7549=CARTESIAN_POINT('',(0.061381868890398,-1.73472347597681E-18,-0.0343813076669694));
#7550=CARTESIAN_POINT('',(0.061577498446624,-0.005,-0.0351540465640615));
#7551=CARTESIAN_POINT('',(0.061577498446624,-4.33680868994202E-18,-0.0351540465640615));
#7552=CARTESIAN_POINT('',(0.0619352205809699,-0.005,-0.0362159833283617));
#7553=CARTESIAN_POINT('',(0.0619352205809699,0.,-0.0362159833283617));
#7554=CARTESIAN_POINT('',(0.0623529375212424,-0.005,-0.0371273402864011));
#7555=CARTESIAN_POINT('',(0.0623529375212424,-4.33680868994202E-18,-0.0371273402864011));
#7556=CARTESIAN_POINT('',(0.062585875486658,-0.005,-0.0375900690152034));
#7557=CARTESIAN_POINT('',(0.062585875486658,-3.46944695195361E-18,-0.0375900690152034));
#7558=CARTESIAN_POINT('',(0.0612230635242919,-1.7347234759768E-18,-0.0330671848675136));
#7559=CARTESIAN_POINT('',(0.06345,-0.005,0.));
#7560=CARTESIAN_POINT('',(0.0597049920135146,-0.005,-0.0320947436729313));
#7561=CARTESIAN_POINT('',(0.060440298153308,-0.005,-0.0321720274624404));
#7562=CARTESIAN_POINT('',(0.0587532182518007,-0.005,-0.0328075936839118));
#7563=CARTESIAN_POINT('',(0.0587532182518007,8.67361737988404E-19,-0.0328075936839118));
#7564=CARTESIAN_POINT('',(0.0587405922546491,-0.005,-0.0328816123370613));
#7565=CARTESIAN_POINT('',(0.0587405922546491,8.67361737988404E-19,-0.0328816123370613));
#7566=CARTESIAN_POINT('',(0.0587257922489799,-0.005,-0.0329379670122441));
#7567=CARTESIAN_POINT('',(0.0587257922489799,1.73472347597681E-18,-0.0329379670122441));
#7568=CARTESIAN_POINT('',(0.0586732305971693,-0.005,-0.0331371663590503));
#7569=CARTESIAN_POINT('',(0.0586732305971693,-8.67361737988404E-19,-0.0331371663590503));
#7570=CARTESIAN_POINT('',(0.0586070846503662,-0.005,-0.033343460742136));
#7571=CARTESIAN_POINT('',(0.0586070846503662,8.67361737988404E-19,-0.033343460742136));
#7572=CARTESIAN_POINT('',(0.0584983048824839,-0.005,-0.0336434012104467));
#7573=CARTESIAN_POINT('',(0.0584983048824839,2.60208521396521E-18,-0.0336434012104467));
#7574=CARTESIAN_POINT('',(0.058324661673295,-0.005,-0.0340599822403671));
#7575=CARTESIAN_POINT('',(0.058324661673295,8.67361737988404E-19,-0.0340599822403671));
#7576=CARTESIAN_POINT('',(0.0579726456415848,-0.005,-0.0347751612667426));
#7577=CARTESIAN_POINT('',(0.0579726456415848,-1.73472347597681E-18,-0.0347751612667426));
#7578=CARTESIAN_POINT('',(0.0574019515259378,-0.005,-0.035739517551079));
#7579=CARTESIAN_POINT('',(0.0574019515259378,8.67361737988404E-19,-0.035739517551079));
#7580=CARTESIAN_POINT('',(0.0568038809369398,-0.005,-0.036544110937662));
#7581=CARTESIAN_POINT('',(0.0568038809369398,2.60208521396521E-18,-0.036544110937662));
#7582=CARTESIAN_POINT('',(0.0564798265125536,-0.005,-0.0369482974072853));
#7583=CARTESIAN_POINT('',(0.0564798265125536,8.67361737988404E-19,-0.0369482974072853));
#7584=CARTESIAN_POINT('',(0.0587532182543123,-0.005,-0.0328075936691877));
#7585=CARTESIAN_POINT('',(0.0603598272979516,-0.0025,-0.0330322158466475));
#7586=CARTESIAN_POINT('',(0.0596048611662281,-0.0025,-0.0329528657087213));
#7587=CARTESIAN_POINT('',(0.0543966731092171,-0.005,-0.031881581427644));
#7588=CARTESIAN_POINT('',(0.0543966731092171,-8.67361737988404E-19,-0.031881581427644));
#7589=CARTESIAN_POINT('',(0.0543781014330561,-0.005,-0.0319543362877065));
#7590=CARTESIAN_POINT('',(0.0543781014330561,-1.73472347597681E-18,-0.0319543362877065));
#7591=CARTESIAN_POINT('',(0.0543687003996029,-0.005,-0.0320118385498601));
#7592=CARTESIAN_POINT('',(0.0543687003996029,0.,-0.0320118385498601));
#7593=CARTESIAN_POINT('',(0.0543356961842377,-0.005,-0.0322151949581122));
#7594=CARTESIAN_POINT('',(0.0543356961842377,-8.67361737988404E-19,-0.0322151949581122));
#7595=CARTESIAN_POINT('',(0.0543122160286194,-0.005,-0.032430558235073));
#7596=CARTESIAN_POINT('',(0.0543122160286194,0.,-0.032430558235073));
#7597=CARTESIAN_POINT('',(0.0542895945122485,-0.005,-0.0327488122050846));
#7598=CARTESIAN_POINT('',(0.0542895945122485,-8.67361737988404E-19,-0.0327488122050846));
#7599=CARTESIAN_POINT('',(0.0542787867075746,-0.005,-0.0332000049687068));
#7600=CARTESIAN_POINT('',(0.0542787867075746,3.46944695195361E-18,-0.0332000049687068));
#7601=CARTESIAN_POINT('',(0.0543094798379747,-0.005,-0.0339965313387));
#7602=CARTESIAN_POINT('',(0.0543094798379747,-4.33680868994202E-18,-0.0339965313387));
#7603=CARTESIAN_POINT('',(0.0544385958172074,-0.005,-0.0351096368506261));
#7604=CARTESIAN_POINT('',(0.0544385958172074,1.73472347597681E-18,-0.0351096368506261));
#7605=CARTESIAN_POINT('',(0.0546577028740362,-0.005,-0.0360879267078796));
#7606=CARTESIAN_POINT('',(0.0546577028740362,8.67361737988404E-19,-0.0360879267078796));
#7607=CARTESIAN_POINT('',(0.0547893438736321,-0.005,-0.0365889742299933));
#7608=CARTESIAN_POINT('',(0.0547893438736321,0.,-0.0365889742299933));
#7609=CARTESIAN_POINT('',(0.0543966731129114,-1.7347234759768E-18,-0.0318815814131714));
#7610=CARTESIAN_POINT('',(0.06345,-0.005,0.));
#7611=CARTESIAN_POINT('',(0.0531139569998886,-0.005,-0.030614765577248));
#7612=CARTESIAN_POINT('',(0.0538171267329827,-0.005,-0.0308432392733251));
#7613=CARTESIAN_POINT('',(0.0520347719273444,-0.005,-0.0311141532130977));
#7614=CARTESIAN_POINT('',(0.0520347719273444,-2.60208521396521E-18,-0.0311141532130977));
#7615=CARTESIAN_POINT('',(0.0520070324951953,-0.005,-0.0311839292886694));
#7616=CARTESIAN_POINT('',(0.0520070324951953,-2.60208521396521E-18,-0.0311839292886694));
#7617=CARTESIAN_POINT('',(0.0519808391093563,-0.005,-0.0312359753847869));
#7618=CARTESIAN_POINT('',(0.0519808391093563,-1.73472347597681E-18,-0.0312359753847869));
#7619=CARTESIAN_POINT('',(0.051888010182743,-0.005,-0.031419893566033));
#7620=CARTESIAN_POINT('',(0.051888010182743,-3.46944695195361E-18,-0.031419893566033));
#7621=CARTESIAN_POINT('',(0.0517804186695857,-0.005,-0.0316079274062524));
#7622=CARTESIAN_POINT('',(0.0517804186695857,-1.73472347597681E-18,-0.0316079274062524));
#7623=CARTESIAN_POINT('',(0.0516116548707121,-0.005,-0.0318786968702265));
#7624=CARTESIAN_POINT('',(0.0516116548707121,-6.07153216591882E-18,-0.0318786968702265));
#7625=CARTESIAN_POINT('',(0.0513551941159669,-0.005,-0.0322500721519328));
#7626=CARTESIAN_POINT('',(0.0513551941159669,-3.46944695195361E-18,-0.0322500721519328));
#7627=CARTESIAN_POINT('',(0.0508621763985187,-0.005,-0.0328764345523293));
#7628=CARTESIAN_POINT('',(0.0508621763985187,-5.20417042793042E-18,-0.0328764345523293));
#7629=CARTESIAN_POINT('',(0.0501034523729184,-0.005,-0.0337010633595816));
#7630=CARTESIAN_POINT('',(0.0501034523729184,-1.73472347597681E-18,-0.0337010633595816));
#7631=CARTESIAN_POINT('',(0.0493511666897954,-0.005,-0.0343637285828471));
#7632=CARTESIAN_POINT('',(0.0493511666897954,-4.33680868994202E-18,-0.0343637285828471));
#7633=CARTESIAN_POINT('',(0.0489501585397698,-0.005,-0.0346917079050671));
#7634=CARTESIAN_POINT('',(0.0489501585397698,-4.33680868994202E-18,-0.0346917079050671));
#7635=CARTESIAN_POINT('',(0.0520347719328624,-0.005,-0.0311141531992177));
#7636=CARTESIAN_POINT('',(0.0535595711375046,-0.0025,-0.0316678996459177));
#7637=CARTESIAN_POINT('',(0.0528376006484668,-0.0025,-0.0314333172139304));
#7638=CARTESIAN_POINT('',(0.0336995096220156,-0.005,-0.014605008880118));
#7639=CARTESIAN_POINT('',(0.0336995096220156,8.67361737988404E-19,-0.014605008880118));
#7640=CARTESIAN_POINT('',(0.0336330153473012,-0.005,-0.0146398899387078));
#7641=CARTESIAN_POINT('',(0.0336330153473012,8.67361737988404E-19,-0.0146398899387078));
#7642=CARTESIAN_POINT('',(0.0335839923195135,-0.005,-0.0146713801328847));
#7643=CARTESIAN_POINT('',(0.0335839923195135,0.,-0.0146713801328847));
#7644=CARTESIAN_POINT('',(0.0334107849263536,-0.005,-0.0147829252177778));
#7645=CARTESIAN_POINT('',(0.0334107849263536,1.73472347597681E-18,-0.0147829252177778));
#7646=CARTESIAN_POINT('',(0.0332350275307161,-0.005,-0.0149095822217289));
#7647=CARTESIAN_POINT('',(0.0332350275307161,0.,-0.0149095822217289));
#7648=CARTESIAN_POINT('',(0.0329833819907483,-0.005,-0.0151057246308234));
#7649=CARTESIAN_POINT('',(0.0329833819907483,2.60208521396521E-18,-0.0151057246308234));
#7650=CARTESIAN_POINT('',(0.0326408485902748,-0.005,-0.0153995997542125));
#7651=CARTESIAN_POINT('',(0.0326408485902748,1.73472347597681E-18,-0.0153995997542125));
#7652=CARTESIAN_POINT('',(0.0320694518530136,-0.005,-0.0159553893681813));
#7653=CARTESIAN_POINT('',(0.0320694518530136,8.67361737988404E-19,-0.0159553893681813));
#7654=CARTESIAN_POINT('',(0.03132864870509,-0.005,-0.016796154206171));
#7655=CARTESIAN_POINT('',(0.03132864870509,-8.67361737988404E-19,-0.016796154206171));
#7656=CARTESIAN_POINT('',(0.0307482488976484,-0.005,-0.0176135861670578));
#7657=CARTESIAN_POINT('',(0.0307482488976484,8.67361737988404E-19,-0.0176135861670578));
#7658=CARTESIAN_POINT('',(0.0304639830461526,-0.005,-0.0180466807270146));
#7659=CARTESIAN_POINT('',(0.0304639830461526,8.67361737988404E-19,-0.0180466807270146));
#7660=CARTESIAN_POINT('',(0.0336995096352428,-1.7347234759768E-18,-0.0146050088731794));
#7661=CARTESIAN_POINT('',(0.06345,-0.005,0.));
#7662=CARTESIAN_POINT('',(0.0337826326580489,-0.005,-0.0128040997827936));
#7663=CARTESIAN_POINT('',(0.03408335600293,-0.005,-0.0134795354741679));
#7664=CARTESIAN_POINT('',(0.0326893995585949,-0.005,-0.0123362645319842));
#7665=CARTESIAN_POINT('',(0.0326893995585949,-2.60208521396521E-18,-0.0123362645319842));
#7666=CARTESIAN_POINT('',(0.0326189845260377,-0.005,-0.0123623394242775));
#7667=CARTESIAN_POINT('',(0.0326189845260377,-2.60208521396521E-18,-0.0123623394242775));
#7668=CARTESIAN_POINT('',(0.0325627799428726,-0.005,-0.0123776995809832));
#7669=CARTESIAN_POINT('',(0.0325627799428726,-8.67361737988404E-19,-0.0123776995809832));
#7670=CARTESIAN_POINT('',(0.032363987422216,-0.005,-0.0124317795286535));
#7671=CARTESIAN_POINT('',(0.032363987422216,0.,-0.0124317795286535));
#7672=CARTESIAN_POINT('',(0.0321522582724043,-0.005,-0.0124776426499075));
#7673=CARTESIAN_POINT('',(0.0321522582724043,-4.33680868994202E-18,-0.0124776426499075));
#7674=CARTESIAN_POINT('',(0.0318381123232829,-0.005,-0.012533406841659));
#7675=CARTESIAN_POINT('',(0.0318381123232829,-2.60208521396521E-18,-0.012533406841659));
#7676=CARTESIAN_POINT('',(0.0313905209640428,-0.005,-0.0125913179262669));
#7677=CARTESIAN_POINT('',(0.0313905209640428,-1.73472347597681E-18,-0.0125913179262669));
#7678=CARTESIAN_POINT('',(0.0305951497430927,-0.005,-0.0126440526134543));
#7679=CARTESIAN_POINT('',(0.0305951497430927,-4.33680868994202E-18,-0.0126440526134543));
#7680=CARTESIAN_POINT('',(0.0294746456447346,-0.005,-0.0126319951536819));
#7681=CARTESIAN_POINT('',(0.0294746456447346,-1.73472347597681E-18,-0.0126319951536819));
#7682=CARTESIAN_POINT('',(0.0284788120377378,-0.005,-0.0125163475236449));
#7683=CARTESIAN_POINT('',(0.0284788120377378,-2.60208521396521E-18,-0.0125163475236449));
#7684=CARTESIAN_POINT('',(0.027966749074985,-0.005,-0.0124378013947293));
#7685=CARTESIAN_POINT('',(0.027966749074985,-2.60208521396521E-18,-0.0124378013947293));
#7686=CARTESIAN_POINT('',(0.032689399572602,-0.005,-0.0123362645267973));
#7687=CARTESIAN_POINT('',(0.0332981755824881,-0.0025,-0.0138399398612686));
#7688=CARTESIAN_POINT('',(0.0329894117518644,-0.0025,-0.0131464449432361));
#7689=CARTESIAN_POINT('',(0.0373861813067941,-0.005,-0.0204713291519276));
#7690=CARTESIAN_POINT('',(0.0373861813067941,8.67361737988404E-19,-0.0204713291519276));
#7691=CARTESIAN_POINT('',(0.0373283922713886,-0.005,-0.0205192729127838));
#7692=CARTESIAN_POINT('',(0.0373283922713886,8.67361737988404E-19,-0.0205192729127838));
#7693=CARTESIAN_POINT('',(0.0372869876938928,-0.005,-0.0205602674312609));
#7694=CARTESIAN_POINT('',(0.0372869876938928,2.60208521396521E-18,-0.0205602674312609));
#7695=CARTESIAN_POINT('',(0.0371407568250467,-0.005,-0.0207053868303968));
#7696=CARTESIAN_POINT('',(0.0371407568250467,1.73472347597681E-18,-0.0207053868303968));
#7697=CARTESIAN_POINT('',(0.036995173622038,-0.005,-0.0208658180922284));
#7698=CARTESIAN_POINT('',(0.036995173622038,1.73472347597681E-18,-0.0208658180922284));
#7699=CARTESIAN_POINT('',(0.0367898074407991,-0.005,-0.0211099943687878));
#7700=CARTESIAN_POINT('',(0.0367898074407991,2.60208521396521E-18,-0.0211099943687878));
#7701=CARTESIAN_POINT('',(0.0365158592907478,-0.005,-0.0214686643141001));
#7702=CARTESIAN_POINT('',(0.0365158592907478,8.67361737988404E-19,-0.0214686643141001));
#7703=CARTESIAN_POINT('',(0.0360725041015079,-0.005,-0.0221311086532882));
#7704=CARTESIAN_POINT('',(0.0360725041015079,0.,-0.0221311086532882));
#7705=CARTESIAN_POINT('',(0.0355226941187969,-0.005,-0.0231075223973971));
#7706=CARTESIAN_POINT('',(0.0355226941187969,8.67361737988404E-19,-0.0231075223973971));
#7707=CARTESIAN_POINT('',(0.035124931100798,-0.005,-0.0240277634140171));
#7708=CARTESIAN_POINT('',(0.035124931100798,2.60208521396521E-18,-0.0240277634140171));
#7709=CARTESIAN_POINT('',(0.0349369225624314,-0.005,-0.024510496012556));
#7710=CARTESIAN_POINT('',(0.0349369225624314,1.73472347597681E-18,-0.024510496012556));
#7711=CARTESIAN_POINT('',(0.0373861813182897,-1.7347234759768E-18,-0.0204713291423905));
#7712=CARTESIAN_POINT('',(0.06345,-0.005,0.));
#7713=CARTESIAN_POINT('',(0.0370930578496221,-0.005,-0.0186924919882724));
#7714=CARTESIAN_POINT('',(0.0375276406445344,-0.005,-0.0192906438901377));
#7715=CARTESIAN_POINT('',(0.0359264460983283,-0.005,-0.0184621760023199));
#7716=CARTESIAN_POINT('',(0.0359264460983283,-8.67361737988404E-19,-0.0184621760023199));
#7717=CARTESIAN_POINT('',(0.0358629910781215,-0.005,-0.018502321204134));
#7718=CARTESIAN_POINT('',(0.0358629910781215,-8.67361737988404E-19,-0.018502321204134));
#7719=CARTESIAN_POINT('',(0.0358112082561003,-0.005,-0.0185290312944801));
#7720=CARTESIAN_POINT('',(0.0358112082561003,1.73472347597681E-18,-0.0185290312944801));
#7721=CARTESIAN_POINT('',(0.0356280036823356,-0.005,-0.0186232607546333));
#7722=CARTESIAN_POINT('',(0.0356280036823356,-1.73472347597681E-18,-0.0186232607546333));
#7723=CARTESIAN_POINT('',(0.035430436801528,-0.005,-0.0187121426221828));
#7724=CARTESIAN_POINT('',(0.035430436801528,8.67361737988404E-19,-0.0187121426221828));
#7725=CARTESIAN_POINT('',(0.0351347497225088,-0.005,-0.0188320028479968));
#7726=CARTESIAN_POINT('',(0.0351347497225088,-2.60208521396521E-18,-0.0188320028479968));
#7727=CARTESIAN_POINT('',(0.0347089796998768,-0.005,-0.018981707912757));
#7728=CARTESIAN_POINT('',(0.0347089796998768,1.73472347597681E-18,-0.018981707912757));
#7729=CARTESIAN_POINT('',(0.0339419534063897,-0.005,-0.0191986571958802));
#7730=CARTESIAN_POINT('',(0.0339419534063897,-2.60208521396521E-18,-0.0191986571958802));
#7731=CARTESIAN_POINT('',(0.03284342812412,-0.005,-0.0194198291221907));
#7732=CARTESIAN_POINT('',(0.03284342812412,2.60208521396521E-18,-0.0194198291221907));
#7733=CARTESIAN_POINT('',(0.031845311376406,-0.005,-0.0195137541193433));
#7734=CARTESIAN_POINT('',(0.031845311376406,-8.67361737988404E-19,-0.0195137541193433));
#7735=CARTESIAN_POINT('',(0.0313281075594946,-0.005,-0.0195433882881887));
#7736=CARTESIAN_POINT('',(0.0313281075594946,-8.67361737988404E-19,-0.0195433882881887));
#7737=CARTESIAN_POINT('',(0.035926446110951,-0.005,-0.0184621759943342));
#7738=CARTESIAN_POINT('',(0.0368345505856362,-0.0025,-0.0198064207654851));
#7739=CARTESIAN_POINT('',(0.0363883482845365,-0.0025,-0.0191922759853789));
#7740=CARTESIAN_POINT('',(0.0479659565225563,-0.005,-0.0293025998796608));
#7741=CARTESIAN_POINT('',(0.0479659565225563,2.60208521396521E-18,-0.0293025998796608));
#7742=CARTESIAN_POINT('',(0.0479326640961071,-0.005,-0.0293699036028808));
#7743=CARTESIAN_POINT('',(0.0479326640961071,2.60208521396521E-18,-0.0293699036028808));
#7744=CARTESIAN_POINT('',(0.0479115131052402,-0.005,-0.0294241947178823));
#7745=CARTESIAN_POINT('',(0.0479115131052402,5.20417042793042E-18,-0.0294241947178823));
#7746=CARTESIAN_POINT('',(0.0478369499364882,-0.005,-0.0296162453384873));
#7747=CARTESIAN_POINT('',(0.0478369499364882,2.60208521396521E-18,-0.0296162453384873));
#7748=CARTESIAN_POINT('',(0.0477692063355525,-0.005,-0.0298220206122775));
#7749=CARTESIAN_POINT('',(0.0477692063355525,3.46944695195361E-18,-0.0298220206122775));
#7750=CARTESIAN_POINT('',(0.0476809104325747,-0.005,-0.0301286166917507));
#7751=CARTESIAN_POINT('',(0.0476809104325747,2.60208521396521E-18,-0.0301286166917507));
#7752=CARTESIAN_POINT('',(0.0475765305539943,-0.005,-0.0305677027420125));
#7753=CARTESIAN_POINT('',(0.0475765305539943,5.20417042793042E-18,-0.0305677027420125));
#7754=CARTESIAN_POINT('',(0.0474409458214879,-0.005,-0.0313532045603805));
#7755=CARTESIAN_POINT('',(0.0474409458214879,1.73472347597681E-18,-0.0313532045603805));
#7756=CARTESIAN_POINT('',(0.0473358126577476,-0.005,-0.0324688307677884));
#7757=CARTESIAN_POINT('',(0.0473358126577476,5.20417042793042E-18,-0.0324688307677884));
#7758=CARTESIAN_POINT('',(0.0473467338013572,-0.005,-0.0334712975631386));
#7759=CARTESIAN_POINT('',(0.0473467338013572,4.33680868994202E-18,-0.0334712975631386));
#7760=CARTESIAN_POINT('',(0.0473713244917673,-0.005,-0.0339887656975546));
#7761=CARTESIAN_POINT('',(0.0473713244917673,3.46944695195361E-18,-0.0339887656975546));
#7762=CARTESIAN_POINT('',(0.0479659565291789,-1.7347234759768E-18,-0.0293025998662726));
#7763=CARTESIAN_POINT('',(0.06345,-0.005,0.));
#7764=CARTESIAN_POINT('',(0.0469746566632046,-0.005,-0.0277967753198948));
#7765=CARTESIAN_POINT('',(0.0476149580980805,-0.005,-0.0281664535256829));
#7766=CARTESIAN_POINT('',(0.0458152258460047,-0.005,-0.0280608749445994));
#7767=CARTESIAN_POINT('',(0.0458152258460047,-2.60208521396521E-18,-0.0280608749445994));
#7768=CARTESIAN_POINT('',(0.0457735853251516,-0.005,-0.028123358893268));
#7769=CARTESIAN_POINT('',(0.0457735853251516,-2.60208521396521E-18,-0.028123358893268));
#7770=CARTESIAN_POINT('',(0.0457371433357939,-0.005,-0.0281688217461748));
#7771=CARTESIAN_POINT('',(0.0457371433357939,1.73472347597681E-18,-0.0281688217461748));
#7772=CARTESIAN_POINT('',(0.0456081042039135,-0.005,-0.028329420654803));
#7773=CARTESIAN_POINT('',(0.0456081042039135,-5.20417042793042E-18,-0.028329420654803));
#7774=CARTESIAN_POINT('',(0.0454637693898084,-0.005,-0.0284909759710523));
#7775=CARTESIAN_POINT('',(0.0454637693898084,8.67361737988404E-19,-0.0284909759710523));
#7776=CARTESIAN_POINT('',(0.0452423973477727,-0.005,-0.0287207405058178));
#7777=CARTESIAN_POINT('',(0.0452423973477727,-6.07153216591882E-18,-0.0287207405058178));
#7778=CARTESIAN_POINT('',(0.0449143276130888,-0.005,-0.0290306791574432));
#7779=CARTESIAN_POINT('',(0.0449143276130888,1.73472347597681E-18,-0.0290306791574432));
#7780=CARTESIAN_POINT('',(0.0443018554499165,-0.005,-0.0295408498893431));
#7781=CARTESIAN_POINT('',(0.0443018554499165,-3.46944695195361E-18,-0.0295408498893431));
#7782=CARTESIAN_POINT('',(0.0433882613950437,-0.005,-0.0301897109836264));
#7783=CARTESIAN_POINT('',(0.0433882613950437,0.,-0.0301897109836264));
#7784=CARTESIAN_POINT('',(0.0425146391120153,-0.005,-0.0306814863934972));
#7785=CARTESIAN_POINT('',(0.0425146391120153,-3.46944695195361E-18,-0.0306814863934972));
#7786=CARTESIAN_POINT('',(0.0420542032167569,-0.005,-0.0309189242981135));
#7787=CARTESIAN_POINT('',(0.0420542032167569,-3.46944695195361E-18,-0.0309189242981135));
#7788=CARTESIAN_POINT('',(0.045815225854288,-0.005,-0.0280608749321699));
#7789=CARTESIAN_POINT('',(0.0471915741778918,-0.0025,-0.0289195442712191));
#7790=CARTESIAN_POINT('',(0.0465341529063096,-0.0025,-0.0285399819231001));
#7791=CARTESIAN_POINT('',(0.0422119669365439,-0.005,-0.025442954107462));
#7792=CARTESIAN_POINT('',(0.0422119669365439,-3.46944695195361E-18,-0.025442954107462));
#7793=CARTESIAN_POINT('',(0.042165408798597,-0.005,-0.0255018651981755));
#7794=CARTESIAN_POINT('',(0.042165408798597,-3.46944695195361E-18,-0.0255018651981755));
#7795=CARTESIAN_POINT('',(0.0421334322501111,-0.005,-0.0255505723837818));
#7796=CARTESIAN_POINT('',(0.0421334322501111,-7.80625564189563E-18,-0.0255505723837818));
#7797=CARTESIAN_POINT('',(0.0420205688962407,-0.005,-0.0257229236830581));
#7798=CARTESIAN_POINT('',(0.0420205688962407,-2.60208521396521E-18,-0.0257229236830581));
#7799=CARTESIAN_POINT('',(0.0419115225704181,-0.005,-0.0259101175867936));
#7800=CARTESIAN_POINT('',(0.0419115225704181,-6.07153216591882E-18,-0.0259101175867936));
#7801=CARTESIAN_POINT('',(0.0417614112354844,-0.005,-0.0261916560558444));
#7802=CARTESIAN_POINT('',(0.0417614112354844,-3.46944695195361E-18,-0.0261916560558444));
#7803=CARTESIAN_POINT('',(0.0415680211845617,-0.005,-0.0265994452253807));
#7804=CARTESIAN_POINT('',(0.0415680211845617,-5.20417042793042E-18,-0.0265994452253807));
#7805=CARTESIAN_POINT('',(0.0412720842925671,-0.005,-0.0273395922934049));
#7806=CARTESIAN_POINT('',(0.0412720842925671,-3.46944695195361E-18,-0.0273395922934049));
#7807=CARTESIAN_POINT('',(0.0409372968095942,-0.005,-0.0284089809776624));
#7808=CARTESIAN_POINT('',(0.0409372968095942,-3.46944695195361E-18,-0.0284089809776624));
#7809=CARTESIAN_POINT('',(0.0407395547336032,-0.005,-0.029391812101783));
#7810=CARTESIAN_POINT('',(0.0407395547336032,-5.20417042793042E-18,-0.029391812101783));
#7811=CARTESIAN_POINT('',(0.0406560203836575,-0.005,-0.0299030850079398));
#7812=CARTESIAN_POINT('',(0.0406560203836575,-2.60208521396521E-18,-0.0299030850079398));
#7813=CARTESIAN_POINT('',(0.0422119669458054,-1.7347234759768E-18,-0.0254429540957432));
#7814=CARTESIAN_POINT('',(0.06345,-0.005,0.));
#7815=CARTESIAN_POINT('',(0.0415554078878072,-0.005,-0.0237639325973356));
#7816=CARTESIAN_POINT('',(0.0421048567792536,-0.005,-0.0242586586013288));
#7817=CARTESIAN_POINT('',(0.0403664040162297,-0.005,-0.0237812017900048));
#7818=CARTESIAN_POINT('',(0.0403664040162297,-8.67361737988404E-19,-0.0237812017900048));
#7819=CARTESIAN_POINT('',(0.0403126822972472,-0.005,-0.0238336627633823));
#7820=CARTESIAN_POINT('',(0.0403126822972472,-8.67361737988404E-19,-0.0238336627633823));
#7821=CARTESIAN_POINT('',(0.0402675843941738,-0.005,-0.0238705554282514));
#7822=CARTESIAN_POINT('',(0.0402675843941738,-1.73472347597681E-18,-0.0238705554282514));
#7823=CARTESIAN_POINT('',(0.0401079746862876,-0.005,-0.0240008161213157));
#7824=CARTESIAN_POINT('',(0.0401079746862876,0.,-0.0240008161213157));
#7825=CARTESIAN_POINT('',(0.0399332046952065,-0.005,-0.0241288321710463));
#7826=CARTESIAN_POINT('',(0.0399332046952065,0.,-0.0241288321710463));
#7827=CARTESIAN_POINT('',(0.0396688994305067,-0.005,-0.0243075499639015));
#7828=CARTESIAN_POINT('',(0.0396688994305067,0.,-0.0243075499639015));
#7829=CARTESIAN_POINT('',(0.0392835589375431,-0.005,-0.0245425061791193));
#7830=CARTESIAN_POINT('',(0.0392835589375431,-1.73472347597681E-18,-0.0245425061791193));
#7831=CARTESIAN_POINT('',(0.0385784003011447,-0.005,-0.0249141883334678));
#7832=CARTESIAN_POINT('',(0.0385784003011447,2.60208521396521E-18,-0.0249141883334678));
#7833=CARTESIAN_POINT('',(0.0375498646611079,-0.005,-0.0253589233713809));
#7834=CARTESIAN_POINT('',(0.0375498646611079,-8.67361737988404E-19,-0.0253589233713809));
#7835=CARTESIAN_POINT('',(0.0365930872640473,-0.005,-0.0256583160226453));
#7836=CARTESIAN_POINT('',(0.0365930872640473,0.,-0.0256583160226453));
#7837=CARTESIAN_POINT('',(0.0360933468815956,-0.005,-0.0257948353338726));
#7838=CARTESIAN_POINT('',(0.0360933468815956,0.,-0.0257948353338726));
#7839=CARTESIAN_POINT('',(0.0403664040269162,-0.005,-0.0237812017795691));
#7840=CARTESIAN_POINT('',(0.0415341484432881,-0.0025,-0.0249072660404984));
#7841=CARTESIAN_POINT('',(0.0409700088533868,-0.0025,-0.0243993124722027));
#7842=CARTESIAN_POINT('',(0.0313130771254467,-0.005,-0.00810037963763918));
#7843=CARTESIAN_POINT('',(0.0313130771254467,1.73472347597681E-18,-0.00810037963763918));
#7844=CARTESIAN_POINT('',(0.0312407837303033,-0.005,-0.0081206735243242));
#7845=CARTESIAN_POINT('',(0.0312407837303033,1.73472347597681E-18,-0.0081206735243242));
#7846=CARTESIAN_POINT('',(0.0311862847937766,-0.005,-0.00814128312160864));
#7847=CARTESIAN_POINT('',(0.0311862847937766,4.33680868994202E-18,-0.00814128312160864));
#7848=CARTESIAN_POINT('',(0.0309936708705253,-0.005,-0.0082143788367965));
#7849=CARTESIAN_POINT('',(0.0309936708705253,2.60208521396521E-18,-0.0082143788367965));
#7850=CARTESIAN_POINT('',(0.0307954207238259,-0.005,-0.00830172606402671));
#7851=CARTESIAN_POINT('',(0.0307954207238259,1.73472347597681E-18,-0.00830172606402671));
#7852=CARTESIAN_POINT('',(0.0305084939427551,-0.005,-0.00844126224118312));
#7853=CARTESIAN_POINT('',(0.0305084939427551,6.07153216591882E-18,-0.00844126224118312));
#7854=CARTESIAN_POINT('',(0.0301123456451177,-0.005,-0.00865749878958751));
#7855=CARTESIAN_POINT('',(0.0301123456451177,1.73472347597681E-18,-0.00865749878958751));
#7856=CARTESIAN_POINT('',(0.0294378801391193,-0.005,-0.00908234300523218));
#7857=CARTESIAN_POINT('',(0.0294378801391193,4.33680868994202E-18,-0.00908234300523218));
#7858=CARTESIAN_POINT('',(0.0285384604783153,-0.005,-0.00975071347924525));
#7859=CARTESIAN_POINT('',(0.0285384604783153,1.73472347597681E-18,-0.00975071347924525));
#7860=CARTESIAN_POINT('',(0.0278007901380834,-0.005,-0.0104296106852343));
#7861=CARTESIAN_POINT('',(0.0278007901380834,4.33680868994202E-18,-0.0104296106852343));
#7862=CARTESIAN_POINT('',(0.0274326907552276,-0.005,-0.0107941388961207));
#7863=CARTESIAN_POINT('',(0.0274326907552276,2.60208521396521E-18,-0.0107941388961207));
#7864=CARTESIAN_POINT('',(0.0313130771398275,-1.7347234759768E-18,-0.00810037963360227));
#7865=CARTESIAN_POINT('',(0.06345,-0.005,0.));
#7866=CARTESIAN_POINT('',(0.0317688137791422,-0.005,-0.0063561069759192));
#7867=CARTESIAN_POINT('',(0.0319225346207899,-0.005,-0.00707930667598958));
#7868=CARTESIAN_POINT('',(0.0307967388638884,-0.005,-0.00567119910563582));
#7869=CARTESIAN_POINT('',(0.0307967388638884,0.,-0.00567119910563582));
#7870=CARTESIAN_POINT('',(0.0307224412937924,-0.005,-0.00568206409049398));
#7871=CARTESIAN_POINT('',(0.0307224412937924,-8.67361737988404E-19,-0.00568206409049398));
#7872=CARTESIAN_POINT('',(0.0306642713594674,-0.005,-0.00568540300100501));
#7873=CARTESIAN_POINT('',(0.0306642713594674,-8.67361737988404E-19,-0.00568540300100501));
#7874=CARTESIAN_POINT('',(0.0304585790789837,-0.005,-0.00569696988297489));
#7875=CARTESIAN_POINT('',(0.0304585790789837,-1.73472347597681E-18,-0.00569696988297489));
#7876=CARTESIAN_POINT('',(0.0302419412400039,-0.005,-0.00569780981945888));
#7877=CARTESIAN_POINT('',(0.0302419412400039,-8.67361737988404E-19,-0.00569780981945888));
#7878=CARTESIAN_POINT('',(0.0299230661061965,-0.005,-0.00568704081438208));
#7879=CARTESIAN_POINT('',(0.0299230661061965,-1.73472347597681E-18,-0.00568704081438208));
#7880=CARTESIAN_POINT('',(0.0294732153005286,-0.005,-0.0056506269265522));
#7881=CARTESIAN_POINT('',(0.0294732153005286,0.,-0.0056506269265522));
#7882=CARTESIAN_POINT('',(0.0286842606910858,-0.005,-0.00553684225892447));
#7883=CARTESIAN_POINT('',(0.0286842606910858,-2.60208521396521E-18,-0.00553684225892447));
#7884=CARTESIAN_POINT('',(0.0275907491825126,-0.005,-0.00529208238191923));
#7885=CARTESIAN_POINT('',(0.0275907491825126,-8.67361737988404E-19,-0.00529208238191923));
#7886=CARTESIAN_POINT('',(0.0266407214233987,-0.005,-0.00497191648106419));
#7887=CARTESIAN_POINT('',(0.0266407214233987,-8.67361737988404E-19,-0.00497191648106419));
#7888=CARTESIAN_POINT('',(0.0261561789234273,-0.005,-0.00478862289712735));
#7889=CARTESIAN_POINT('',(0.0261561789234273,-8.67361737988404E-19,-0.00478862289712735));
#7890=CARTESIAN_POINT('',(0.0307967388786679,-0.005,-0.00567119910347453));
#7891=CARTESIAN_POINT('',(0.0310795799908914,-0.0025,-0.00726858717371499));
#7892=CARTESIAN_POINT('',(0.030921749091755,-0.0025,-0.00652605117343198));
#7893=CARTESIAN_POINT('',(0.030331182368561,-0.005,-0.00124172493506142));
#7894=CARTESIAN_POINT('',(0.030331182368561,2.60208521396521E-18,-0.00124172493506142));
#7895=CARTESIAN_POINT('',(0.0302562494212587,-0.005,-0.00124654470961272));
#7896=CARTESIAN_POINT('',(0.0302562494212587,2.60208521396521E-18,-0.00124654470961272));
#7897=CARTESIAN_POINT('',(0.0301986564410341,-0.005,-0.00125537297170755));
#7898=CARTESIAN_POINT('',(0.0301986564410341,6.93889390390723E-18,-0.00125537297170755));
#7899=CARTESIAN_POINT('',(0.0299950541404017,-0.005,-0.00128682468368426));
#7900=CARTESIAN_POINT('',(0.0299950541404017,1.73472347597681E-18,-0.00128682468368426));
#7901=CARTESIAN_POINT('',(0.0297829757253608,-0.005,-0.00133104464122509));
#7902=CARTESIAN_POINT('',(0.0297829757253608,1.73472347597681E-18,-0.00133104464122509));
#7903=CARTESIAN_POINT('',(0.0294733077803473,-0.005,-0.00140787618593289));
#7904=CARTESIAN_POINT('',(0.0294733077803473,5.20417042793042E-18,-0.00140787618593289));
#7905=CARTESIAN_POINT('',(0.0290408581670831,-0.005,-0.00153702358456921));
#7906=CARTESIAN_POINT('',(0.0290408581670831,3.46944695195361E-18,-0.00153702358456921));
#7907=CARTESIAN_POINT('',(0.0282928012714043,-0.005,-0.00181235467103731));
#7908=CARTESIAN_POINT('',(0.0282928012714043,5.20417042793042E-18,-0.00181235467103731));
#7909=CARTESIAN_POINT('',(0.0272740740527912,-0.005,-0.00227911978416199));
#7910=CARTESIAN_POINT('',(0.0272740740527912,4.33680868994202E-18,-0.00227911978416199));
#7911=CARTESIAN_POINT('',(0.0264113729133724,-0.005,-0.00278981116964131));
#7912=CARTESIAN_POINT('',(0.0264113729133724,2.60208521396521E-18,-0.00278981116964131));
#7913=CARTESIAN_POINT('',(0.0259755277085242,-0.005,-0.00306984139944114));
#7914=CARTESIAN_POINT('',(0.0259755277085242,4.33680868994202E-18,-0.00306984139944114));
#7915=CARTESIAN_POINT('',(0.0303311823834669,-1.7347234759768E-18,-0.00124172493410266));
#7916=CARTESIAN_POINT('',(0.06345,-0.005,0.));
#7917=CARTESIAN_POINT('',(0.0311396147612851,-0.005,0.000369678205788085));
#7918=CARTESIAN_POINT('',(0.0311396147612851,-0.005,-0.000369678205788077));
#7919=CARTESIAN_POINT('',(0.0303311823685611,-0.005,0.00124172493506143));
#7920=CARTESIAN_POINT('',(0.0303311823685611,-8.67361737988404E-19,0.00124172493506143));
#7921=CARTESIAN_POINT('',(0.0302562494212587,-0.005,0.00124654470961273));
#7922=CARTESIAN_POINT('',(0.0302562494212587,-8.67361737988404E-19,0.00124654470961273));
#7923=CARTESIAN_POINT('',(0.0301986564410341,-0.005,0.00125537297170756));
#7924=CARTESIAN_POINT('',(0.0301986564410341,-8.67361737988404E-19,0.00125537297170756));
#7925=CARTESIAN_POINT('',(0.0299950541404017,-0.005,0.00128682468368426));
#7926=CARTESIAN_POINT('',(0.0299950541404017,-1.73472347597681E-18,0.00128682468368426));
#7927=CARTESIAN_POINT('',(0.0297829757253608,-0.005,0.00133104464122509));
#7928=CARTESIAN_POINT('',(0.0297829757253608,1.73472347597681E-18,0.00133104464122509));
#7929=CARTESIAN_POINT('',(0.0294733077803474,-0.005,0.00140787618593289));
#7930=CARTESIAN_POINT('',(0.0294733077803474,-1.73472347597681E-18,0.00140787618593289));
#7931=CARTESIAN_POINT('',(0.0290408581670832,-0.005,0.0015370235845692));
#7932=CARTESIAN_POINT('',(0.0290408581670832,8.67361737988404E-19,0.0015370235845692));
#7933=CARTESIAN_POINT('',(0.0282928012714043,-0.005,0.00181235467103731));
#7934=CARTESIAN_POINT('',(0.0282928012714043,-8.67361737988404E-19,0.00181235467103731));
#7935=CARTESIAN_POINT('',(0.0272740740527912,-0.005,0.00227911978416199));
#7936=CARTESIAN_POINT('',(0.0272740740527912,0.,0.00227911978416199));
#7937=CARTESIAN_POINT('',(0.0264113729133724,-0.005,0.00278981116964131));
#7938=CARTESIAN_POINT('',(0.0264113729133724,-1.73472347597681E-18,0.00278981116964131));
#7939=CARTESIAN_POINT('',(0.0259755277085242,-0.005,0.00306984139944114));
#7940=CARTESIAN_POINT('',(0.0259755277085242,0.,0.00306984139944114));
#7941=CARTESIAN_POINT('',(0.0303311823834669,-0.005,0.00124172493410266));
#7942=CARTESIAN_POINT('',(0.0302757270842015,-0.0025,-0.000379562348119009));
#7943=CARTESIAN_POINT('',(0.0302757270842015,-0.0025,0.000379562348119017));
#7944=CARTESIAN_POINT('',(0.0307967388638883,-0.005,0.00567119910563583));
#7945=CARTESIAN_POINT('',(0.0307967388638883,-8.67361737988404E-19,0.00567119910563583));
#7946=CARTESIAN_POINT('',(0.0307224412937923,-0.005,0.00568206409049398));
#7947=CARTESIAN_POINT('',(0.0307224412937923,-8.67361737988404E-19,0.00568206409049398));
#7948=CARTESIAN_POINT('',(0.0306642713594674,-0.005,0.00568540300100501));
#7949=CARTESIAN_POINT('',(0.0306642713594674,-1.73472347597681E-18,0.00568540300100501));
#7950=CARTESIAN_POINT('',(0.0304585790789837,-0.005,0.00569696988297489));
#7951=CARTESIAN_POINT('',(0.0304585790789837,-8.67361737988404E-19,0.00569696988297489));
#7952=CARTESIAN_POINT('',(0.0302419412400038,-0.005,0.00569780981945887));
#7953=CARTESIAN_POINT('',(0.0302419412400038,-3.46944695195361E-18,0.00569780981945887));
#7954=CARTESIAN_POINT('',(0.0299230661061964,-0.005,0.00568704081438207));
#7955=CARTESIAN_POINT('',(0.0299230661061964,-1.73472347597681E-18,0.00568704081438207));
#7956=CARTESIAN_POINT('',(0.0294732153005286,-0.005,0.0056506269265522));
#7957=CARTESIAN_POINT('',(0.0294732153005286,0.,0.0056506269265522));
#7958=CARTESIAN_POINT('',(0.0286842606910857,-0.005,0.00553684225892445));
#7959=CARTESIAN_POINT('',(0.0286842606910857,-8.67361737988404E-19,0.00553684225892445));
#7960=CARTESIAN_POINT('',(0.0275907491825126,-0.005,0.00529208238191923));
#7961=CARTESIAN_POINT('',(0.0275907491825126,0.,0.00529208238191923));
#7962=CARTESIAN_POINT('',(0.0266407214233987,-0.005,0.00497191648106418));
#7963=CARTESIAN_POINT('',(0.0266407214233987,-1.73472347597681E-18,0.00497191648106418));
#7964=CARTESIAN_POINT('',(0.0261561789234273,-0.005,0.00478862289712734));
#7965=CARTESIAN_POINT('',(0.0261561789234273,0.,0.00478862289712734));
#7966=CARTESIAN_POINT('',(0.0307967388786678,-1.7347234759768E-18,0.00567119910347453));
#7967=CARTESIAN_POINT('',(0.06345,-0.005,0.));
#7968=CARTESIAN_POINT('',(0.0319225346207899,-0.005,0.00707930667598958));
#7969=CARTESIAN_POINT('',(0.0317688137791422,-0.005,0.0063561069759192));
#7970=CARTESIAN_POINT('',(0.0313130771254468,-0.005,0.00810037963763916));
#7971=CARTESIAN_POINT('',(0.0313130771254468,-2.60208521396521E-18,0.00810037963763916));
#7972=CARTESIAN_POINT('',(0.0312407837303034,-0.005,0.00812067352432418));
#7973=CARTESIAN_POINT('',(0.0312407837303034,-2.60208521396521E-18,0.00812067352432418));
#7974=CARTESIAN_POINT('',(0.0311862847937766,-0.005,0.00814128312160863));
#7975=CARTESIAN_POINT('',(0.0311862847937766,-1.73472347597681E-18,0.00814128312160863));
#7976=CARTESIAN_POINT('',(0.0309936708705254,-0.005,0.00821437883679648));
#7977=CARTESIAN_POINT('',(0.0309936708705254,-5.20417042793042E-18,0.00821437883679648));
#7978=CARTESIAN_POINT('',(0.0307954207238259,-0.005,0.00830172606402668));
#7979=CARTESIAN_POINT('',(0.0307954207238259,-8.67361737988404E-19,0.00830172606402668));
#7980=CARTESIAN_POINT('',(0.0305084939427552,-0.005,0.00844126224118311));
#7981=CARTESIAN_POINT('',(0.0305084939427552,-3.46944695195361E-18,0.00844126224118311));
#7982=CARTESIAN_POINT('',(0.0301123456451177,-0.005,0.00865749878958747));
#7983=CARTESIAN_POINT('',(0.0301123456451177,-4.33680868994202E-18,0.00865749878958747));
#7984=CARTESIAN_POINT('',(0.0294378801391193,-0.005,0.00908234300523217));
#7985=CARTESIAN_POINT('',(0.0294378801391193,-3.46944695195361E-18,0.00908234300523217));
#7986=CARTESIAN_POINT('',(0.0285384604783153,-0.005,0.00975071347924522));
#7987=CARTESIAN_POINT('',(0.0285384604783153,-8.67361737988404E-19,0.00975071347924522));
#7988=CARTESIAN_POINT('',(0.0278007901380835,-0.005,0.0104296106852343));
#7989=CARTESIAN_POINT('',(0.0278007901380835,-4.33680868994202E-18,0.0104296106852343));
#7990=CARTESIAN_POINT('',(0.0274326907552276,-0.005,0.0107941388961207));
#7991=CARTESIAN_POINT('',(0.0274326907552276,-2.60208521396521E-18,0.0107941388961207));
#7992=CARTESIAN_POINT('',(0.0313130771398276,-0.005,0.00810037963360225));
#7993=CARTESIAN_POINT('',(0.0309217490917549,-0.0025,0.00652605117343198));
#7994=CARTESIAN_POINT('',(0.0310795799908914,-0.0025,0.00726858717371498));
#7995=CARTESIAN_POINT('',(0.0326893995585949,-0.005,0.0123362645319842));
#7996=CARTESIAN_POINT('',(0.0326893995585949,-5.20417042793042E-18,0.0123362645319842));
#7997=CARTESIAN_POINT('',(0.0326189845260377,-0.005,0.0123623394242775));
#7998=CARTESIAN_POINT('',(0.0326189845260377,-5.20417042793042E-18,0.0123623394242775));
#7999=CARTESIAN_POINT('',(0.0325627799428727,-0.005,0.0123776995809832));
#8000=CARTESIAN_POINT('',(0.0325627799428727,-6.93889390390723E-18,0.0123776995809832));
#8001=CARTESIAN_POINT('',(0.032363987422216,-0.005,0.0124317795286535));
#8002=CARTESIAN_POINT('',(0.032363987422216,-5.20417042793042E-18,0.0124317795286535));
#8003=CARTESIAN_POINT('',(0.0321522582724043,-0.005,0.0124776426499075));
#8004=CARTESIAN_POINT('',(0.0321522582724043,-7.80625564189563E-18,0.0124776426499075));
#8005=CARTESIAN_POINT('',(0.0318381123232829,-0.005,0.012533406841659));
#8006=CARTESIAN_POINT('',(0.0318381123232829,-4.33680868994202E-18,0.012533406841659));
#8007=CARTESIAN_POINT('',(0.0313905209640428,-0.005,0.012591317926267));
#8008=CARTESIAN_POINT('',(0.0313905209640428,-7.80625564189563E-18,0.012591317926267));
#8009=CARTESIAN_POINT('',(0.0305951497430927,-0.005,0.0126440526134543));
#8010=CARTESIAN_POINT('',(0.0305951497430927,-4.33680868994202E-18,0.0126440526134543));
#8011=CARTESIAN_POINT('',(0.0294746456447346,-0.005,0.0126319951536819));
#8012=CARTESIAN_POINT('',(0.0294746456447346,-5.20417042793042E-18,0.0126319951536819));
#8013=CARTESIAN_POINT('',(0.0284788120377378,-0.005,0.0125163475236449));
#8014=CARTESIAN_POINT('',(0.0284788120377378,-6.07153216591882E-18,0.0125163475236449));
#8015=CARTESIAN_POINT('',(0.027966749074985,-0.005,0.0124378013947293));
#8016=CARTESIAN_POINT('',(0.027966749074985,-6.07153216591882E-18,0.0124378013947293));
#8017=CARTESIAN_POINT('',(0.032689399572602,-1.7347234759768E-18,0.0123362645267973));
#8018=CARTESIAN_POINT('',(0.06345,-0.005,0.));
#8019=CARTESIAN_POINT('',(0.03408335600293,-0.005,0.013479535474168));
#8020=CARTESIAN_POINT('',(0.0337826326580489,-0.005,0.0128040997827936));
#8021=CARTESIAN_POINT('',(0.0336995096220157,-0.005,0.014605008880118));
#8022=CARTESIAN_POINT('',(0.0336995096220157,-3.46944695195361E-18,0.014605008880118));
#8023=CARTESIAN_POINT('',(0.0336330153473012,-0.005,0.0146398899387078));
#8024=CARTESIAN_POINT('',(0.0336330153473012,-3.46944695195361E-18,0.0146398899387078));
#8025=CARTESIAN_POINT('',(0.0335839923195136,-0.005,0.0146713801328847));
#8026=CARTESIAN_POINT('',(0.0335839923195136,-3.46944695195361E-18,0.0146713801328847));
#8027=CARTESIAN_POINT('',(0.0334107849263537,-0.005,0.0147829252177778));
#8028=CARTESIAN_POINT('',(0.0334107849263537,-6.07153216591882E-18,0.0147829252177778));
#8029=CARTESIAN_POINT('',(0.0332350275307161,-0.005,0.0149095822217289));
#8030=CARTESIAN_POINT('',(0.0332350275307161,-3.46944695195361E-18,0.0149095822217289));
#8031=CARTESIAN_POINT('',(0.0329833819907483,-0.005,0.0151057246308234));
#8032=CARTESIAN_POINT('',(0.0329833819907483,-6.07153216591882E-18,0.0151057246308234));
#8033=CARTESIAN_POINT('',(0.0326408485902748,-0.005,0.0153995997542125));
#8034=CARTESIAN_POINT('',(0.0326408485902748,-3.46944695195361E-18,0.0153995997542125));
#8035=CARTESIAN_POINT('',(0.0320694518530137,-0.005,0.0159553893681813));
#8036=CARTESIAN_POINT('',(0.0320694518530137,-6.07153216591882E-18,0.0159553893681813));
#8037=CARTESIAN_POINT('',(0.03132864870509,-0.005,0.016796154206171));
#8038=CARTESIAN_POINT('',(0.03132864870509,-1.73472347597681E-18,0.016796154206171));
#8039=CARTESIAN_POINT('',(0.0307482488976484,-0.005,0.0176135861670578));
#8040=CARTESIAN_POINT('',(0.0307482488976484,-5.20417042793042E-18,0.0176135861670578));
#8041=CARTESIAN_POINT('',(0.0304639830461526,-0.005,0.0180466807270146));
#8042=CARTESIAN_POINT('',(0.0304639830461526,-4.33680868994202E-18,0.0180466807270146));
#8043=CARTESIAN_POINT('',(0.0336995096352429,-0.005,0.0146050088731794));
#8044=CARTESIAN_POINT('',(0.0329894117518644,-0.0025,0.0131464449432361));
#8045=CARTESIAN_POINT('',(0.0332981755824881,-0.0025,0.0138399398612686));
#8046=CARTESIAN_POINT('',(0.0520347719273444,-0.005,0.0311141532130977));
#8047=CARTESIAN_POINT('',(0.0520347719273444,-5.20417042793042E-18,0.0311141532130977));
#8048=CARTESIAN_POINT('',(0.0520070324951953,-0.005,0.0311839292886694));
#8049=CARTESIAN_POINT('',(0.0520070324951953,-5.20417042793042E-18,0.0311839292886694));
#8050=CARTESIAN_POINT('',(0.0519808391093563,-0.005,0.0312359753847869));
#8051=CARTESIAN_POINT('',(0.0519808391093563,-6.07153216591882E-18,0.0312359753847869));
#8052=CARTESIAN_POINT('',(0.0518880101827429,-0.005,0.031419893566033));
#8053=CARTESIAN_POINT('',(0.0518880101827429,-5.20417042793042E-18,0.031419893566033));
#8054=CARTESIAN_POINT('',(0.0517804186695858,-0.005,0.0316079274062525));
#8055=CARTESIAN_POINT('',(0.0517804186695858,-6.07153216591882E-18,0.0316079274062525));
#8056=CARTESIAN_POINT('',(0.051611654870712,-0.005,0.0318786968702265));
#8057=CARTESIAN_POINT('',(0.051611654870712,-3.46944695195361E-18,0.0318786968702265));
#8058=CARTESIAN_POINT('',(0.0513551941159669,-0.005,0.0322500721519328));
#8059=CARTESIAN_POINT('',(0.0513551941159669,-6.93889390390723E-18,0.0322500721519328));
#8060=CARTESIAN_POINT('',(0.0508621763985187,-0.005,0.0328764345523293));
#8061=CARTESIAN_POINT('',(0.0508621763985187,-3.46944695195361E-18,0.0328764345523293));
#8062=CARTESIAN_POINT('',(0.0501034523729183,-0.005,0.0337010633595816));
#8063=CARTESIAN_POINT('',(0.0501034523729183,-4.33680868994202E-18,0.0337010633595816));
#8064=CARTESIAN_POINT('',(0.0493511666897955,-0.005,0.0343637285828471));
#8065=CARTESIAN_POINT('',(0.0493511666897955,-5.20417042793042E-18,0.0343637285828471));
#8066=CARTESIAN_POINT('',(0.0489501585397698,-0.005,0.0346917079050671));
#8067=CARTESIAN_POINT('',(0.0489501585397698,-5.20417042793042E-18,0.0346917079050671));
#8068=CARTESIAN_POINT('',(0.0520347719328624,-1.7347234759768E-18,0.0311141531992177));
#8069=CARTESIAN_POINT('',(0.06345,-0.005,0.));
#8070=CARTESIAN_POINT('',(0.0538171267329827,-0.005,0.0308432392733251));
#8071=CARTESIAN_POINT('',(0.0531139569998886,-0.005,0.030614765577248));
#8072=CARTESIAN_POINT('',(0.0543966731092171,-0.005,0.031881581427644));
#8073=CARTESIAN_POINT('',(0.0543966731092171,-1.73472347597681E-18,0.031881581427644));
#8074=CARTESIAN_POINT('',(0.0543781014330561,-0.005,0.0319543362877065));
#8075=CARTESIAN_POINT('',(0.0543781014330561,-1.73472347597681E-18,0.0319543362877065));
#8076=CARTESIAN_POINT('',(0.0543687003996029,-0.005,0.0320118385498601));
#8077=CARTESIAN_POINT('',(0.0543687003996029,-1.73472347597681E-18,0.0320118385498601));
#8078=CARTESIAN_POINT('',(0.0543356961842377,-0.005,0.0322151949581122));
#8079=CARTESIAN_POINT('',(0.0543356961842377,-4.33680868994202E-18,0.0322151949581122));
#8080=CARTESIAN_POINT('',(0.0543122160286195,-0.005,0.032430558235073));
#8081=CARTESIAN_POINT('',(0.0543122160286195,8.67361737988404E-19,0.032430558235073));
#8082=CARTESIAN_POINT('',(0.0542895945122486,-0.005,0.0327488122050846));
#8083=CARTESIAN_POINT('',(0.0542895945122486,-5.20417042793042E-18,0.0327488122050846));
#8084=CARTESIAN_POINT('',(0.0542787867075746,-0.005,0.0332000049687067));
#8085=CARTESIAN_POINT('',(0.0542787867075746,1.73472347597681E-18,0.0332000049687067));
#8086=CARTESIAN_POINT('',(0.0543094798379747,-0.005,0.0339965313387));
#8087=CARTESIAN_POINT('',(0.0543094798379747,-5.20417042793042E-18,0.0339965313387));
#8088=CARTESIAN_POINT('',(0.0544385958172073,-0.005,0.0351096368506261));
#8089=CARTESIAN_POINT('',(0.0544385958172073,2.60208521396521E-18,0.0351096368506261));
#8090=CARTESIAN_POINT('',(0.0546577028740362,-0.005,0.0360879267078796));
#8091=CARTESIAN_POINT('',(0.0546577028740362,-2.60208521396521E-18,0.0360879267078796));
#8092=CARTESIAN_POINT('',(0.054789343873632,-0.005,0.0365889742299933));
#8093=CARTESIAN_POINT('',(0.054789343873632,-8.67361737988404E-19,0.0365889742299933));
#8094=CARTESIAN_POINT('',(0.0543966731129114,-0.005,0.0318815814131714));
#8095=CARTESIAN_POINT('',(0.0528376006484668,-0.0025,0.0314333172139304));
#8096=CARTESIAN_POINT('',(0.0535595711375046,-0.0025,0.0316678996459177));
#8097=CARTESIAN_POINT('',(0.0458152258460047,-0.005,0.0280608749445994));
#8098=CARTESIAN_POINT('',(0.0458152258460047,-2.60208521396521E-18,0.0280608749445994));
#8099=CARTESIAN_POINT('',(0.0457735853251516,-0.005,0.028123358893268));
#8100=CARTESIAN_POINT('',(0.0457735853251516,-2.60208521396521E-18,0.028123358893268));
#8101=CARTESIAN_POINT('',(0.045737143335794,-0.005,0.0281688217461748));
#8102=CARTESIAN_POINT('',(0.045737143335794,0.,0.0281688217461748));
#8103=CARTESIAN_POINT('',(0.0456081042039134,-0.005,0.0283294206548031));
#8104=CARTESIAN_POINT('',(0.0456081042039134,-2.60208521396521E-18,0.0283294206548031));
#8105=CARTESIAN_POINT('',(0.0454637693898084,-0.005,0.0284909759710524));
#8106=CARTESIAN_POINT('',(0.0454637693898084,-1.73472347597681E-18,0.0284909759710524));
#8107=CARTESIAN_POINT('',(0.0452423973477727,-0.005,0.0287207405058179));
#8108=CARTESIAN_POINT('',(0.0452423973477727,-4.33680868994202E-18,0.0287207405058179));
#8109=CARTESIAN_POINT('',(0.0449143276130888,-0.005,0.0290306791574433));
#8110=CARTESIAN_POINT('',(0.0449143276130888,1.73472347597681E-18,0.0290306791574433));
#8111=CARTESIAN_POINT('',(0.0443018554499165,-0.005,0.0295408498893432));
#8112=CARTESIAN_POINT('',(0.0443018554499165,-3.46944695195361E-18,0.0295408498893432));
#8113=CARTESIAN_POINT('',(0.0433882613950436,-0.005,0.0301897109836264));
#8114=CARTESIAN_POINT('',(0.0433882613950436,-2.60208521396521E-18,0.0301897109836264));
#8115=CARTESIAN_POINT('',(0.0425146391120152,-0.005,0.0306814863934973));
#8116=CARTESIAN_POINT('',(0.0425146391120152,0.,0.0306814863934973));
#8117=CARTESIAN_POINT('',(0.0420542032167569,-0.005,0.0309189242981135));
#8118=CARTESIAN_POINT('',(0.0420542032167569,-2.60208521396521E-18,0.0309189242981135));
#8119=CARTESIAN_POINT('',(0.045815225854288,-1.7347234759768E-18,0.02806087493217));
#8120=CARTESIAN_POINT('',(0.06345,-0.005,0.));
#8121=CARTESIAN_POINT('',(0.0476149580980805,-0.005,0.0281664535256829));
#8122=CARTESIAN_POINT('',(0.0469746566632046,-0.005,0.0277967753198948));
#8123=CARTESIAN_POINT('',(0.0479659565225563,-0.005,0.0293025998796609));
#8124=CARTESIAN_POINT('',(0.0479659565225563,0.,0.0293025998796609));
#8125=CARTESIAN_POINT('',(0.0479326640961071,-0.005,0.0293699036028808));
#8126=CARTESIAN_POINT('',(0.0479326640961071,0.,0.0293699036028808));
#8127=CARTESIAN_POINT('',(0.0479115131052402,-0.005,0.0294241947178823));
#8128=CARTESIAN_POINT('',(0.0479115131052402,-8.67361737988404E-19,0.0294241947178823));
#8129=CARTESIAN_POINT('',(0.0478369499364883,-0.005,0.0296162453384874));
#8130=CARTESIAN_POINT('',(0.0478369499364883,8.67361737988404E-19,0.0296162453384874));
#8131=CARTESIAN_POINT('',(0.0477692063355525,-0.005,0.0298220206122775));
#8132=CARTESIAN_POINT('',(0.0477692063355525,-1.73472347597681E-18,0.0298220206122775));
#8133=CARTESIAN_POINT('',(0.0476809104325747,-0.005,0.0301286166917508));
#8134=CARTESIAN_POINT('',(0.0476809104325747,-8.67361737988404E-19,0.0301286166917508));
#8135=CARTESIAN_POINT('',(0.0475765305539943,-0.005,0.0305677027420125));
#8136=CARTESIAN_POINT('',(0.0475765305539943,-8.67361737988404E-19,0.0305677027420125));
#8137=CARTESIAN_POINT('',(0.0474409458214879,-0.005,0.0313532045603805));
#8138=CARTESIAN_POINT('',(0.0474409458214879,-8.67361737988404E-19,0.0313532045603805));
#8139=CARTESIAN_POINT('',(0.0473358126577476,-0.005,0.0324688307677885));
#8140=CARTESIAN_POINT('',(0.0473358126577476,8.67361737988404E-19,0.0324688307677885));
#8141=CARTESIAN_POINT('',(0.0473467338013571,-0.005,0.0334712975631386));
#8142=CARTESIAN_POINT('',(0.0473467338013571,0.,0.0334712975631386));
#8143=CARTESIAN_POINT('',(0.0473713244917673,-0.005,0.0339887656975547));
#8144=CARTESIAN_POINT('',(0.0473713244917673,0.,0.0339887656975547));
#8145=CARTESIAN_POINT('',(0.0479659565291789,-0.005,0.0293025998662726));
#8146=CARTESIAN_POINT('',(0.0465341529063096,-0.0025,0.0285399819231002));
#8147=CARTESIAN_POINT('',(0.0471915741778919,-0.0025,0.0289195442712191));
#8148=CARTESIAN_POINT('',(0.0359264460983283,-0.005,0.0184621760023199));
#8149=CARTESIAN_POINT('',(0.0359264460983283,8.67361737988404E-19,0.0184621760023199));
#8150=CARTESIAN_POINT('',(0.0358629910781215,-0.005,0.018502321204134));
#8151=CARTESIAN_POINT('',(0.0358629910781215,1.73472347597681E-18,0.018502321204134));
#8152=CARTESIAN_POINT('',(0.0358112082561003,-0.005,0.0185290312944801));
#8153=CARTESIAN_POINT('',(0.0358112082561003,8.67361737988404E-19,0.0185290312944801));
#8154=CARTESIAN_POINT('',(0.0356280036823356,-0.005,0.0186232607546333));
#8155=CARTESIAN_POINT('',(0.0356280036823356,8.67361737988404E-19,0.0186232607546333));
#8156=CARTESIAN_POINT('',(0.035430436801528,-0.005,0.0187121426221828));
#8157=CARTESIAN_POINT('',(0.035430436801528,-8.67361737988404E-19,0.0187121426221828));
#8158=CARTESIAN_POINT('',(0.0351347497225088,-0.005,0.0188320028479968));
#8159=CARTESIAN_POINT('',(0.0351347497225088,2.60208521396521E-18,0.0188320028479968));
#8160=CARTESIAN_POINT('',(0.0347089796998768,-0.005,0.018981707912757));
#8161=CARTESIAN_POINT('',(0.0347089796998768,1.73472347597681E-18,0.018981707912757));
#8162=CARTESIAN_POINT('',(0.0339419534063897,-0.005,0.0191986571958803));
#8163=CARTESIAN_POINT('',(0.0339419534063897,-2.60208521396521E-18,0.0191986571958803));
#8164=CARTESIAN_POINT('',(0.0328434281241201,-0.005,0.0194198291221907));
#8165=CARTESIAN_POINT('',(0.0328434281241201,3.46944695195361E-18,0.0194198291221907));
#8166=CARTESIAN_POINT('',(0.031845311376406,-0.005,0.0195137541193434));
#8167=CARTESIAN_POINT('',(0.031845311376406,8.67361737988404E-19,0.0195137541193434));
#8168=CARTESIAN_POINT('',(0.0313281075594946,-0.005,0.0195433882881888));
#8169=CARTESIAN_POINT('',(0.0313281075594946,8.67361737988404E-19,0.0195433882881888));
#8170=CARTESIAN_POINT('',(0.035926446110951,-1.7347234759768E-18,0.0184621759943342));
#8171=CARTESIAN_POINT('',(0.06345,-0.005,0.));
#8172=CARTESIAN_POINT('',(0.0375276406445344,-0.005,0.0192906438901377));
#8173=CARTESIAN_POINT('',(0.0370930578496221,-0.005,0.0186924919882724));
#8174=CARTESIAN_POINT('',(0.0373861813067942,-0.005,0.0204713291519276));
#8175=CARTESIAN_POINT('',(0.0373861813067942,-8.67361737988404E-19,0.0204713291519276));
#8176=CARTESIAN_POINT('',(0.0373283922713886,-0.005,0.0205192729127837));
#8177=CARTESIAN_POINT('',(0.0373283922713886,-8.67361737988404E-19,0.0205192729127837));
#8178=CARTESIAN_POINT('',(0.0372869876938929,-0.005,0.0205602674312609));
#8179=CARTESIAN_POINT('',(0.0372869876938929,0.,0.0205602674312609));
#8180=CARTESIAN_POINT('',(0.0371407568250467,-0.005,0.0207053868303968));
#8181=CARTESIAN_POINT('',(0.0371407568250467,-8.67361737988404E-19,0.0207053868303968));
#8182=CARTESIAN_POINT('',(0.0369951736220381,-0.005,0.0208658180922284));
#8183=CARTESIAN_POINT('',(0.0369951736220381,8.67361737988404E-19,0.0208658180922284));
#8184=CARTESIAN_POINT('',(0.0367898074407991,-0.005,0.0211099943687877));
#8185=CARTESIAN_POINT('',(0.0367898074407991,-2.60208521396521E-18,0.0211099943687877));
#8186=CARTESIAN_POINT('',(0.0365158592907478,-0.005,0.0214686643141001));
#8187=CARTESIAN_POINT('',(0.0365158592907478,-8.67361737988404E-19,0.0214686643141001));
#8188=CARTESIAN_POINT('',(0.0360725041015079,-0.005,0.0221311086532882));
#8189=CARTESIAN_POINT('',(0.0360725041015079,-8.67361737988404E-19,0.0221311086532882));
#8190=CARTESIAN_POINT('',(0.035522694118797,-0.005,0.0231075223973972));
#8191=CARTESIAN_POINT('',(0.035522694118797,0.,0.0231075223973972));
#8192=CARTESIAN_POINT('',(0.035124931100798,-0.005,0.0240277634140171));
#8193=CARTESIAN_POINT('',(0.035124931100798,-8.67361737988404E-19,0.0240277634140171));
#8194=CARTESIAN_POINT('',(0.0349369225624314,-0.005,0.024510496012556));
#8195=CARTESIAN_POINT('',(0.0349369225624314,-8.67361737988404E-19,0.024510496012556));
#8196=CARTESIAN_POINT('',(0.0373861813182898,-0.005,0.0204713291423905));
#8197=CARTESIAN_POINT('',(0.0363883482845365,-0.0025,0.0191922759853789));
#8198=CARTESIAN_POINT('',(0.0368345505856363,-0.0025,0.0198064207654851));
#8199=CARTESIAN_POINT('',(0.0403664040162296,-0.005,0.0237812017900048));
#8200=CARTESIAN_POINT('',(0.0403664040162296,0.,0.0237812017900048));
#8201=CARTESIAN_POINT('',(0.0403126822972472,-0.005,0.0238336627633823));
#8202=CARTESIAN_POINT('',(0.0403126822972472,0.,0.0238336627633823));
#8203=CARTESIAN_POINT('',(0.0402675843941738,-0.005,0.0238705554282514));
#8204=CARTESIAN_POINT('',(0.0402675843941738,-1.73472347597681E-18,0.0238705554282514));
#8205=CARTESIAN_POINT('',(0.0401079746862876,-0.005,0.0240008161213157));
#8206=CARTESIAN_POINT('',(0.0401079746862876,-1.73472347597681E-18,0.0240008161213157));
#8207=CARTESIAN_POINT('',(0.0399332046952064,-0.005,0.0241288321710463));
#8208=CARTESIAN_POINT('',(0.0399332046952064,-8.67361737988404E-19,0.0241288321710463));
#8209=CARTESIAN_POINT('',(0.0396688994305066,-0.005,0.0243075499639015));
#8210=CARTESIAN_POINT('',(0.0396688994305066,-1.73472347597681E-18,0.0243075499639015));
#8211=CARTESIAN_POINT('',(0.039283558937543,-0.005,0.0245425061791193));
#8212=CARTESIAN_POINT('',(0.039283558937543,-1.73472347597681E-18,0.0245425061791193));
#8213=CARTESIAN_POINT('',(0.0385784003011447,-0.005,0.0249141883334678));
#8214=CARTESIAN_POINT('',(0.0385784003011447,0.,0.0249141883334678));
#8215=CARTESIAN_POINT('',(0.0375498646611079,-0.005,0.0253589233713808));
#8216=CARTESIAN_POINT('',(0.0375498646611079,-8.67361737988404E-19,0.0253589233713808));
#8217=CARTESIAN_POINT('',(0.0365930872640473,-0.005,0.0256583160226454));
#8218=CARTESIAN_POINT('',(0.0365930872640473,-1.73472347597681E-18,0.0256583160226454));
#8219=CARTESIAN_POINT('',(0.0360933468815956,-0.005,0.0257948353338726));
#8220=CARTESIAN_POINT('',(0.0360933468815956,-1.73472347597681E-18,0.0257948353338726));
#8221=CARTESIAN_POINT('',(0.0403664040269161,-1.7347234759768E-18,0.0237812017795692));
#8222=CARTESIAN_POINT('',(0.06345,-0.005,0.));
#8223=CARTESIAN_POINT('',(0.0421048567792536,-0.005,0.0242586586013288));
#8224=CARTESIAN_POINT('',(0.0415554078878072,-0.005,0.0237639325973356));
#8225=CARTESIAN_POINT('',(0.042211966936544,-0.005,0.0254429541074619));
#8226=CARTESIAN_POINT('',(0.042211966936544,-8.67361737988404E-19,0.0254429541074619));
#8227=CARTESIAN_POINT('',(0.0421654087985971,-0.005,0.0255018651981754));
#8228=CARTESIAN_POINT('',(0.0421654087985971,-8.67361737988404E-19,0.0255018651981754));
#8229=CARTESIAN_POINT('',(0.0421334322501111,-0.005,0.0255505723837818));
#8230=CARTESIAN_POINT('',(0.0421334322501111,-1.73472347597681E-18,0.0255505723837818));
#8231=CARTESIAN_POINT('',(0.0420205688962407,-0.005,0.0257229236830581));
#8232=CARTESIAN_POINT('',(0.0420205688962407,-1.73472347597681E-18,0.0257229236830581));
#8233=CARTESIAN_POINT('',(0.0419115225704181,-0.005,0.0259101175867936));
#8234=CARTESIAN_POINT('',(0.0419115225704181,-1.73472347597681E-18,0.0259101175867936));
#8235=CARTESIAN_POINT('',(0.0417614112354844,-0.005,0.0261916560558444));
#8236=CARTESIAN_POINT('',(0.0417614112354844,8.67361737988404E-19,0.0261916560558444));
#8237=CARTESIAN_POINT('',(0.0415680211845617,-0.005,0.0265994452253806));
#8238=CARTESIAN_POINT('',(0.0415680211845617,-8.67361737988404E-19,0.0265994452253806));
#8239=CARTESIAN_POINT('',(0.0412720842925671,-0.005,0.0273395922934048));
#8240=CARTESIAN_POINT('',(0.0412720842925671,0.,0.0273395922934048));
#8241=CARTESIAN_POINT('',(0.0409372968095942,-0.005,0.0284089809776624));
#8242=CARTESIAN_POINT('',(0.0409372968095942,-5.20417042793042E-18,0.0284089809776624));
#8243=CARTESIAN_POINT('',(0.0407395547336032,-0.005,0.029391812101783));
#8244=CARTESIAN_POINT('',(0.0407395547336032,1.73472347597681E-18,0.029391812101783));
#8245=CARTESIAN_POINT('',(0.0406560203836575,-0.005,0.0299030850079398));
#8246=CARTESIAN_POINT('',(0.0406560203836575,-8.67361737988404E-19,0.0299030850079398));
#8247=CARTESIAN_POINT('',(0.0422119669458055,-0.005,0.0254429540957431));
#8248=CARTESIAN_POINT('',(0.0409700088533868,-0.0025,0.0243993124722027));
#8249=CARTESIAN_POINT('',(0.0415341484432881,-0.0025,0.0249072660404984));
#8250=CARTESIAN_POINT('',(0.0955869228745533,-0.005,0.00810037963763916));
#8251=CARTESIAN_POINT('',(0.0955869228745533,2.60208521396521E-18,0.00810037963763916));
#8252=CARTESIAN_POINT('',(0.0956592162696967,-0.005,0.00812067352432418));
#8253=CARTESIAN_POINT('',(0.0956592162696967,2.60208521396521E-18,0.00812067352432418));
#8254=CARTESIAN_POINT('',(0.0957137152062234,-0.005,0.00814128312160864));
#8255=CARTESIAN_POINT('',(0.0957137152062234,2.60208521396521E-18,0.00814128312160864));
#8256=CARTESIAN_POINT('',(0.0959063291294747,-0.005,0.00821437883679648));
#8257=CARTESIAN_POINT('',(0.0959063291294747,2.60208521396521E-18,0.00821437883679648));
#8258=CARTESIAN_POINT('',(0.0961045792761742,-0.005,0.0083017260640267));
#8259=CARTESIAN_POINT('',(0.0961045792761742,0.,0.0083017260640267));
#8260=CARTESIAN_POINT('',(0.0963915060572448,-0.005,0.00844126224118311));
#8261=CARTESIAN_POINT('',(0.0963915060572448,4.33680868994202E-18,0.00844126224118311));
#8262=CARTESIAN_POINT('',(0.0967876543548824,-0.005,0.00865749878958749));
#8263=CARTESIAN_POINT('',(0.0967876543548824,-8.67361737988404E-19,0.00865749878958749));
#8264=CARTESIAN_POINT('',(0.0974621198608806,-0.005,0.00908234300523218));
#8265=CARTESIAN_POINT('',(0.0974621198608806,2.60208521396521E-18,0.00908234300523218));
#8266=CARTESIAN_POINT('',(0.0983615395216849,-0.005,0.00975071347924525));
#8267=CARTESIAN_POINT('',(0.0983615395216849,8.67361737988404E-19,0.00975071347924525));
#8268=CARTESIAN_POINT('',(0.0990992098619166,-0.005,0.0104296106852343));
#8269=CARTESIAN_POINT('',(0.0990992098619166,2.60208521396521E-18,0.0104296106852343));
#8270=CARTESIAN_POINT('',(0.0994673092447724,-0.005,0.0107941388961207));
#8271=CARTESIAN_POINT('',(0.0994673092447724,2.60208521396521E-18,0.0107941388961207));
#8272=CARTESIAN_POINT('',(0.0955869228601725,-1.7347234759768E-18,0.00810037963360226));
#8273=CARTESIAN_POINT('',(0.06345,-0.005,0.));
#8274=CARTESIAN_POINT('',(0.0951311862208578,-0.005,0.0063561069759192));
#8275=CARTESIAN_POINT('',(0.0949774653792101,-0.005,0.00707930667598958));
#8276=CARTESIAN_POINT('',(0.0961032611361117,-0.005,0.00567119910563583));
#8277=CARTESIAN_POINT('',(0.0961032611361117,0.,0.00567119910563583));
#8278=CARTESIAN_POINT('',(0.0961775587062077,-0.005,0.00568206409049399));
#8279=CARTESIAN_POINT('',(0.0961775587062077,-8.67361737988404E-19,0.00568206409049399));
#8280=CARTESIAN_POINT('',(0.0962357286405326,-0.005,0.00568540300100501));
#8281=CARTESIAN_POINT('',(0.0962357286405326,8.67361737988404E-19,0.00568540300100501));
#8282=CARTESIAN_POINT('',(0.0964414209210164,-0.005,0.00569696988297489));
#8283=CARTESIAN_POINT('',(0.0964414209210164,-8.67361737988404E-19,0.00569696988297489));
#8284=CARTESIAN_POINT('',(0.0966580587599962,-0.005,0.00569780981945887));
#8285=CARTESIAN_POINT('',(0.0966580587599962,-2.60208521396521E-18,0.00569780981945887));
#8286=CARTESIAN_POINT('',(0.0969769338938035,-0.005,0.00568704081438207));
#8287=CARTESIAN_POINT('',(0.0969769338938035,1.73472347597681E-18,0.00568704081438207));
#8288=CARTESIAN_POINT('',(0.0974267846994714,-0.005,0.0056506269265522));
#8289=CARTESIAN_POINT('',(0.0974267846994714,-1.73472347597681E-18,0.0056506269265522));
#8290=CARTESIAN_POINT('',(0.0982157393089144,-0.005,0.00553684225892444));
#8291=CARTESIAN_POINT('',(0.0982157393089144,-2.60208521396521E-18,0.00553684225892444));
#8292=CARTESIAN_POINT('',(0.0993092508174876,-0.005,0.00529208238191922));
#8293=CARTESIAN_POINT('',(0.0993092508174876,-1.73472347597681E-18,0.00529208238191922));
#8294=CARTESIAN_POINT('',(0.100259278576601,-0.005,0.00497191648106415));
#8295=CARTESIAN_POINT('',(0.100259278576601,-8.67361737988404E-19,0.00497191648106415));
#8296=CARTESIAN_POINT('',(0.100743821076573,-0.005,0.00478862289712731));
#8297=CARTESIAN_POINT('',(0.100743821076573,8.67361737988404E-19,0.00478862289712731));
#8298=CARTESIAN_POINT('',(0.0961032611213322,-0.005,0.00567119910347453));
#8299=CARTESIAN_POINT('',(0.0958204200091087,-0.0025,0.00726858717371498));
#8300=CARTESIAN_POINT('',(0.095978250908245,-0.0025,0.00652605117343198));
#8301=CARTESIAN_POINT('',(0.0932004903779844,-0.005,0.0146050088801181));
#8302=CARTESIAN_POINT('',(0.0932004903779844,-4.33680868994202E-18,0.0146050088801181));
#8303=CARTESIAN_POINT('',(0.0932669846526988,-0.005,0.0146398899387078));
#8304=CARTESIAN_POINT('',(0.0932669846526988,-4.33680868994202E-18,0.0146398899387078));
#8305=CARTESIAN_POINT('',(0.0933160076804865,-0.005,0.0146713801328847));
#8306=CARTESIAN_POINT('',(0.0933160076804865,-7.80625564189563E-18,0.0146713801328847));
#8307=CARTESIAN_POINT('',(0.0934892150736464,-0.005,0.0147829252177779));
#8308=CARTESIAN_POINT('',(0.0934892150736464,-1.73472347597681E-18,0.0147829252177779));
#8309=CARTESIAN_POINT('',(0.0936649724692839,-0.005,0.014909582221729));
#8310=CARTESIAN_POINT('',(0.0936649724692839,-5.20417042793042E-18,0.014909582221729));
#8311=CARTESIAN_POINT('',(0.0939166180092518,-0.005,0.0151057246308234));
#8312=CARTESIAN_POINT('',(0.0939166180092518,-3.46944695195361E-18,0.0151057246308234));
#8313=CARTESIAN_POINT('',(0.0942591514097252,-0.005,0.0153995997542125));
#8314=CARTESIAN_POINT('',(0.0942591514097252,-7.80625564189563E-18,0.0153995997542125));
#8315=CARTESIAN_POINT('',(0.0948305481469864,-0.005,0.0159553893681813));
#8316=CARTESIAN_POINT('',(0.0948305481469864,-1.73472347597681E-18,0.0159553893681813));
#8317=CARTESIAN_POINT('',(0.0955713512949101,-0.005,0.016796154206171));
#8318=CARTESIAN_POINT('',(0.0955713512949101,-6.07153216591882E-18,0.016796154206171));
#8319=CARTESIAN_POINT('',(0.0961517511023515,-0.005,0.0176135861670578));
#8320=CARTESIAN_POINT('',(0.0961517511023515,-5.20417042793042E-18,0.0176135861670578));
#8321=CARTESIAN_POINT('',(0.0964360169538474,-0.005,0.0180466807270146));
#8322=CARTESIAN_POINT('',(0.0964360169538474,-5.20417042793042E-18,0.0180466807270146));
#8323=CARTESIAN_POINT('',(0.0932004903647572,-1.7347234759768E-18,0.0146050088731794));
#8324=CARTESIAN_POINT('',(0.06345,-0.005,0.));
#8325=CARTESIAN_POINT('',(0.0931173673419511,-0.005,0.0128040997827936));
#8326=CARTESIAN_POINT('',(0.09281664399707,-0.005,0.0134795354741679));
#8327=CARTESIAN_POINT('',(0.0942106004414052,-0.005,0.0123362645319842));
#8328=CARTESIAN_POINT('',(0.0942106004414052,-1.73472347597681E-18,0.0123362645319842));
#8329=CARTESIAN_POINT('',(0.0942810154739624,-0.005,0.0123623394242775));
#8330=CARTESIAN_POINT('',(0.0942810154739624,-8.67361737988404E-19,0.0123623394242775));
#8331=CARTESIAN_POINT('',(0.0943372200571272,-0.005,0.0123776995809832));
#8332=CARTESIAN_POINT('',(0.0943372200571272,0.,0.0123776995809832));
#8333=CARTESIAN_POINT('',(0.094536012577784,-0.005,0.0124317795286536));
#8334=CARTESIAN_POINT('',(0.094536012577784,-4.33680868994202E-18,0.0124317795286536));
#8335=CARTESIAN_POINT('',(0.0947477417275958,-0.005,0.0124776426499075));
#8336=CARTESIAN_POINT('',(0.0947477417275958,-8.67361737988404E-19,0.0124776426499075));
#8337=CARTESIAN_POINT('',(0.0950618876767172,-0.005,0.012533406841659));
#8338=CARTESIAN_POINT('',(0.0950618876767172,-3.46944695195361E-18,0.012533406841659));
#8339=CARTESIAN_POINT('',(0.0955094790359573,-0.005,0.0125913179262669));
#8340=CARTESIAN_POINT('',(0.0955094790359573,8.67361737988404E-19,0.0125913179262669));
#8341=CARTESIAN_POINT('',(0.0963048502569074,-0.005,0.0126440526134543));
#8342=CARTESIAN_POINT('',(0.0963048502569074,-2.60208521396521E-18,0.0126440526134543));
#8343=CARTESIAN_POINT('',(0.0974253543552654,-0.005,0.0126319951536819));
#8344=CARTESIAN_POINT('',(0.0974253543552654,8.67361737988404E-19,0.0126319951536819));
#8345=CARTESIAN_POINT('',(0.098421187962262,-0.005,0.0125163475236449));
#8346=CARTESIAN_POINT('',(0.098421187962262,0.,0.0125163475236449));
#8347=CARTESIAN_POINT('',(0.0989332509250151,-0.005,0.0124378013947293));
#8348=CARTESIAN_POINT('',(0.0989332509250151,-1.73472347597681E-18,0.0124378013947293));
#8349=CARTESIAN_POINT('',(0.094210600427398,-0.005,0.0123362645267973));
#8350=CARTESIAN_POINT('',(0.0936018244175119,-0.0025,0.0138399398612686));
#8351=CARTESIAN_POINT('',(0.0939105882481356,-0.0025,0.0131464449432361));
#8352=CARTESIAN_POINT('',(0.0846880330634561,-0.005,0.0254429541074619));
#8353=CARTESIAN_POINT('',(0.0846880330634561,8.67361737988404E-19,0.0254429541074619));
#8354=CARTESIAN_POINT('',(0.084734591201403,-0.005,0.0255018651981755));
#8355=CARTESIAN_POINT('',(0.084734591201403,0.,0.0255018651981755));
#8356=CARTESIAN_POINT('',(0.0847665677498889,-0.005,0.0255505723837818));
#8357=CARTESIAN_POINT('',(0.0847665677498889,1.73472347597681E-18,0.0255505723837818));
#8358=CARTESIAN_POINT('',(0.0848794311037593,-0.005,0.0257229236830581));
#8359=CARTESIAN_POINT('',(0.0848794311037593,0.,0.0257229236830581));
#8360=CARTESIAN_POINT('',(0.0849884774295819,-0.005,0.0259101175867936));
#8361=CARTESIAN_POINT('',(0.0849884774295819,0.,0.0259101175867936));
#8362=CARTESIAN_POINT('',(0.0851385887645157,-0.005,0.0261916560558444));
#8363=CARTESIAN_POINT('',(0.0851385887645157,2.60208521396521E-18,0.0261916560558444));
#8364=CARTESIAN_POINT('',(0.0853319788154383,-0.005,0.0265994452253806));
#8365=CARTESIAN_POINT('',(0.0853319788154383,8.67361737988404E-19,0.0265994452253806));
#8366=CARTESIAN_POINT('',(0.085627915707433,-0.005,0.0273395922934049));
#8367=CARTESIAN_POINT('',(0.085627915707433,0.,0.0273395922934049));
#8368=CARTESIAN_POINT('',(0.0859627031904058,-0.005,0.0284089809776624));
#8369=CARTESIAN_POINT('',(0.0859627031904058,1.73472347597681E-18,0.0284089809776624));
#8370=CARTESIAN_POINT('',(0.0861604452663969,-0.005,0.029391812101783));
#8371=CARTESIAN_POINT('',(0.0861604452663969,0.,0.029391812101783));
#8372=CARTESIAN_POINT('',(0.0862439796163425,-0.005,0.0299030850079398));
#8373=CARTESIAN_POINT('',(0.0862439796163425,0.,0.0299030850079398));
#8374=CARTESIAN_POINT('',(0.0846880330541946,-1.7347234759768E-18,0.0254429540957432));
#8375=CARTESIAN_POINT('',(0.06345,-0.005,0.));
#8376=CARTESIAN_POINT('',(0.0853445921121928,-0.005,0.0237639325973356));
#8377=CARTESIAN_POINT('',(0.0847951432207464,-0.005,0.0242586586013288));
#8378=CARTESIAN_POINT('',(0.0865335959837704,-0.005,0.0237812017900048));
#8379=CARTESIAN_POINT('',(0.0865335959837704,8.67361737988404E-19,0.0237812017900048));
#8380=CARTESIAN_POINT('',(0.0865873177027528,-0.005,0.0238336627633823));
#8381=CARTESIAN_POINT('',(0.0865873177027528,1.73472347597681E-18,0.0238336627633823));
#8382=CARTESIAN_POINT('',(0.0866324156058263,-0.005,0.0238705554282514));
#8383=CARTESIAN_POINT('',(0.0866324156058263,-1.73472347597681E-18,0.0238705554282514));
#8384=CARTESIAN_POINT('',(0.0867920253137123,-0.005,0.0240008161213157));
#8385=CARTESIAN_POINT('',(0.0867920253137123,2.60208521396521E-18,0.0240008161213157));
#8386=CARTESIAN_POINT('',(0.0869667953047936,-0.005,0.0241288321710463));
#8387=CARTESIAN_POINT('',(0.0869667953047936,-8.67361737988404E-19,0.0241288321710463));
#8388=CARTESIAN_POINT('',(0.0872311005694934,-0.005,0.0243075499639015));
#8389=CARTESIAN_POINT('',(0.0872311005694934,-8.67361737988404E-19,0.0243075499639015));
#8390=CARTESIAN_POINT('',(0.0876164410624569,-0.005,0.0245425061791193));
#8391=CARTESIAN_POINT('',(0.0876164410624569,-8.67361737988404E-19,0.0245425061791193));
#8392=CARTESIAN_POINT('',(0.0883215996988553,-0.005,0.0249141883334678));
#8393=CARTESIAN_POINT('',(0.0883215996988553,3.46944695195361E-18,0.0249141883334678));
#8394=CARTESIAN_POINT('',(0.089350135338892,-0.005,0.0253589233713808));
#8395=CARTESIAN_POINT('',(0.089350135338892,0.,0.0253589233713808));
#8396=CARTESIAN_POINT('',(0.0903069127359528,-0.005,0.0256583160226454));
#8397=CARTESIAN_POINT('',(0.0903069127359528,8.67361737988404E-19,0.0256583160226454));
#8398=CARTESIAN_POINT('',(0.0908066531184044,-0.005,0.0257948353338726));
#8399=CARTESIAN_POINT('',(0.0908066531184044,8.67361737988404E-19,0.0257948353338726));
#8400=CARTESIAN_POINT('',(0.0865335959730839,-0.005,0.0237812017795691));
#8401=CARTESIAN_POINT('',(0.0853658515567119,-0.0025,0.0249072660404984));
#8402=CARTESIAN_POINT('',(0.0859299911466133,-0.0025,0.0243993124722027));
#8403=CARTESIAN_POINT('',(0.0895138186932059,-0.005,0.0204713291519276));
#8404=CARTESIAN_POINT('',(0.0895138186932059,-1.73472347597681E-18,0.0204713291519276));
#8405=CARTESIAN_POINT('',(0.0895716077286114,-0.005,0.0205192729127838));
#8406=CARTESIAN_POINT('',(0.0895716077286114,-1.73472347597681E-18,0.0205192729127838));
#8407=CARTESIAN_POINT('',(0.0896130123061072,-0.005,0.0205602674312609));
#8408=CARTESIAN_POINT('',(0.0896130123061072,-3.46944695195361E-18,0.0205602674312609));
#8409=CARTESIAN_POINT('',(0.0897592431749533,-0.005,0.0207053868303968));
#8410=CARTESIAN_POINT('',(0.0897592431749533,2.60208521396521E-18,0.0207053868303968));
#8411=CARTESIAN_POINT('',(0.089904826377962,-0.005,0.0208658180922284));
#8412=CARTESIAN_POINT('',(0.089904826377962,0.,0.0208658180922284));
#8413=CARTESIAN_POINT('',(0.090110192559201,-0.005,0.0211099943687878));
#8414=CARTESIAN_POINT('',(0.090110192559201,-8.67361737988404E-19,0.0211099943687878));
#8415=CARTESIAN_POINT('',(0.0903841407092522,-0.005,0.0214686643141001));
#8416=CARTESIAN_POINT('',(0.0903841407092522,-4.33680868994202E-18,0.0214686643141001));
#8417=CARTESIAN_POINT('',(0.0908274958984921,-0.005,0.0221311086532882));
#8418=CARTESIAN_POINT('',(0.0908274958984921,8.67361737988404E-19,0.0221311086532882));
#8419=CARTESIAN_POINT('',(0.0913773058812032,-0.005,0.0231075223973971));
#8420=CARTESIAN_POINT('',(0.0913773058812032,0.,0.0231075223973971));
#8421=CARTESIAN_POINT('',(0.091775068899202,-0.005,0.0240277634140171));
#8422=CARTESIAN_POINT('',(0.091775068899202,-8.67361737988404E-19,0.0240277634140171));
#8423=CARTESIAN_POINT('',(0.0919630774375686,-0.005,0.0245104960125561));
#8424=CARTESIAN_POINT('',(0.0919630774375686,-8.67361737988404E-19,0.0245104960125561));
#8425=CARTESIAN_POINT('',(0.0895138186817103,-1.7347234759768E-18,0.0204713291423905));
#8426=CARTESIAN_POINT('',(0.06345,-0.005,0.));
#8427=CARTESIAN_POINT('',(0.089806942150378,-0.005,0.0186924919882724));
#8428=CARTESIAN_POINT('',(0.0893723593554656,-0.005,0.0192906438901377));
#8429=CARTESIAN_POINT('',(0.0909735539016717,-0.005,0.0184621760023199));
#8430=CARTESIAN_POINT('',(0.0909735539016717,-8.67361737988404E-19,0.0184621760023199));
#8431=CARTESIAN_POINT('',(0.0910370089218785,-0.005,0.018502321204134));
#8432=CARTESIAN_POINT('',(0.0910370089218785,-8.67361737988404E-19,0.018502321204134));
#8433=CARTESIAN_POINT('',(0.0910887917438996,-0.005,0.0185290312944801));
#8434=CARTESIAN_POINT('',(0.0910887917438996,1.73472347597681E-18,0.0185290312944801));
#8435=CARTESIAN_POINT('',(0.0912719963176644,-0.005,0.0186232607546333));
#8436=CARTESIAN_POINT('',(0.0912719963176644,-2.60208521396521E-18,0.0186232607546333));
#8437=CARTESIAN_POINT('',(0.091469563198472,-0.005,0.0187121426221828));
#8438=CARTESIAN_POINT('',(0.091469563198472,-8.67361737988404E-19,0.0187121426221828));
#8439=CARTESIAN_POINT('',(0.0917652502774911,-0.005,0.0188320028479967));
#8440=CARTESIAN_POINT('',(0.0917652502774911,-1.73472347597681E-18,0.0188320028479967));
#8441=CARTESIAN_POINT('',(0.0921910203001231,-0.005,0.0189817079127569));
#8442=CARTESIAN_POINT('',(0.0921910203001231,-1.73472347597681E-18,0.0189817079127569));
#8443=CARTESIAN_POINT('',(0.0929580465936103,-0.005,0.0191986571958802));
#8444=CARTESIAN_POINT('',(0.0929580465936103,-2.60208521396521E-18,0.0191986571958802));
#8445=CARTESIAN_POINT('',(0.0940565718758798,-0.005,0.0194198291221907));
#8446=CARTESIAN_POINT('',(0.0940565718758798,8.67361737988404E-19,0.0194198291221907));
#8447=CARTESIAN_POINT('',(0.095054688623594,-0.005,0.0195137541193434));
#8448=CARTESIAN_POINT('',(0.095054688623594,-1.73472347597681E-18,0.0195137541193434));
#8449=CARTESIAN_POINT('',(0.0955718924405054,-0.005,0.0195433882881888));
#8450=CARTESIAN_POINT('',(0.0955718924405054,-1.73472347597681E-18,0.0195433882881888));
#8451=CARTESIAN_POINT('',(0.090973553889049,-0.005,0.0184621759943342));
#8452=CARTESIAN_POINT('',(0.0900654494143637,-0.0025,0.0198064207654851));
#8453=CARTESIAN_POINT('',(0.0905116517154635,-0.0025,0.0191922759853789));
#8454=CARTESIAN_POINT('',(0.0789340434774437,-0.005,0.0293025998796608));
#8455=CARTESIAN_POINT('',(0.0789340434774437,8.67361737988404E-19,0.0293025998796608));
#8456=CARTESIAN_POINT('',(0.0789673359038929,-0.005,0.0293699036028808));
#8457=CARTESIAN_POINT('',(0.0789673359038929,8.67361737988404E-19,0.0293699036028808));
#8458=CARTESIAN_POINT('',(0.0789884868947599,-0.005,0.0294241947178823));
#8459=CARTESIAN_POINT('',(0.0789884868947599,8.67361737988404E-19,0.0294241947178823));
#8460=CARTESIAN_POINT('',(0.0790630500635117,-0.005,0.0296162453384874));
#8461=CARTESIAN_POINT('',(0.0790630500635117,-1.73472347597681E-18,0.0296162453384874));
#8462=CARTESIAN_POINT('',(0.0791307936644476,-0.005,0.0298220206122775));
#8463=CARTESIAN_POINT('',(0.0791307936644476,-8.67361737988404E-19,0.0298220206122775));
#8464=CARTESIAN_POINT('',(0.0792190895674253,-0.005,0.0301286166917508));
#8465=CARTESIAN_POINT('',(0.0792190895674253,-8.67361737988404E-19,0.0301286166917508));
#8466=CARTESIAN_POINT('',(0.0793234694460057,-0.005,0.0305677027420125));
#8467=CARTESIAN_POINT('',(0.0793234694460057,2.60208521396521E-18,0.0305677027420125));
#8468=CARTESIAN_POINT('',(0.0794590541785122,-0.005,0.0313532045603805));
#8469=CARTESIAN_POINT('',(0.0794590541785122,0.,0.0313532045603805));
#8470=CARTESIAN_POINT('',(0.0795641873422524,-0.005,0.0324688307677885));
#8471=CARTESIAN_POINT('',(0.0795641873422524,0.,0.0324688307677885));
#8472=CARTESIAN_POINT('',(0.0795532661986428,-0.005,0.0334712975631386));
#8473=CARTESIAN_POINT('',(0.0795532661986428,8.67361737988404E-19,0.0334712975631386));
#8474=CARTESIAN_POINT('',(0.0795286755082327,-0.005,0.0339887656975547));
#8475=CARTESIAN_POINT('',(0.0795286755082327,8.67361737988404E-19,0.0339887656975547));
#8476=CARTESIAN_POINT('',(0.0789340434708211,-1.7347234759768E-18,0.0293025998662726));
#8477=CARTESIAN_POINT('',(0.06345,-0.005,0.));
#8478=CARTESIAN_POINT('',(0.0799253433367954,-0.005,0.0277967753198948));
#8479=CARTESIAN_POINT('',(0.0792850419019195,-0.005,0.0281664535256829));
#8480=CARTESIAN_POINT('',(0.0810847741539953,-0.005,0.0280608749445994));
#8481=CARTESIAN_POINT('',(0.0810847741539953,1.73472347597681E-18,0.0280608749445994));
#8482=CARTESIAN_POINT('',(0.0811264146748484,-0.005,0.028123358893268));
#8483=CARTESIAN_POINT('',(0.0811264146748484,1.73472347597681E-18,0.028123358893268));
#8484=CARTESIAN_POINT('',(0.0811628566642061,-0.005,0.0281688217461748));
#8485=CARTESIAN_POINT('',(0.0811628566642061,2.60208521396521E-18,0.0281688217461748));
#8486=CARTESIAN_POINT('',(0.0812918957960866,-0.005,0.028329420654803));
#8487=CARTESIAN_POINT('',(0.0812918957960866,4.33680868994202E-18,0.028329420654803));
#8488=CARTESIAN_POINT('',(0.0814362306101917,-0.005,0.0284909759710523));
#8489=CARTESIAN_POINT('',(0.0814362306101917,1.73472347597681E-18,0.0284909759710523));
#8490=CARTESIAN_POINT('',(0.0816576026522274,-0.005,0.0287207405058178));
#8491=CARTESIAN_POINT('',(0.0816576026522274,5.20417042793042E-18,0.0287207405058178));
#8492=CARTESIAN_POINT('',(0.0819856723869112,-0.005,0.0290306791574432));
#8493=CARTESIAN_POINT('',(0.0819856723869112,2.60208521396521E-18,0.0290306791574432));
#8494=CARTESIAN_POINT('',(0.0825981445500835,-0.005,0.0295408498893431));
#8495=CARTESIAN_POINT('',(0.0825981445500835,3.46944695195361E-18,0.0295408498893431));
#8496=CARTESIAN_POINT('',(0.0835117386049564,-0.005,0.0301897109836264));
#8497=CARTESIAN_POINT('',(0.0835117386049564,4.33680868994202E-18,0.0301897109836264));
#8498=CARTESIAN_POINT('',(0.0843853608879848,-0.005,0.0306814863934972));
#8499=CARTESIAN_POINT('',(0.0843853608879848,3.46944695195361E-18,0.0306814863934972));
#8500=CARTESIAN_POINT('',(0.0848457967832431,-0.005,0.0309189242981135));
#8501=CARTESIAN_POINT('',(0.0848457967832431,3.46944695195361E-18,0.0309189242981135));
#8502=CARTESIAN_POINT('',(0.081084774145712,-0.005,0.0280608749321699));
#8503=CARTESIAN_POINT('',(0.0797084258221082,-0.0025,0.0289195442712191));
#8504=CARTESIAN_POINT('',(0.0803658470936904,-0.0025,0.0285399819231001));
#8505=CARTESIAN_POINT('',(0.072503326890783,-0.005,0.031881581427644));
#8506=CARTESIAN_POINT('',(0.072503326890783,-8.67361737988404E-19,0.031881581427644));
#8507=CARTESIAN_POINT('',(0.0725218985669439,-0.005,0.0319543362877065));
#8508=CARTESIAN_POINT('',(0.0725218985669439,-8.67361737988404E-19,0.0319543362877065));
#8509=CARTESIAN_POINT('',(0.0725312996003972,-0.005,0.0320118385498601));
#8510=CARTESIAN_POINT('',(0.0725312996003972,-1.73472347597681E-18,0.0320118385498601));
#8511=CARTESIAN_POINT('',(0.0725643038157623,-0.005,0.0322151949581122));
#8512=CARTESIAN_POINT('',(0.0725643038157623,-8.67361737988404E-19,0.0322151949581122));
#8513=CARTESIAN_POINT('',(0.0725877839713806,-0.005,0.032430558235073));
#8514=CARTESIAN_POINT('',(0.0725877839713806,0.,0.032430558235073));
#8515=CARTESIAN_POINT('',(0.0726104054877515,-0.005,0.0327488122050846));
#8516=CARTESIAN_POINT('',(0.0726104054877515,-1.73472347597681E-18,0.0327488122050846));
#8517=CARTESIAN_POINT('',(0.0726212132924254,-0.005,0.0332000049687068));
#8518=CARTESIAN_POINT('',(0.0726212132924254,0.,0.0332000049687068));
#8519=CARTESIAN_POINT('',(0.0725905201620253,-0.005,0.0339965313387));
#8520=CARTESIAN_POINT('',(0.0725905201620253,-1.73472347597681E-18,0.0339965313387));
#8521=CARTESIAN_POINT('',(0.0724614041827927,-0.005,0.0351096368506261));
#8522=CARTESIAN_POINT('',(0.0724614041827927,0.,0.0351096368506261));
#8523=CARTESIAN_POINT('',(0.0722422971259638,-0.005,0.0360879267078796));
#8524=CARTESIAN_POINT('',(0.0722422971259638,-8.67361737988404E-19,0.0360879267078796));
#8525=CARTESIAN_POINT('',(0.072110656126368,-0.005,0.0365889742299933));
#8526=CARTESIAN_POINT('',(0.072110656126368,-8.67361737988404E-19,0.0365889742299933));
#8527=CARTESIAN_POINT('',(0.0725033268870886,-1.7347234759768E-18,0.0318815814131714));
#8528=CARTESIAN_POINT('',(0.06345,-0.005,0.));
#8529=CARTESIAN_POINT('',(0.0737860430001114,-0.005,0.030614765577248));
#8530=CARTESIAN_POINT('',(0.0730828732670173,-0.005,0.0308432392733251));
#8531=CARTESIAN_POINT('',(0.0748652280726557,-0.005,0.0311141532130977));
#8532=CARTESIAN_POINT('',(0.0748652280726557,-8.67361737988404E-19,0.0311141532130977));
#8533=CARTESIAN_POINT('',(0.0748929675048048,-0.005,0.0311839292886694));
#8534=CARTESIAN_POINT('',(0.0748929675048048,-8.67361737988404E-19,0.0311839292886694));
#8535=CARTESIAN_POINT('',(0.0749191608906438,-0.005,0.0312359753847869));
#8536=CARTESIAN_POINT('',(0.0749191608906438,-2.60208521396521E-18,0.0312359753847869));
#8537=CARTESIAN_POINT('',(0.075011989817257,-0.005,0.0314198935660329));
#8538=CARTESIAN_POINT('',(0.075011989817257,1.73472347597681E-18,0.0314198935660329));
#8539=CARTESIAN_POINT('',(0.0751195813304143,-0.005,0.0316079274062524));
#8540=CARTESIAN_POINT('',(0.0751195813304143,-2.60208521396521E-18,0.0316079274062524));
#8541=CARTESIAN_POINT('',(0.0752883451292879,-0.005,0.0318786968702264));
#8542=CARTESIAN_POINT('',(0.0752883451292879,0.,0.0318786968702264));
#8543=CARTESIAN_POINT('',(0.0755448058840331,-0.005,0.0322500721519328));
#8544=CARTESIAN_POINT('',(0.0755448058840331,0.,0.0322500721519328));
#8545=CARTESIAN_POINT('',(0.0760378236014814,-0.005,0.0328764345523293));
#8546=CARTESIAN_POINT('',(0.0760378236014814,0.,0.0328764345523293));
#8547=CARTESIAN_POINT('',(0.0767965476270816,-0.005,0.0337010633595816));
#8548=CARTESIAN_POINT('',(0.0767965476270816,-1.73472347597681E-18,0.0337010633595816));
#8549=CARTESIAN_POINT('',(0.0775488333102046,-0.005,0.0343637285828471));
#8550=CARTESIAN_POINT('',(0.0775488333102046,0.,0.0343637285828471));
#8551=CARTESIAN_POINT('',(0.0779498414602302,-0.005,0.0346917079050671));
#8552=CARTESIAN_POINT('',(0.0779498414602302,0.,0.0346917079050671));
#8553=CARTESIAN_POINT('',(0.0748652280671376,-0.005,0.0311141531992177));
#8554=CARTESIAN_POINT('',(0.0733404288624954,-0.0025,0.0316678996459177));
#8555=CARTESIAN_POINT('',(0.0740623993515332,-0.0025,0.0314333172139304));
#8556=CARTESIAN_POINT('',(0.0656769364763127,-0.005,0.033067184882438));
#8557=CARTESIAN_POINT('',(0.0656769364763127,-1.73472347597681E-18,0.033067184882438));
#8558=CARTESIAN_POINT('',(0.0656799757308203,-0.005,0.0331422111428418));
#8559=CARTESIAN_POINT('',(0.0656799757308203,-1.73472347597681E-18,0.0331422111428418));
#8560=CARTESIAN_POINT('',(0.0656772159365868,-0.005,0.0332004114273648));
#8561=CARTESIAN_POINT('',(0.0656772159365868,0.,0.0332004114273648));
#8562=CARTESIAN_POINT('',(0.065667218755982,-0.005,0.0334061859724111));
#8563=CARTESIAN_POINT('',(0.065667218755982,-2.60208521396521E-18,0.0334061859724111));
#8564=CARTESIAN_POINT('',(0.0656454092708119,-0.005,0.0336217248439117));
#8565=CARTESIAN_POINT('',(0.0656454092708119,0.,0.0336217248439117));
#8566=CARTESIAN_POINT('',(0.0656013677317605,-0.005,0.0339377274788201));
#8567=CARTESIAN_POINT('',(0.0656013677317605,-3.46944695195361E-18,0.0339377274788201));
#8568=CARTESIAN_POINT('',(0.065518131109602,-0.005,0.0343813076669694));
#8569=CARTESIAN_POINT('',(0.065518131109602,2.60208521396521E-18,0.0343813076669694));
#8570=CARTESIAN_POINT('',(0.0653225015533761,-0.00500000000000001,0.0351540465640615));
#8571=CARTESIAN_POINT('',(0.0653225015533761,-6.07153216591882E-18,0.0351540465640615));
#8572=CARTESIAN_POINT('',(0.0649647794190301,-0.005,0.0362159833283617));
#8573=CARTESIAN_POINT('',(0.0649647794190301,8.67361737988404E-19,0.0362159833283617));
#8574=CARTESIAN_POINT('',(0.0645470624787577,-0.005,0.0371273402864011));
#8575=CARTESIAN_POINT('',(0.0645470624787577,-1.73472347597681E-18,0.0371273402864011));
#8576=CARTESIAN_POINT('',(0.0643141245133421,-0.005,0.0375900690152034));
#8577=CARTESIAN_POINT('',(0.0643141245133421,-1.73472347597681E-18,0.0375900690152034));
#8578=CARTESIAN_POINT('',(0.0656769364757081,-1.7347234759768E-18,0.0330671848675136));
#8579=CARTESIAN_POINT('',(0.06345,-0.005,0.));
#8580=CARTESIAN_POINT('',(0.0671950079864855,-0.005,0.0320947436729313));
#8581=CARTESIAN_POINT('',(0.0664597018466921,-0.005,0.0321720274624404));
#8582=CARTESIAN_POINT('',(0.0681467817481993,-0.005,0.0328075936839117));
#8583=CARTESIAN_POINT('',(0.0681467817481993,-8.67361737988404E-19,0.0328075936839117));
#8584=CARTESIAN_POINT('',(0.068159407745351,-0.005,0.0328816123370613));
#8585=CARTESIAN_POINT('',(0.068159407745351,-8.67361737988404E-19,0.0328816123370613));
#8586=CARTESIAN_POINT('',(0.0681742077510202,-0.005,0.0329379670122441));
#8587=CARTESIAN_POINT('',(0.0681742077510202,0.,0.0329379670122441));
#8588=CARTESIAN_POINT('',(0.0682267694028307,-0.005,0.0331371663590503));
#8589=CARTESIAN_POINT('',(0.0682267694028307,0.,0.0331371663590503));
#8590=CARTESIAN_POINT('',(0.0682929153496337,-0.005,0.0333434607421359));
#8591=CARTESIAN_POINT('',(0.0682929153496337,-8.67361737988404E-19,0.0333434607421359));
#8592=CARTESIAN_POINT('',(0.0684016951175161,-0.005,0.0336434012104467));
#8593=CARTESIAN_POINT('',(0.0684016951175161,0.,0.0336434012104467));
#8594=CARTESIAN_POINT('',(0.068575338326705,-0.005,0.034059982240367));
#8595=CARTESIAN_POINT('',(0.068575338326705,8.67361737988404E-19,0.034059982240367));
#8596=CARTESIAN_POINT('',(0.0689273543584152,-0.005,0.0347751612667425));
#8597=CARTESIAN_POINT('',(0.0689273543584152,-8.67361737988404E-19,0.0347751612667425));
#8598=CARTESIAN_POINT('',(0.0694980484740623,-0.005,0.035739517551079));
#8599=CARTESIAN_POINT('',(0.0694980484740623,8.67361737988404E-19,0.035739517551079));
#8600=CARTESIAN_POINT('',(0.0700961190630601,-0.005,0.036544110937662));
#8601=CARTESIAN_POINT('',(0.0700961190630601,-1.73472347597681E-18,0.036544110937662));
#8602=CARTESIAN_POINT('',(0.0704201734874464,-0.005,0.0369482974072853));
#8603=CARTESIAN_POINT('',(0.0704201734874464,0.,0.0369482974072853));
#8604=CARTESIAN_POINT('',(0.0681467817456877,-0.005,0.0328075936691877));
#8605=CARTESIAN_POINT('',(0.0665401727020484,-0.0025,0.0330322158466475));
#8606=CARTESIAN_POINT('',(0.0672951388337719,-0.0025,0.0329528657087213));
#8607=CARTESIAN_POINT('',(0.0587532182518007,-0.005,0.0328075936839118));
#8608=CARTESIAN_POINT('',(0.0587532182518007,-8.67361737988404E-19,0.0328075936839118));
#8609=CARTESIAN_POINT('',(0.0587405922546491,-0.005,0.0328816123370613));
#8610=CARTESIAN_POINT('',(0.0587405922546491,-8.67361737988404E-19,0.0328816123370613));
#8611=CARTESIAN_POINT('',(0.0587257922489798,-0.005,0.0329379670122441));
#8612=CARTESIAN_POINT('',(0.0587257922489798,8.67361737988404E-19,0.0329379670122441));
#8613=CARTESIAN_POINT('',(0.0586732305971693,-0.005,0.0331371663590503));
#8614=CARTESIAN_POINT('',(0.0586732305971693,-2.60208521396521E-18,0.0331371663590503));
#8615=CARTESIAN_POINT('',(0.0586070846503662,-0.005,0.033343460742136));
#8616=CARTESIAN_POINT('',(0.0586070846503662,8.67361737988404E-19,0.033343460742136));
#8617=CARTESIAN_POINT('',(0.0584983048824839,-0.005,0.0336434012104468));
#8618=CARTESIAN_POINT('',(0.0584983048824839,-8.67361737988404E-19,0.0336434012104468));
#8619=CARTESIAN_POINT('',(0.058324661673295,-0.005,0.0340599822403671));
#8620=CARTESIAN_POINT('',(0.058324661673295,8.67361737988404E-19,0.0340599822403671));
#8621=CARTESIAN_POINT('',(0.0579726456415848,-0.005,0.0347751612667425));
#8622=CARTESIAN_POINT('',(0.0579726456415848,-1.73472347597681E-18,0.0347751612667425));
#8623=CARTESIAN_POINT('',(0.0574019515259377,-0.005,0.035739517551079));
#8624=CARTESIAN_POINT('',(0.0574019515259377,8.67361737988404E-19,0.035739517551079));
#8625=CARTESIAN_POINT('',(0.0568038809369398,-0.005,0.036544110937662));
#8626=CARTESIAN_POINT('',(0.0568038809369398,1.73472347597681E-18,0.036544110937662));
#8627=CARTESIAN_POINT('',(0.0564798265125536,-0.005,0.0369482974072853));
#8628=CARTESIAN_POINT('',(0.0564798265125536,0.,0.0369482974072853));
#8629=CARTESIAN_POINT('',(0.0587532182543123,-1.7347234759768E-18,0.0328075936691878));
#8630=CARTESIAN_POINT('',(0.06345,-0.005,0.));
#8631=CARTESIAN_POINT('',(0.060440298153308,-0.005,0.0321720274624404));
#8632=CARTESIAN_POINT('',(0.0597049920135146,-0.005,0.0320947436729313));
#8633=CARTESIAN_POINT('',(0.0612230635236873,-0.005,0.033067184882438));
#8634=CARTESIAN_POINT('',(0.0612230635236873,-2.60208521396521E-18,0.033067184882438));
#8635=CARTESIAN_POINT('',(0.0612200242691797,-0.005,0.0331422111428418));
#8636=CARTESIAN_POINT('',(0.0612200242691797,-2.60208521396521E-18,0.0331422111428418));
#8637=CARTESIAN_POINT('',(0.0612227840634132,-0.005,0.0332004114273648));
#8638=CARTESIAN_POINT('',(0.0612227840634132,-2.60208521396521E-18,0.0332004114273648));
#8639=CARTESIAN_POINT('',(0.061232781244018,-0.005,0.0334061859724111));
#8640=CARTESIAN_POINT('',(0.061232781244018,-2.60208521396521E-18,0.0334061859724111));
#8641=CARTESIAN_POINT('',(0.0612545907291882,-0.005,0.0336217248439117));
#8642=CARTESIAN_POINT('',(0.0612545907291882,-2.60208521396521E-18,0.0336217248439117));
#8643=CARTESIAN_POINT('',(0.0612986322682395,-0.005,0.0339377274788201));
#8644=CARTESIAN_POINT('',(0.0612986322682395,-8.67361737988404E-19,0.0339377274788201));
#8645=CARTESIAN_POINT('',(0.061381868890398,-0.005,0.0343813076669694));
#8646=CARTESIAN_POINT('',(0.061381868890398,-3.46944695195361E-18,0.0343813076669694));
#8647=CARTESIAN_POINT('',(0.061577498446624,-0.005,0.0351540465640615));
#8648=CARTESIAN_POINT('',(0.061577498446624,8.67361737988404E-19,0.0351540465640615));
#8649=CARTESIAN_POINT('',(0.0619352205809699,-0.005,0.0362159833283618));
#8650=CARTESIAN_POINT('',(0.0619352205809699,-3.46944695195361E-18,0.0362159833283618));
#8651=CARTESIAN_POINT('',(0.0623529375212424,-0.005,0.0371273402864011));
#8652=CARTESIAN_POINT('',(0.0623529375212424,-1.73472347597681E-18,0.0371273402864011));
#8653=CARTESIAN_POINT('',(0.062585875486658,-0.005,0.0375900690152034));
#8654=CARTESIAN_POINT('',(0.062585875486658,-1.73472347597681E-18,0.0375900690152034));
#8655=CARTESIAN_POINT('',(0.0612230635242919,-0.005,0.0330671848675136));
#8656=CARTESIAN_POINT('',(0.0596048611662281,-0.0025,0.0329528657087213));
#8657=CARTESIAN_POINT('',(0.0603598272979516,-0.0025,0.0330322158466475));
#8658=MECHANICAL_DESIGN_GEOMETRIC_PRESENTATION_REPRESENTATION('',(#3461),
#8659);
#8659=(
GEOMETRIC_REPRESENTATION_CONTEXT(3)
GLOBAL_UNCERTAINTY_ASSIGNED_CONTEXT((#8660))
GLOBAL_UNIT_ASSIGNED_CONTEXT((#8663,#8662,#8661))
REPRESENTATION_CONTEXT('planet','TOP_LEVEL_ASSEMBLY_PART')
);
#8660=UNCERTAINTY_MEASURE_WITH_UNIT(LENGTH_MEASURE(2.E-5),#8663,
'DISTANCE_ACCURACY_VALUE','Maximum Tolerance applied to model');
#8661=(
NAMED_UNIT(*)
SI_UNIT($,.STERADIAN.)
SOLID_ANGLE_UNIT()
);
#8662=(
NAMED_UNIT(*)
PLANE_ANGLE_UNIT()
SI_UNIT($,.RADIAN.)
);
#8663=(
LENGTH_UNIT()
NAMED_UNIT(*)
SI_UNIT($,.METRE.)
);
#8664=PRODUCT_DEFINITION_SHAPE('','',#8665);
#8665=PRODUCT_DEFINITION('','',#8667,#8666);
#8666=PRODUCT_DEFINITION_CONTEXT('',#8673,'design');
#8667=PRODUCT_DEFINITION_FORMATION_WITH_SPECIFIED_SOURCE('','',#8669,
 .NOT_KNOWN.);
#8668=PRODUCT_RELATED_PRODUCT_CATEGORY('','',(#8669));
#8669=PRODUCT('planet','planet','planet',(#8671));
#8670=PRODUCT_CATEGORY('','');
#8671=PRODUCT_CONTEXT('',#8673,'mechanical');
#8672=APPLICATION_PROTOCOL_DEFINITION('international standard',
'ap242_managed_model_based_3d_engineering',2020,#8673);
#8673=APPLICATION_CONTEXT('managed model based 3d engineering');
ENDSEC;
END-ISO-10303-21;
